ISO-10303-21;
HEADER;
FILE_DESCRIPTION (( 'STEP AP214' ),
    '1' );
FILE_NAME ('Part1-stepFile.STEP',
    '2026-07-31T18:24:41',
    ( '' ),
    ( '' ),
    'SwSTEP 2.0',
    'SolidWorks 2025',
    '' );
FILE_SCHEMA (( 'AUTOMOTIVE_DESIGN' ));
ENDSEC;

DATA;
#1 = DIRECTION ( 'NONE',  ( -1.000000000000000000, 0.000000000000000000, 0.000000000000000000 ) ) ;
#2 = DIRECTION ( 'NONE',  ( -0.000000000000000000, 1.000000000000000000, -0.000000000000000000 ) ) ;
#3 = EDGE_CURVE ( 'NONE', #692, #650, #170, .T. ) ;
#4 = EDGE_CURVE ( 'NONE', #3288, #1459, #1556, .T. ) ;
#5 = CARTESIAN_POINT ( 'NONE',  ( 7.347880794884120722E-16, 0.000000000000000000, -43.50000000000000711 ) ) ;
#6 = DIRECTION ( 'NONE',  ( -0.000000000000000000, 1.000000000000000000, -0.000000000000000000 ) ) ;
#7 = DIRECTION ( 'NONE',  ( 0.000000000000000000, 0.000000000000000000, 1.000000000000000000 ) ) ;
#8 = EDGE_CURVE ( 'NONE', #2634, #2335, #3343, .T. ) ;
#9 = ORIENTED_EDGE ( 'NONE', *, *, #3106, .F. ) ;
#10 = FACE_OUTER_BOUND ( 'NONE', #2000, .T. ) ;
#11 = ORIENTED_EDGE ( 'NONE', *, *, #1651, .T. ) ;
#12 = DIRECTION ( 'NONE',  ( -1.000000000000000000, 0.000000000000000000, 0.000000000000000000 ) ) ;
#13 = DIRECTION ( 'NONE',  ( -0.000000000000000000, 1.000000000000000000, -0.000000000000000000 ) ) ;
#14 = ORIENTED_EDGE ( 'NONE', *, *, #2739, .T. ) ;
#15 = DIRECTION ( 'NONE',  ( 0.000000000000000000, -0.000000000000000000, -1.000000000000000000 ) ) ;
#16 = EDGE_LOOP ( 'NONE', ( #2592, #3648 ) ) ;
#17 = AXIS2_PLACEMENT_3D ( 'NONE', #3802, #984, #2247 ) ;
#18 = EDGE_CURVE ( 'NONE', #2994, #3600, #2019, .T. ) ;
#19 = CARTESIAN_POINT ( 'NONE',  ( 19.58417963559686115, 54.08713133308900467, -25.32767485934208551 ) ) ;
#20 = AXIS2_PLACEMENT_3D ( 'NONE', #433, #3825, #970 ) ;
#21 = AXIS2_PLACEMENT_3D ( 'NONE', #3909, #821, #2015 ) ;
#22 = CARTESIAN_POINT ( 'NONE',  ( 0.000000000000000000, -2.000000000000000000, 0.000000000000000000 ) ) ;
#23 = FACE_OUTER_BOUND ( 'NONE', #1326, .T. ) ;
#24 = CONICAL_SURFACE ( 'NONE', #1213, 23.00000000000000355, 0.1030816085227004020 ) ;
#25 = AXIS2_PLACEMENT_3D ( 'NONE', #2678, #1483, #1423 ) ;
#26 = CARTESIAN_POINT ( 'NONE',  ( 0.000000000000000000, 130.5000000000000000, 0.000000000000000000 ) ) ;
#27 = DIRECTION ( 'NONE',  ( 0.000000000000000000, 0.000000000000000000, 1.000000000000000000 ) ) ;
#28 = EDGE_CURVE ( 'NONE', #1167, #3715, #3970, .T. ) ;
#29 = EDGE_CURVE ( 'NONE', #4005, #823, #3995, .T. ) ;
#30 = DIRECTION ( 'NONE',  ( 0.000000000000000000, 0.000000000000000000, 1.000000000000000000 ) ) ;
#31 = CIRCLE ( 'NONE', #2923, 1.999999999999994893 ) ;
#32 = DIRECTION ( 'NONE',  ( -0.000000000000000000, -0.000000000000000000, 1.000000000000000000 ) ) ;
#33 = ADVANCED_FACE ( 'NONE', ( #2295 ), #2619, .F. ) ;
#34 = VERTEX_POINT ( 'NONE', #2359 ) ;
#35 = DIRECTION ( 'NONE',  ( -1.000000000000000000, 0.000000000000000000, 0.000000000000000000 ) ) ;
#36 = CARTESIAN_POINT ( 'NONE',  ( 4.000000000000005329, 86.00000000000000000, -61.00000000000000000 ) ) ;
#37 = ADVANCED_FACE ( 'NONE', ( #781 ), #3295, .F. ) ;
#38 = AXIS2_PLACEMENT_3D ( 'NONE', #425, #1042, #982 ) ;
#39 = EDGE_LOOP ( 'NONE', ( #3816, #712, #2288 ) ) ;
#40 = ORIENTED_EDGE ( 'NONE', *, *, #3057, .T. ) ;
#41 = CARTESIAN_POINT ( 'NONE',  ( 18.90510776121903547, 113.0698124409208560, 31.40952585564118493 ) ) ;
#42 = EDGE_LOOP ( 'NONE', ( #3824, #3918, #2758, #3632 ) ) ;
#43 = DIRECTION ( 'NONE',  ( 0.9296590385608262119, -0.3684210526315787604, 0.000000000000000000 ) ) ;
#44 = CARTESIAN_POINT ( 'NONE',  ( 6.000769315822032515E-15, 11.99999999999999822, 48.00000000000001421 ) ) ;
#45 = DIRECTION ( 'NONE',  ( 0.3684210526315782608, -0.9296590385608264340, 0.000000000000000000 ) ) ;
#46 = CIRCLE ( 'NONE', #2231, 32.00000000000001421 ) ;
#47 = CARTESIAN_POINT ( 'NONE',  ( 60.00000000000000000, 109.9999999999999858, 24.00000000000000355 ) ) ;
#48 = DIRECTION ( 'NONE',  ( -0.000000000000000000, -0.000000000000000000, -1.000000000000000000 ) ) ;
#49 = CIRCLE ( 'NONE', #3398, 18.00000000000000000 ) ;
#50 = DIRECTION ( 'NONE',  ( 0.000000000000000000, -1.000000000000000000, 0.000000000000000000 ) ) ;
#51 = ORIENTED_EDGE ( 'NONE', *, *, #3677, .T. ) ;
#52 = CARTESIAN_POINT ( 'NONE',  ( 62.00000000000000000, 109.9999999999999858, 24.00000000000000355 ) ) ;
#53 = DIRECTION ( 'NONE',  ( 1.000000000000000000, 0.000000000000000000, 0.000000000000000000 ) ) ;
#54 = AXIS2_PLACEMENT_3D ( 'NONE', #745, #1432, #2935 ) ;
#55 = ORIENTED_EDGE ( 'NONE', *, *, #782, .F. ) ;
#56 = ADVANCED_FACE ( 'NONE', ( #2995 ), #3217, .F. ) ;
#57 = CARTESIAN_POINT ( 'NONE',  ( 54.50000000000000000, 86.00000000000000000, 26.00000000000000000 ) ) ;
#58 = AXIS2_PLACEMENT_3D ( 'NONE', #1696, #3914, #1100 ) ;
#59 = ORIENTED_EDGE ( 'NONE', *, *, #3583, .T. ) ;
#60 = DIRECTION ( 'NONE',  ( -1.224646799147351482E-16, 0.000000000000000000, -1.000000000000000000 ) ) ;
#61 =( NAMED_UNIT ( * ) SI_UNIT ( $, .STERADIAN. ) SOLID_ANGLE_UNIT ( ) );
#62 = EDGE_CURVE ( 'NONE', #2901, #1712, #3526, .T. ) ;
#63 = ORIENTED_EDGE ( 'NONE', *, *, #3800, .T. ) ;
#64 = CARTESIAN_POINT ( 'NONE',  ( 0.000000000000000000, 11.99999999999999822, -48.00000000000001421 ) ) ;
#65 = DIRECTION ( 'NONE',  ( 1.000000000000000000, 0.000000000000000000, 0.000000000000000000 ) ) ;
#66 = AXIS2_PLACEMENT_3D ( 'NONE', #2194, #3674, #3419 ) ;
#67 = VERTEX_POINT ( 'NONE', #525 ) ;
#68 = CARTESIAN_POINT ( 'NONE',  ( 36.00000000000001421, 86.00000000000000000, 45.00000000000001421 ) ) ;
#69 = DIRECTION ( 'NONE',  ( -1.445602896647339656E-16, 1.000000000000000000, 0.000000000000000000 ) ) ;
#70 = DIRECTION ( 'NONE',  ( -1.000000000000000000, 0.000000000000000000, 0.000000000000000000 ) ) ;
#71 = CARTESIAN_POINT ( 'NONE',  ( 36.00000000000000000, 86.00000000000000000, -61.00000000000000000 ) ) ;
#72 = ORIENTED_EDGE ( 'NONE', *, *, #29, .T. ) ;
#73 = CYLINDRICAL_SURFACE ( 'NONE', #902, 24.00000000000000000 ) ;
#74 = CYLINDRICAL_SURFACE ( 'NONE', #3780, 6.000000000000007105 ) ;
#75 = EDGE_LOOP ( 'NONE', ( #2531, #467, #502, #2389 ) ) ;
#76 = DIRECTION ( 'NONE',  ( -0.000000000000000000, -0.000000000000000000, -1.000000000000000000 ) ) ;
#77 = ORIENTED_EDGE ( 'NONE', *, *, #3683, .F. ) ;
#78 = CARTESIAN_POINT ( 'NONE',  ( 0.000000000000000000, 9.999999999999994671, 0.000000000000000000 ) ) ;
#79 = ADVANCED_FACE ( 'NONE', ( #3039 ), #3074, .F. ) ;
#80 = EDGE_CURVE ( 'NONE', #2523, #3579, #2224, .T. ) ;
#81 = ORIENTED_EDGE ( 'NONE', *, *, #1797, .F. ) ;
#82 = FACE_OUTER_BOUND ( 'NONE', #2430, .T. ) ;
#83 = EDGE_CURVE ( 'NONE', #823, #3695, #578, .T. ) ;
#84 = CIRCLE ( 'NONE', #2193, 24.00000000000001421 ) ;
#85 = VERTEX_POINT ( 'NONE', #2706 ) ;
#86 = CARTESIAN_POINT ( 'NONE',  ( 36.00000000000000000, 86.00000000000000000, 50.00100000000003320 ) ) ;
#87 = CIRCLE ( 'NONE', #289, 2.000000000000002220 ) ;
#88 = CARTESIAN_POINT ( 'NONE',  ( 60.00000000000000711, 62.00000000000000711, -24.00000000000002842 ) ) ;
#89 = FACE_OUTER_BOUND ( 'NONE', #504, .T. ) ;
#90 = DIRECTION ( 'NONE',  ( 0.000000000000000000, -0.000000000000000000, 1.000000000000000000 ) ) ;
#91 = CIRCLE ( 'NONE', #618, 24.00000000000000355 ) ;
#92 = ORIENTED_EDGE ( 'NONE', *, *, #2825, .T. ) ;
#93 = CARTESIAN_POINT ( 'NONE',  ( 74.00000000000000000, 86.00000000000000000, -61.00000000000000000 ) ) ;
#94 = CARTESIAN_POINT ( 'NONE',  ( 68.00000000000000000, 0.000000000000000000, 24.00000000000001421 ) ) ;
#95 = EDGE_LOOP ( 'NONE', ( #3025, #1170 ) ) ;
#96 = CARTESIAN_POINT ( 'NONE',  ( 36.92275598443889351, 54.01247574332506929, 24.46125653099118580 ) ) ;
#97 = VERTEX_POINT ( 'NONE', #1180 ) ;
#98 = CARTESIAN_POINT ( 'NONE',  ( 60.00000000000000711, 61.99999999999999289, -26.00000000000000000 ) ) ;
#99 = CIRCLE ( 'NONE', #2795, 5.999999999999998224 ) ;
#100 = ORIENTED_EDGE ( 'NONE', *, *, #3177, .F. ) ;
#101 = FACE_OUTER_BOUND ( 'NONE', #3844, .T. ) ;
#102 = CIRCLE ( 'NONE', #2219, 6.000000000000007105 ) ;
#103 = ORIENTED_EDGE ( 'NONE', *, *, #805, .T. ) ;
#104 = EDGE_CURVE ( 'NONE', #2790, #3865, #3010, .T. ) ;
#105 = CARTESIAN_POINT ( 'NONE',  ( 37.50000000000000711, 11.99999999999999822, 1.309305502066175324E-13 ) ) ;
#106 = EDGE_CURVE ( 'NONE', #899, #772, #31, .T. ) ;
#107 = DIRECTION ( 'NONE',  ( 0.000000000000000000, -0.000000000000000000, -1.000000000000000000 ) ) ;
#108 = FACE_OUTER_BOUND ( 'NONE', #980, .T. ) ;
#109 = EDGE_CURVE ( 'NONE', #2526, #3251, #2725, .T. ) ;
#110 = DIRECTION ( 'NONE',  ( 1.000000000000000000, 0.000000000000000000, 0.000000000000000000 ) ) ;
#111 = ORIENTED_EDGE ( 'NONE', *, *, #3158, .F. ) ;
#112 = DIRECTION ( 'NONE',  ( -1.000000000000000000, -2.312964634635742464E-16, 0.000000000000000000 ) ) ;
#113 = CARTESIAN_POINT ( 'NONE',  ( 60.00000000000000711, 59.99999999999999289, -26.00000000000000000 ) ) ;
#114 = VECTOR ( 'NONE', #4068, 999.9999999999998863 ) ;
#115 = EDGE_CURVE ( 'NONE', #2708, #2113, #499, .T. ) ;
#116 = ORIENTED_EDGE ( 'NONE', *, *, #3808, .T. ) ;
#117 = CARTESIAN_POINT ( 'NONE',  ( -2.000000000000001776, 86.00000000000000000, -61.00000000000000000 ) ) ;
#118 = ORIENTED_EDGE ( 'NONE', *, *, #973, .F. ) ;
#119 = DIRECTION ( 'NONE',  ( 0.000000000000000000, 0.000000000000000000, 1.000000000000000000 ) ) ;
#120 = AXIS2_PLACEMENT_3D ( 'NONE', #3464, #3833, #683 ) ;
#121 = VECTOR ( 'NONE', #3544, 1000.000000000000114 ) ;
#122 = ORIENTED_EDGE ( 'NONE', *, *, #3206, .F. ) ;
#123 = PLANE ( 'NONE',  #549 ) ;
#124 = SPHERICAL_SURFACE ( 'NONE', #2404, 32.00000000000000000 ) ;
#125 = ORIENTED_EDGE ( 'NONE', *, *, #1673, .F. ) ;
#126 = CARTESIAN_POINT ( 'NONE',  ( 36.00000000000000000, 86.00000000000000000, 50.00100000000003320 ) ) ;
#127 = VERTEX_POINT ( 'NONE', #4000 ) ;
#128 = VECTOR ( 'NONE', #1392, 1000.000000000000000 ) ;
#129 = CARTESIAN_POINT ( 'NONE',  ( 74.00000000000000000, 86.00000000000000000, -63.00000000000000000 ) ) ;
#130 = CYLINDRICAL_SURFACE ( 'NONE', #2130, 6.000000000000005329 ) ;
#131 = EDGE_CURVE ( 'NONE', #1810, #911, #1876, .T. ) ;
#132 = DIRECTION ( 'NONE',  ( -0.000000000000000000, 1.000000000000000000, -0.000000000000000000 ) ) ;
#133 = EDGE_LOOP ( 'NONE', ( #3208, #118 ) ) ;
#134 = DIRECTION ( 'NONE',  ( 0.000000000000000000, 0.000000000000000000, -1.000000000000000000 ) ) ;
#135 = CARTESIAN_POINT ( 'NONE',  ( 7.347880794884118750E-16, -2.000000000000000000, -43.50000000000000711 ) ) ;
#136 = ADVANCED_FACE ( 'NONE', ( #4039, #3379 ), #3979, .T. ) ;
#137 = EDGE_LOOP ( 'NONE', ( #3476, #2913, #2434, #2386, #3745, #840, #2178, #81 ) ) ;
#138 = LINE ( 'NONE', #1395, #609 ) ;
#139 = ORIENTED_EDGE ( 'NONE', *, *, #434, .F. ) ;
#140 = LINE ( 'NONE', #1398, #2291 ) ;
#141 = DIRECTION ( 'NONE',  ( -1.000000000000000000, 0.000000000000000000, 0.000000000000000000 ) ) ;
#142 = ORIENTED_EDGE ( 'NONE', *, *, #3927, .T. ) ;
#143 = DIRECTION ( 'NONE',  ( 0.000000000000000000, 0.000000000000000000, -1.000000000000000000 ) ) ;
#144 = DIRECTION ( 'NONE',  ( 0.000000000000000000, 0.000000000000000000, 1.000000000000000000 ) ) ;
#145 = VERTEX_POINT ( 'NONE', #3956 ) ;
#146 = ORIENTED_EDGE ( 'NONE', *, *, #1692, .F. ) ;
#147 = VERTEX_POINT ( 'NONE', #2380 ) ;
#148 = DIRECTION ( 'NONE',  ( 0.000000000000000000, 0.000000000000000000, 1.000000000000000000 ) ) ;
#149 = AXIS2_PLACEMENT_3D ( 'NONE', #3527, #667, #1310 ) ;
#150 = CARTESIAN_POINT ( 'NONE',  ( 0.000000000000000000, 59.99999999999998579, 0.000000000000000000 ) ) ;
#151 = CIRCLE ( 'NONE', #3564, 18.49999999999998934 ) ;
#152 = AXIS2_PLACEMENT_3D ( 'NONE', #3996, #2492, #2440 ) ;
#153 = DIRECTION ( 'NONE',  ( 1.224646799147353207E-16, 1.000000000000000000, 0.000000000000000000 ) ) ;
#154 = ADVANCED_FACE ( 'NONE', ( #1161, #4017 ), #884, .F. ) ;
#155 = EDGE_LOOP ( 'NONE', ( #1384, #635, #2366, #2229, #1551 ) ) ;
#156 = DIRECTION ( 'NONE',  ( -1.000000000000000000, 0.000000000000000000, 0.000000000000000000 ) ) ;
#157 = DIRECTION ( 'NONE',  ( 1.156482317317871725E-16, -1.000000000000000000, 0.000000000000000000 ) ) ;
#158 = TOROIDAL_SURFACE ( 'NONE', #2918, 24.71899013595717776, 4.000000000000000000 ) ;
#159 = ORIENTED_EDGE ( 'NONE', *, *, #3547, .T. ) ;
#160 = ADVANCED_FACE ( 'NONE', ( #2147 ), #2209, .F. ) ;
#161 = CARTESIAN_POINT ( 'NONE',  ( 32.32041507517327972, 54.19891232229921485, 25.83203657382889773 ) ) ;
#162 = EDGE_CURVE ( 'NONE', #2185, #85, #848, .T. ) ;
#163 = ORIENTED_EDGE ( 'NONE', *, *, #162, .T. ) ;
#164 = LINE ( 'NONE', #1460, #1764 ) ;
#165 = DIRECTION ( 'NONE',  ( 1.000000000000000000, 0.000000000000000000, -1.224646799147353207E-16 ) ) ;
#166 = EDGE_LOOP ( 'NONE', ( #2755, #1726, #1603, #2824 ) ) ;
#167 = LINE ( 'NONE', #1422, #3829 ) ;
#168 = CARTESIAN_POINT ( 'NONE',  ( 24.94736842105263719, 113.8897711568247786, -63.00000000000000000 ) ) ;
#169 = VERTEX_POINT ( 'NONE', #2108 ) ;
#170 = LINE ( 'NONE', #1076, #2807 ) ;
#171 = EDGE_LOOP ( 'NONE', ( #3682, #1282, #1828, #431 ) ) ;
#172 = CARTESIAN_POINT ( 'NONE',  ( 3.429011037612589276E-15, 130.5000000000000000, -28.00000000000000000 ) ) ;
#173 = DIRECTION ( 'NONE',  ( -0.000000000000000000, -0.000000000000000000, -1.000000000000000000 ) ) ;
#174 = VECTOR ( 'NONE', #1774, 1000.000000000000114 ) ;
#175 = CARTESIAN_POINT ( 'NONE',  ( 8.196223484536091064, 86.00000000000000000, -59.00000000000000000 ) ) ;
#176 = EDGE_LOOP ( 'NONE', ( #669, #3819, #3830, #2347 ) ) ;
#177 = PLANE ( 'NONE',  #1834 ) ;
#178 = FACE_OUTER_BOUND ( 'NONE', #3735, .T. ) ;
#179 = AXIS2_PLACEMENT_3D ( 'NONE', #3542, #1739, #417 ) ;
#180 = VERTEX_POINT ( 'NONE', #3317 ) ;
#181 = ORIENTED_EDGE ( 'NONE', *, *, #2687, .T. ) ;
#182 = CARTESIAN_POINT ( 'NONE',  ( 36.00000000000001421, 86.00000000000000000, 41.00000000000000711 ) ) ;
#183 = SPHERICAL_SURFACE ( 'NONE', #759, 2.000000000000000000 ) ;
#184 = VECTOR ( 'NONE', #1318, 1000.000000000000000 ) ;
#185 = EDGE_CURVE ( 'NONE', #744, #1108, #3360, .T. ) ;
#186 = ORIENTED_EDGE ( 'NONE', *, *, #2040, .T. ) ;
#187 = DIRECTION ( 'NONE',  ( -0.000000000000000000, -0.000000000000000000, -1.000000000000000000 ) ) ;
#188 = AXIS2_PLACEMENT_3D ( 'NONE', #2914, #2836, #2283 ) ;
#189 = DIRECTION ( 'NONE',  ( -0.000000000000000000, 1.000000000000000000, -0.000000000000000000 ) ) ;
#190 = EDGE_CURVE ( 'NONE', #147, #352, #3016, .T. ) ;
#191 = AXIS2_PLACEMENT_3D ( 'NONE', #3503, #995, #2255 ) ;
#192 = VERTEX_POINT ( 'NONE', #824 ) ;
#193 = DIRECTION ( 'NONE',  ( 0.000000000000000000, 0.000000000000000000, -1.000000000000000000 ) ) ;
#194 = ORIENTED_EDGE ( 'NONE', *, *, #2479, .F. ) ;
#195 = CARTESIAN_POINT ( 'NONE',  ( 37.50000000000000711, -2.000000000000000000, -5.999999999999868550 ) ) ;
#196 = CYLINDRICAL_SURFACE ( 'NONE', #3309, 12.49999999999999645 ) ;
#197 = EDGE_LOOP ( 'NONE', ( #3539, #2705 ) ) ;
#198 = DIRECTION ( 'NONE',  ( 0.000000000000000000, 0.000000000000000000, 1.000000000000000000 ) ) ;
#199 = CYLINDRICAL_SURFACE ( 'NONE', #3874, 5.999999999999998224 ) ;
#200 = EDGE_LOOP ( 'NONE', ( #3425, #1075 ) ) ;
#201 = EDGE_LOOP ( 'NONE', ( #2352, #3965, #3234, #3259, #464 ) ) ;
#202 = CARTESIAN_POINT ( 'NONE',  ( -20.00000000000001421, 86.00000000000000000, -63.00000000000000000 ) ) ;
#203 = FACE_OUTER_BOUND ( 'NONE', #39, .T. ) ;
#204 = CIRCLE ( 'NONE', #1914, 15.49999999999998934 ) ;
#205 = ORIENTED_EDGE ( 'NONE', *, *, #541, .T. ) ;
#206 = LINE ( 'NONE', #1253, #1932 ) ;
#207 = DIRECTION ( 'NONE',  ( 0.000000000000000000, 0.000000000000000000, -1.000000000000000000 ) ) ;
#208 = EDGE_CURVE ( 'NONE', #677, #2780, #3580, .T. ) ;
#209 = ADVANCED_FACE ( 'NONE', ( #598 ), #1917, .F. ) ;
#210 = ORIENTED_EDGE ( 'NONE', *, *, #2800, .T. ) ;
#211 = DIRECTION ( 'NONE',  ( -2.312964634635742464E-16, 1.000000000000000000, 0.000000000000000000 ) ) ;
#212 = EDGE_CURVE ( 'NONE', #2723, #3606, #2212, .T. ) ;
#213 = CARTESIAN_POINT ( 'NONE',  ( 0.000000000000000000, 109.9999999999999716, -26.00000000000000000 ) ) ;
#214 = DIRECTION ( 'NONE',  ( 0.000000000000000000, 0.000000000000000000, -1.000000000000000000 ) ) ;
#215 = CARTESIAN_POINT ( 'NONE',  ( 3.918869757271532630E-15, 52.97999199359360034, -32.00000000000001421 ) ) ;
#216 = AXIS2_PLACEMENT_3D ( 'NONE', #2415, #3659, #2096 ) ;
#217 = TOROIDAL_SURFACE ( 'NONE', #2721, 16.00000000000000711, 2.000000000000000000 ) ;
#218 = EDGE_LOOP ( 'NONE', ( #3092, #241, #1971, #2574 ) ) ;
#219 = CARTESIAN_POINT ( 'NONE',  ( -4.625929269271489858E-16, 111.9999999999999716, 0.000000000000000000 ) ) ;
#220 = ORIENTED_EDGE ( 'NONE', *, *, #2624, .F. ) ;
#221 = CARTESIAN_POINT ( 'NONE',  ( 36.00000000000000000, 86.00000000000000000, -61.00000000000000000 ) ) ;
#222 = CONICAL_SURFACE ( 'NONE', #3895, 16.52499999999999858, 0.7853981633974466137 ) ;
#223 = CYLINDRICAL_SURFACE ( 'NONE', #3391, 8.000000000000000000 ) ;
#224 = AXIS2_PLACEMENT_3D ( 'NONE', #595, #1853, #1539 ) ;
#225 = DIRECTION ( 'NONE',  ( -0.000000000000000000, -0.000000000000000000, 1.000000000000000000 ) ) ;
#226 = DIRECTION ( 'NONE',  ( 0.000000000000000000, 0.000000000000000000, 1.000000000000000000 ) ) ;
#227 = EDGE_LOOP ( 'NONE', ( #2710, #690, #853 ) ) ;
#228 = EDGE_CURVE ( 'NONE', #127, #2137, #3788, .T. ) ;
#229 = DIRECTION ( 'NONE',  ( 0.9296590385608259899, 0.3684210526315789269, 0.000000000000000000 ) ) ;
#230 = DIRECTION ( 'NONE',  ( 0.000000000000000000, 0.000000000000000000, -1.000000000000000000 ) ) ;
#231 = AXIS2_PLACEMENT_3D ( 'NONE', #243, #1498, #1869 ) ;
#232 = CARTESIAN_POINT ( 'NONE',  ( 14.49076596690330732, 116.6028120693086834, 28.54749240732512305 ) ) ;
#233 = EDGE_CURVE ( 'NONE', #1108, #1543, #1285, .T. ) ;
#234 = EDGE_CURVE ( 'NONE', #3169, #1494, #3725, .T. ) ;
#235 = CARTESIAN_POINT ( 'NONE',  ( 11.99999999999999289, 86.00000000000000000, -75.00000000000000000 ) ) ;
#236 = DIRECTION ( 'NONE',  ( 0.000000000000000000, 0.000000000000000000, 1.000000000000000000 ) ) ;
#237 = EDGE_CURVE ( 'NONE', #3119, #2666, #3651, .T. ) ;
#238 = CIRCLE ( 'NONE', #3720, 19.52500000000000213 ) ;
#239 = ORIENTED_EDGE ( 'NONE', *, *, #3380, .F. ) ;
#240 = DIRECTION ( 'NONE',  ( 0.000000000000000000, 0.000000000000000000, 1.000000000000000000 ) ) ;
#241 = ORIENTED_EDGE ( 'NONE', *, *, #581, .T. ) ;
#242 = CARTESIAN_POINT ( 'NONE',  ( 36.00000000000000000, 86.00000000000000000, -63.00000000000000000 ) ) ;
#243 = CARTESIAN_POINT ( 'NONE',  ( 74.00000000000000000, 86.00000000000000000, -63.00000000000000000 ) ) ;
#244 = ORIENTED_EDGE ( 'NONE', *, *, #1467, .T. ) ;
#245 = DIRECTION ( 'NONE',  ( -1.000000000000000000, -0.000000000000000000, -0.000000000000000000 ) ) ;
#246 = CARTESIAN_POINT ( 'NONE',  ( -24.00000000000001421, 109.9999999999999716, 0.000000000000000000 ) ) ;
#247 = CYLINDRICAL_SURFACE ( 'NONE', #564, 50.00000000000001421 ) ;
#248 = VECTOR ( 'NONE', #1131, 1000.000000000000000 ) ;
#249 = VERTEX_POINT ( 'NONE', #2189 ) ;
#250 = CARTESIAN_POINT ( 'NONE',  ( 68.00000000000000000, 118.0000000000000000, -32.00000000000000711 ) ) ;
#251 = VECTOR ( 'NONE', #112, 1000.000000000000000 ) ;
#252 = CARTESIAN_POINT ( 'NONE',  ( 21.16601048851673283, 118.0000000000000000, 24.00000000000001421 ) ) ;
#253 = AXIS2_PLACEMENT_3D ( 'NONE', #419, #3561, #2663 ) ;
#254 = LINE ( 'NONE', #1509, #313 ) ;
#255 = CARTESIAN_POINT ( 'NONE',  ( 21.16601048851671862, 54.00000000000000711, -24.00000000000002487 ) ) ;
#256 = EDGE_CURVE ( 'NONE', #826, #1459, #308, .T. ) ;
#257 = ORIENTED_EDGE ( 'NONE', *, *, #2412, .T. ) ;
#258 = CARTESIAN_POINT ( 'NONE',  ( 0.000000000000000000, -2.000000000000000000, -12.49999999999999645 ) ) ;
#259 = ADVANCED_FACE ( 'NONE', ( #330 ), #1350, .T. ) ;
#260 = ORIENTED_EDGE ( 'NONE', *, *, #185, .F. ) ;
#261 = FACE_OUTER_BOUND ( 'NONE', #3452, .T. ) ;
#262 = AXIS2_PLACEMENT_3D ( 'NONE', #1185, #584, #1843 ) ;
#263 = CARTESIAN_POINT ( 'NONE',  ( 62.51842865466740307, 103.9389004492614959, 31.61798718893687976 ) ) ;
#264 = EDGE_LOOP ( 'NONE', ( #1983, #371, #2080, #3142 ) ) ;
#265 = CARTESIAN_POINT ( 'NONE',  ( 45.16144362561355763, 55.32497463830820550, 28.43603822497068379 ) ) ;
#266 = ORIENTED_EDGE ( 'NONE', *, *, #703, .T. ) ;
#267 = DIRECTION ( 'NONE',  ( -1.000000000000000000, 0.000000000000000000, 0.000000000000000000 ) ) ;
#268 = B_SPLINE_CURVE_WITH_KNOTS ( 'NONE', 3,
 ( #309, #599, #3747, #3436, #3112, #291, #1545, #3154, #1522, #271, #621, #4018, #1567, #1881, #3766, #4056, #1240, #947, #507, #1201, #2213, #2149 ),
 .UNSPECIFIED., .F., .F.,
 ( 4, 2, 2, 2, 2, 2, 2, 2, 2, 2, 4 ),
 ( -3.577709121775823409E-05, 0.0007342945286952029874, 0.001504366148608164222, 0.003044509388434084307, 0.006124795868085905828, 0.009205082347737727350, 0.01228536882738954887, 0.01536565530704137039, 0.01844594178669319365, 0.02152622826634501343, 0.02460651474599683669 ),
 .UNSPECIFIED. ) ;
#269 = VERTEX_POINT ( 'NONE', #915 ) ;
#270 = DIRECTION ( 'NONE',  ( 1.000000000000000000, 0.000000000000000000, 0.000000000000000000 ) ) ;
#271 = CARTESIAN_POINT ( 'NONE',  ( 42.42346535095050086, 117.3624074975033409, 27.16469680532986075 ) ) ;
#272 = DIRECTION ( 'NONE',  ( -0.000000000000000000, -0.000000000000000000, 1.000000000000000000 ) ) ;
#273 = DIRECTION ( 'NONE',  ( 1.000000000000000000, 0.000000000000000000, 0.000000000000000000 ) ) ;
#274 = VERTEX_POINT ( 'NONE', #4047 ) ;
#275 = EDGE_CURVE ( 'NONE', #3064, #2676, #3440, .T. ) ;
#276 = VERTEX_POINT ( 'NONE', #323 ) ;
#277 = LINE ( 'NONE', #2116, #114 ) ;
#278 = CARTESIAN_POINT ( 'NONE',  ( 68.00000000000000000, 86.00000000000000000, 24.00000000000002132 ) ) ;
#279 = CIRCLE ( 'NONE', #2516, 30.00000000000000000 ) ;
#280 = AXIS2_PLACEMENT_3D ( 'NONE', #1410, #2640, #803 ) ;
#281 = EDGE_CURVE ( 'NONE', #772, #2626, #2182, .T. ) ;
#282 = ORIENTED_EDGE ( 'NONE', *, *, #612, .F. ) ;
#283 = EDGE_CURVE ( 'NONE', #2660, #3541, #3063, .T. ) ;
#284 = AXIS2_PLACEMENT_3D ( 'NONE', #765, #2365, #1124 ) ;
#285 = DIRECTION ( 'NONE',  ( 0.000000000000000000, 0.000000000000000000, -1.000000000000000000 ) ) ;
#286 = VERTEX_POINT ( 'NONE', #300 ) ;
#287 = CARTESIAN_POINT ( 'NONE',  ( 60.00000000000000711, 118.0000000000000000, 24.00000000000001421 ) ) ;
#288 = VECTOR ( 'NONE', #3147, 1000.000000000000000 ) ;
#289 = AXIS2_PLACEMENT_3D ( 'NONE', #1029, #1919, #1340 ) ;
#290 = EDGE_LOOP ( 'NONE', ( #1025, #2792, #1157, #2124 ) ) ;
#291 = CARTESIAN_POINT ( 'NONE',  ( 37.84353795260716424, 117.9501740597865762, 24.92079890088575667 ) ) ;
#292 = CARTESIAN_POINT ( 'NONE',  ( 0.000000000000000000, 130.5000000000000000, 0.000000000000000000 ) ) ;
#293 = AXIS2_PLACEMENT_3D ( 'NONE', #1985, #726, #2608 ) ;
#294 = DIRECTION ( 'NONE',  ( 1.224646799147354440E-16, 0.000000000000000000, -1.000000000000000000 ) ) ;
#295 = DIRECTION ( 'NONE',  ( 0.000000000000000000, -1.000000000000000000, 0.000000000000000000 ) ) ;
#296 = VERTEX_POINT ( 'NONE', #1555 ) ;
#297 = DIRECTION ( 'NONE',  ( 1.000000000000000000, 2.402780199220340596E-16, 0.000000000000000000 ) ) ;
#298 = EDGE_LOOP ( 'NONE', ( #139, #916, #2821, #1125 ) ) ;
#299 = DIRECTION ( 'NONE',  ( 0.000000000000000000, -1.000000000000000000, 0.000000000000000000 ) ) ;
#300 = CARTESIAN_POINT ( 'NONE',  ( 68.00000000000000000, 62.00000000000000711, 24.00000000000001421 ) ) ;
#301 = VECTOR ( 'NONE', #1962, 1000.000000000000000 ) ;
#302 = ORIENTED_EDGE ( 'NONE', *, *, #18, .F. ) ;
#303 = CARTESIAN_POINT ( 'NONE',  ( 68.00000000000000000, 62.00000000000000711, 32.00000000000001421 ) ) ;
#304 = ORIENTED_EDGE ( 'NONE', *, *, #1446, .F. ) ;
#305 = DIRECTION ( 'NONE',  ( -0.000000000000000000, -0.000000000000000000, 1.000000000000000000 ) ) ;
#306 = EDGE_CURVE ( 'NONE', #1352, #3251, #1783, .T. ) ;
#307 = DIRECTION ( 'NONE',  ( 0.000000000000000000, 0.000000000000000000, 1.000000000000000000 ) ) ;
#308 = LINE ( 'NONE', #1565, #820 ) ;
#309 = CARTESIAN_POINT ( 'NONE',  ( 36.00000000000000711, 118.0000000000000000, 24.00000000000001421 ) ) ;
#310 = EDGE_CURVE ( 'NONE', #3571, #3713, #1878, .T. ) ;
#311 = DIRECTION ( 'NONE',  ( -0.9296590385608259899, -0.3684210526315789269, 0.000000000000000000 ) ) ;
#312 = AXIS2_PLACEMENT_3D ( 'NONE', #221, #1947, #1659 ) ;
#313 = VECTOR ( 'NONE', #3197, 1000.000000000000114 ) ;
#314 = DIRECTION ( 'NONE',  ( 0.000000000000000000, 0.000000000000000000, -1.000000000000000000 ) ) ;
#315 = CYLINDRICAL_SURFACE ( 'NONE', #2911, 8.000000000000000000 ) ;
#316 = AXIS2_PLACEMENT_3D ( 'NONE', #86, #2950, #3873 ) ;
#317 = DIRECTION ( 'NONE',  ( -0.000000000000000000, -0.000000000000000000, 1.000000000000000000 ) ) ;
#318 = VECTOR ( 'NONE', #951, 1000.000000000000000 ) ;
#319 = ORIENTED_EDGE ( 'NONE', *, *, #1489, .F. ) ;
#320 = CARTESIAN_POINT ( 'NONE',  ( 4.000000000000005329, 86.00000000000000000, -73.00000000000000000 ) ) ;
#321 = ORIENTED_EDGE ( 'NONE', *, *, #131, .T. ) ;
#322 = DIRECTION ( 'NONE',  ( 1.000000000000000000, 1.156482317317870246E-16, 0.000000000000000000 ) ) ;
#323 = CARTESIAN_POINT ( 'NONE',  ( 0.000000000000000000, 130.5000000000000000, 24.02499999999999858 ) ) ;
#324 = ORIENTED_EDGE ( 'NONE', *, *, #2955, .F. ) ;
#325 = DIRECTION ( 'NONE',  ( -0.000000000000000000, -0.000000000000000000, -1.000000000000000000 ) ) ;
#326 = ORIENTED_EDGE ( 'NONE', *, *, #2776, .T. ) ;
#327 = CARTESIAN_POINT ( 'NONE',  ( -2.000000000000001776, 86.00000000000000000, -63.00000000000000000 ) ) ;
#328 = CARTESIAN_POINT ( 'NONE',  ( 0.000000000000000000, 0.000000000000000000, -61.00000000000000000 ) ) ;
#329 = ORIENTED_EDGE ( 'NONE', *, *, #3677, .F. ) ;
#330 = FACE_OUTER_BOUND ( 'NONE', #1431, .T. ) ;
#331 = EDGE_CURVE ( 'NONE', #3519, #1494, #2733, .T. ) ;
#332 = CARTESIAN_POINT ( 'NONE',  ( 36.00000000000001421, 86.00000000000000000, 45.00000000000001421 ) ) ;
#333 = EDGE_CURVE ( 'NONE', #3251, #286, #671, .T. ) ;
#334 = FACE_OUTER_BOUND ( 'NONE', #4045, .T. ) ;
#335 = CIRCLE ( 'NONE', #3225, 30.00000000000001421 ) ;
#336 = ADVANCED_FACE ( 'NONE', ( #3243 ), #652, .T. ) ;
#337 = EDGE_CURVE ( 'NONE', #127, #428, #2211, .T. ) ;
#338 = CARTESIAN_POINT ( 'NONE',  ( 36.00000000000000000, 86.00000000000000000, -59.20579830217100437 ) ) ;
#339 = CARTESIAN_POINT ( 'NONE',  ( 60.00000000000000711, 59.99999999999999289, -24.00000000000000000 ) ) ;
#340 = DIRECTION ( 'NONE',  ( -0.000000000000000000, -0.000000000000000000, 1.000000000000000000 ) ) ;
#341 = CARTESIAN_POINT ( 'NONE',  ( 36.00000000000000000, 86.00000000000000000, -73.00000000000000000 ) ) ;
#342 = VERTEX_POINT ( 'NONE', #1000 ) ;
#343 = CARTESIAN_POINT ( 'NONE',  ( 80.63157894736841058, 102.7338626940948672, -73.00000000000000000 ) ) ;
#344 = CARTESIAN_POINT ( 'NONE',  ( 60.00000000000000711, 109.9999999999999858, -24.00000000000001066 ) ) ;
#345 = VERTEX_POINT ( 'NONE', #3511 ) ;
#346 = DIRECTION ( 'NONE',  ( -0.000000000000000000, 1.000000000000000000, -0.000000000000000000 ) ) ;
#347 = VERTEX_POINT ( 'NONE', #3471 ) ;
#348 = LINE ( 'NONE', #1604, #3998 ) ;
#349 = AXIS2_PLACEMENT_3D ( 'NONE', #1297, #3491, #673 ) ;
#350 = FACE_BOUND ( 'NONE', #1031, .T. ) ;
#351 = TOROIDAL_SURFACE ( 'NONE', #1273, 30.00000000000000000, 2.000000000000000000 ) ;
#352 = VERTEX_POINT ( 'NONE', #1948 ) ;
#353 = AXIS2_PLACEMENT_3D ( 'NONE', #3915, #1101, #850 ) ;
#354 = CARTESIAN_POINT ( 'NONE',  ( 0.000000000000000000, 0.000000000000000000, -31.50000000000000711 ) ) ;
#355 = DIRECTION ( 'NONE',  ( 1.000000000000000000, 0.000000000000000000, 0.000000000000000000 ) ) ;
#356 = CIRCLE ( 'NONE', #3973, 6.000000000000007105 ) ;
#357 = TOROIDAL_SURFACE ( 'NONE', #2134, 48.00000000000001421, 2.000000000000000000 ) ;
#358 = DIRECTION ( 'NONE',  ( 1.000000000000000000, -0.000000000000000000, -0.000000000000000000 ) ) ;
#359 = CARTESIAN_POINT ( 'NONE',  ( 0.000000000000000000, 44.00000000000000711, -15.49999999999999289 ) ) ;
#360 = CYLINDRICAL_SURFACE ( 'NONE', #1487, 2.000000000000003553 ) ;
#361 = EDGE_CURVE ( 'NONE', #2598, #4070, #1542, .T. ) ;
#362 = CARTESIAN_POINT ( 'NONE',  ( 0.000000000000000000, -2.000000000000000000, 0.000000000000000000 ) ) ;
#363 = ORIENTED_EDGE ( 'NONE', *, *, #1802, .T. ) ;
#364 = DIRECTION ( 'NONE',  ( 1.000000000000000000, 0.000000000000000000, 0.000000000000000000 ) ) ;
#365 = DIRECTION ( 'NONE',  ( -1.000000000000000000, 0.000000000000000000, 0.000000000000000000 ) ) ;
#366 = ADVANCED_FACE ( 'NONE', ( #2897 ), #74, .F. ) ;
#367 = ORIENTED_EDGE ( 'NONE', *, *, #1345, .F. ) ;
#368 = CARTESIAN_POINT ( 'NONE',  ( 3.918869757271532630E-15, 133.0000000000000000, -32.00000000000001421 ) ) ;
#369 = EDGE_LOOP ( 'NONE', ( #1789, #1787, #3935, #2294 ) ) ;
#370 = FACE_OUTER_BOUND ( 'NONE', #3139, .T. ) ;
#371 = ORIENTED_EDGE ( 'NONE', *, *, #2979, .F. ) ;
#372 = VECTOR ( 'NONE', #2, 1000.000000000000000 ) ;
#373 = CARTESIAN_POINT ( 'NONE',  ( 74.00000000000000000, 86.00000000000000000, -63.00000000000000000 ) ) ;
#374 = DIRECTION ( 'NONE',  ( -0.000000000000000000, 0.000000000000000000, 1.000000000000000000 ) ) ;
#375 = DIRECTION ( 'NONE',  ( 0.000000000000000000, -1.000000000000000000, 0.000000000000000000 ) ) ;
#376 = VECTOR ( 'NONE', #1026, 1000.000000000000000 ) ;
#377 = CARTESIAN_POINT ( 'NONE',  ( 1.530808498934191127E-15, -2.000000000000000000, 12.49999999999999645 ) ) ;
#378 = CARTESIAN_POINT ( 'NONE',  ( 0.000000000000000000, -2.000000000000000000, -31.50000000000000711 ) ) ;
#379 = CIRCLE ( 'NONE', #843, 4.000000000000000000 ) ;
#380 = FACE_OUTER_BOUND ( 'NONE', #3032, .T. ) ;
#381 = ADVANCED_FACE ( 'NONE', ( #3224 ), #1910, .F. ) ;
#382 = ORIENTED_EDGE ( 'NONE', *, *, #3987, .T. ) ;
#383 = CARTESIAN_POINT ( 'NONE',  ( 0.000000000000000000, 62.00000000000000711, -32.00000000000002842 ) ) ;
#384 = CARTESIAN_POINT ( 'NONE',  ( -2.000000000000001776, 86.00000000000000000, -61.00000000000000000 ) ) ;
#385 = VERTEX_POINT ( 'NONE', #3166 ) ;
#386 = EDGE_CURVE ( 'NONE', #3257, #2057, #99, .T. ) ;
#387 = DIRECTION ( 'NONE',  ( 0.000000000000000000, -1.000000000000000000, 0.000000000000000000 ) ) ;
#388 = TOROIDAL_SURFACE ( 'NONE', #2167, 27.80377651546390538, 2.000000000000000000 ) ;
#389 = ORIENTED_EDGE ( 'NONE', *, *, #437, .T. ) ;
#390 = CARTESIAN_POINT ( 'NONE',  ( 46.13141297246182404, 116.4061736567421121, -61.00000000000000000 ) ) ;
#391 = ORIENTED_EDGE ( 'NONE', *, *, #3987, .F. ) ;
#392 = CIRCLE ( 'NONE', #2697, 16.00000000000001421 ) ;
#393 = DIRECTION ( 'NONE',  ( -1.000000000000000000, -1.156482317317869999E-16, 7.703719777548935530E-31 ) ) ;
#394 = AXIS2_PLACEMENT_3D ( 'NONE', #1704, #1106, #3346 ) ;
#395 = ORIENTED_EDGE ( 'NONE', *, *, #2853, .F. ) ;
#396 = CARTESIAN_POINT ( 'NONE',  ( 74.00000000000000000, 86.00000000000000000, -73.00000000000000000 ) ) ;
#397 = CARTESIAN_POINT ( 'NONE',  ( 68.00000000000000000, 109.9999999999999858, -32.00000000000000711 ) ) ;
#398 = CARTESIAN_POINT ( 'NONE',  ( 68.00000000000000000, 62.00000000000000711, 0.000000000000000000 ) ) ;
#399 = LINE ( 'NONE', #648, #1294 ) ;
#400 = DIRECTION ( 'NONE',  ( -0.000000000000000000, 0.000000000000000000, 1.000000000000000000 ) ) ;
#401 = ORIENTED_EDGE ( 'NONE', *, *, #1193, .F. ) ;
#402 = DIRECTION ( 'NONE',  ( -0.000000000000000000, 0.000000000000000000, 1.000000000000000000 ) ) ;
#403 = CARTESIAN_POINT ( 'NONE',  ( 0.000000000000000000, 61.99999999999998579, 0.000000000000000000 ) ) ;
#404 = EDGE_CURVE ( 'NONE', #411, #2336, #1018, .T. ) ;
#405 = ORIENTED_EDGE ( 'NONE', *, *, #331, .F. ) ;
#406 = FACE_OUTER_BOUND ( 'NONE', #3558, .T. ) ;
#407 = ORIENTED_EDGE ( 'NONE', *, *, #1144, .T. ) ;
#408 = CARTESIAN_POINT ( 'NONE',  ( 18.06109955073850060, 112.5184286546673604, 31.61798718893688687 ) ) ;
#409 = EDGE_CURVE ( 'NONE', #3991, #2835, #2413, .T. ) ;
#410 = ADVANCED_FACE ( 'NONE', ( #1597 ), #3846, .F. ) ;
#411 = VERTEX_POINT ( 'NONE', #2304 ) ;
#412 = DIRECTION ( 'NONE',  ( 2.223149070051142853E-16, -1.000000000000000000, 0.000000000000000000 ) ) ;
#413 = EDGE_CURVE ( 'NONE', #2505, #1584, #3779, .T. ) ;
#414 = CIRCLE ( 'NONE', #937, 2.000000000000001776 ) ;
#415 = AXIS2_PLACEMENT_3D ( 'NONE', #1158, #2677, #1401 ) ;
#416 = EDGE_LOOP ( 'NONE', ( #125, #3898 ) ) ;
#417 = DIRECTION ( 'NONE',  ( 0.000000000000000000, 0.000000000000000000, -1.000000000000000000 ) ) ;
#418 = CIRCLE ( 'NONE', #1007, 18.00000000000000355 ) ;
#419 = CARTESIAN_POINT ( 'NONE',  ( 60.00000000000000711, 62.00000000000000711, -24.00000000000002487 ) ) ;
#420 = DIRECTION ( 'NONE',  ( -0.000000000000000000, -1.000000000000000000, -0.000000000000000000 ) ) ;
#421 = VECTOR ( 'NONE', #3603, 1000.000000000000000 ) ;
#422 = LINE ( 'NONE', #2625, #1073 ) ;
#423 = ORIENTED_EDGE ( 'NONE', *, *, #237, .T. ) ;
#424 = PLANE ( 'NONE',  #3083 ) ;
#425 = CARTESIAN_POINT ( 'NONE',  ( 68.00000000000000000, 0.000000000000000000, 0.000000000000000000 ) ) ;
#426 = VERTEX_POINT ( 'NONE', #2915 ) ;
#427 = DIRECTION ( 'NONE',  ( 1.000000000000000000, 0.000000000000000000, 0.000000000000000000 ) ) ;
#428 = VERTEX_POINT ( 'NONE', #36 ) ;
#429 = DIRECTION ( 'NONE',  ( 0.000000000000000000, 0.000000000000000000, 1.000000000000000000 ) ) ;
#430 = AXIS2_PLACEMENT_3D ( 'NONE', #3551, #3861, #3797 ) ;
#431 = ORIENTED_EDGE ( 'NONE', *, *, #3281, .T. ) ;
#432 = LINE ( 'NONE', #2037, #2849 ) ;
#433 = CARTESIAN_POINT ( 'NONE',  ( 68.00000000000000000, 118.0000000000000000, 32.00000000000001421 ) ) ;
#434 = EDGE_CURVE ( 'NONE', #428, #1683, #1293, .T. ) ;
#435 = ORIENTED_EDGE ( 'NONE', *, *, #1992, .T. ) ;
#436 = CARTESIAN_POINT ( 'NONE',  ( 1.843519382951179120, 61.07921035102540941, 31.95017513750638471 ) ) ;
#437 = EDGE_CURVE ( 'NONE', #3556, #1314, #3945, .T. ) ;
#438 = ORIENTED_EDGE ( 'NONE', *, *, #3578, .F. ) ;
#439 = DIRECTION ( 'NONE',  ( -0.000000000000000000, 1.000000000000000000, -0.000000000000000000 ) ) ;
#440 = DIRECTION ( 'NONE',  ( 1.000000000000000000, 0.000000000000000000, 0.000000000000000000 ) ) ;
#441 = DIRECTION ( 'NONE',  ( 0.000000000000000000, -1.000000000000000000, 0.000000000000000000 ) ) ;
#442 = EDGE_LOOP ( 'NONE', ( #1226, #3618, #2890, #3371 ) ) ;
#443 = FACE_OUTER_BOUND ( 'NONE', #1781, .T. ) ;
#444 = DIRECTION ( 'NONE',  ( 1.000000000000000000, 0.000000000000000000, 0.000000000000000000 ) ) ;
#445 = AXIS2_PLACEMENT_3D ( 'NONE', #3680, #1554, #3757 ) ;
#446 = VERTEX_POINT ( 'NONE', #3655 ) ;
#447 = FACE_OUTER_BOUND ( 'NONE', #298, .T. ) ;
#448 = ORIENTED_EDGE ( 'NONE', *, *, #310, .T. ) ;
#449 = CARTESIAN_POINT ( 'NONE',  ( 17.50000000000002132, 86.00000000000000000, 41.00000000000000711 ) ) ;
#450 = AXIS2_PLACEMENT_3D ( 'NONE', #3097, #1164, #3117 ) ;
#451 = CARTESIAN_POINT ( 'NONE',  ( 67.99999999999998579, 86.00000000000000000, -73.00000000000000000 ) ) ;
#452 = CIRCLE ( 'NONE', #2760, 28.00000000000000000 ) ;
#453 = DIRECTION ( 'NONE',  ( -1.156482317317871725E-16, 1.000000000000000000, -0.000000000000000000 ) ) ;
#454 = CARTESIAN_POINT ( 'NONE',  ( 60.00000000000000711, 61.99999999999999289, -24.00000000000000000 ) ) ;
#455 = ORIENTED_EDGE ( 'NONE', *, *, #333, .F. ) ;
#456 = ADVANCED_FACE ( 'NONE', ( #178 ), #3569, .T. ) ;
#457 = EDGE_CURVE ( 'NONE', #1147, #411, #3286, .T. ) ;
#458 = CARTESIAN_POINT ( 'NONE',  ( 19.58417816448596938, 54.08713149046017321, 25.32767603359754816 ) ) ;
#459 = VECTOR ( 'NONE', #959, 1000.000000000000000 ) ;
#460 = FACE_OUTER_BOUND ( 'NONE', #442, .T. ) ;
#461 = DIRECTION ( 'NONE',  ( -1.000000000000000000, 0.000000000000000000, 0.000000000000000000 ) ) ;
#462 = EDGE_CURVE ( 'NONE', #529, #1889, #1413, .T. ) ;
#463 = LINE ( 'NONE', #1389, #3768 ) ;
#464 = ORIENTED_EDGE ( 'NONE', *, *, #1014, .F. ) ;
#465 = DIRECTION ( 'NONE',  ( 0.000000000000000000, -1.000000000000000000, 0.000000000000000000 ) ) ;
#466 = DIRECTION ( 'NONE',  ( -0.000000000000000000, -0.000000000000000000, -1.000000000000000000 ) ) ;
#467 = ORIENTED_EDGE ( 'NONE', *, *, #2828, .T. ) ;
#468 = LINE ( 'NONE', #3922, #2910 ) ;
#469 = ORIENTED_EDGE ( 'NONE', *, *, #2355, .T. ) ;
#470 = FACE_BOUND ( 'NONE', #2227, .T. ) ;
#471 = DIRECTION ( 'NONE',  ( 0.000000000000000000, 1.000000000000000000, 0.000000000000000000 ) ) ;
#472 = ORIENTED_EDGE ( 'NONE', *, *, #3060, .T. ) ;
#473 = CYLINDRICAL_SURFACE ( 'NONE', #3304, 18.00000000000001066 ) ;
#474 = DIRECTION ( 'NONE',  ( 0.000000000000000000, -0.000000000000000000, -1.000000000000000000 ) ) ;
#475 = VERTEX_POINT ( 'NONE', #3302 ) ;
#476 = ORIENTED_EDGE ( 'NONE', *, *, #3004, .F. ) ;
#477 = ORIENTED_EDGE ( 'NONE', *, *, #3550, .F. ) ;
#478 = CARTESIAN_POINT ( 'NONE',  ( 68.00000000000000000, 0.000000000000000000, 24.00000000000001421 ) ) ;
#479 = VECTOR ( 'NONE', #2881, 1000.000000000000000 ) ;
#480 = CARTESIAN_POINT ( 'NONE',  ( 0.000000000000000000, 59.99999999999998579, -15.49999999999999289 ) ) ;
#481 = ADVANCED_FACE ( 'NONE', ( #2008, #2668 ), #528, .F. ) ;
#482 = AXIS2_PLACEMENT_3D ( 'NONE', #2968, #1071, #2332 ) ;
#483 = UNCERTAINTY_MEASURE_WITH_UNIT (LENGTH_MEASURE( 1.000000000000000082E-05 ), #514, 'distance_accuracy_value', 'NONE');
#484 = AXIS2_PLACEMENT_3D ( 'NONE', #2785, #1902, #3397 ) ;
#485 = CIRCLE ( 'NONE', #870, 8.000000000000000000 ) ;
#486 = CARTESIAN_POINT ( 'NONE',  ( 55.52500000000001279, 86.00000000000000000, 41.00000000000000711 ) ) ;
#487 = ORIENTED_EDGE ( 'NONE', *, *, #2724, .T. ) ;
#488 = CARTESIAN_POINT ( 'NONE',  ( 24.21052631578948322, 56.25091076605355767, -73.00000000000000000 ) ) ;
#489 = DIRECTION ( 'NONE',  ( -0.000000000000000000, -1.000000000000000000, -0.000000000000000000 ) ) ;
#490 = EDGE_CURVE ( 'NONE', #3017, #1564, #2645, .T. ) ;
#491 = CIRCLE ( 'NONE', #1474, 28.00000000000000000 ) ;
#492 = ORIENTED_EDGE ( 'NONE', *, *, #660, .T. ) ;
#493 = CARTESIAN_POINT ( 'NONE',  ( 34.84688260996873765, 54.01995334676404070, 24.57631585209113823 ) ) ;
#494 = EDGE_CURVE ( 'NONE', #1538, #2612, #2765, .T. ) ;
#495 = ORIENTED_EDGE ( 'NONE', *, *, #3153, .F. ) ;
#496 = FACE_OUTER_BOUND ( 'NONE', #264, .T. ) ;
#497 = CARTESIAN_POINT ( 'NONE',  ( 46.13141297246182404, 116.4061736567421121, -73.00000000000000000 ) ) ;
#498 = ORIENTED_EDGE ( 'NONE', *, *, #2152, .F. ) ;
#499 = CIRCLE ( 'NONE', #1347, 5.999999999999999112 ) ;
#500 = FACE_BOUND ( 'NONE', #3128, .T. ) ;
#501 = CARTESIAN_POINT ( 'NONE',  ( 0.000000000000000000, 44.00000000000000711, 0.000000000000000000 ) ) ;
#502 = ORIENTED_EDGE ( 'NONE', *, *, #2525, .T. ) ;
#503 = CARTESIAN_POINT ( 'NONE',  ( 0.000000000000000000, 109.9999999999999716, 0.000000000000000000 ) ) ;
#504 = EDGE_LOOP ( 'NONE', ( #1499, #476, #1153, #2766 ) ) ;
#505 = CARTESIAN_POINT ( 'NONE',  ( 74.00000000000000000, 86.00000000000000000, -63.00000000000000000 ) ) ;
#506 = VECTOR ( 'NONE', #3156, 1000.000000000000000 ) ;
#507 = CARTESIAN_POINT ( 'NONE',  ( 53.93890350930006861, 112.5184265495503553, 31.61798784367836390 ) ) ;
#508 = ORIENTED_EDGE ( 'NONE', *, *, #2729, .F. ) ;
#509 = DIRECTION ( 'NONE',  ( -0.000000000000000000, 0.000000000000000000, -1.000000000000000000 ) ) ;
#510 = DIRECTION ( 'NONE',  ( 0.000000000000000000, 0.000000000000000000, 1.000000000000000000 ) ) ;
#511 = ORIENTED_EDGE ( 'NONE', *, *, #841, .F. ) ;
#512 = EDGE_CURVE ( 'NONE', #475, #1167, #2978, .T. ) ;
#513 = ADVANCED_FACE ( 'NONE', ( #2692 ), #1841, .F. ) ;
#514 =( LENGTH_UNIT ( ) NAMED_UNIT ( * ) SI_UNIT ( .MILLI., .METRE. ) );
#515 = ORIENTED_EDGE ( 'NONE', *, *, #2351, .T. ) ;
#516 = CARTESIAN_POINT ( 'NONE',  ( 60.00000000000000711, 118.0000000000000000, -32.00000000000000711 ) ) ;
#517 = CARTESIAN_POINT ( 'NONE',  ( 80.63157894736841058, 102.7338626940948672, -63.00000000000000000 ) ) ;
#518 = EDGE_CURVE ( 'NONE', #772, #2457, #2500, .T. ) ;
#519 = ORIENTED_EDGE ( 'NONE', *, *, #490, .T. ) ;
#520 = DIRECTION ( 'NONE',  ( -1.000000000000000000, 0.000000000000000000, 0.000000000000000000 ) ) ;
#521 = AXIS2_PLACEMENT_3D ( 'NONE', #3204, #3143, #1580 ) ;
#522 = CARTESIAN_POINT ( 'NONE',  ( 59.99999999999999289, 109.9999999999999858, -24.00000000000000000 ) ) ;
#523 = CIRCLE ( 'NONE', #3803, 18.00000000000000355 ) ;
#524 = ORIENTED_EDGE ( 'NONE', *, *, #1043, .F. ) ;
#525 = CARTESIAN_POINT ( 'NONE',  ( 0.000000000000000000, 44.00000000000000711, -17.99999999999999645 ) ) ;
#526 = DIRECTION ( 'NONE',  ( 0.000000000000000000, -1.000000000000000000, 0.000000000000000000 ) ) ;
#527 = CARTESIAN_POINT ( 'NONE',  ( 64.08920525217168063, 70.63749262963861497, 30.89950880175404180 ) ) ;
#528 = PLANE ( 'NONE',  #2961 ) ;
#529 = VERTEX_POINT ( 'NONE', #1767 ) ;
#530 = CARTESIAN_POINT ( 'NONE',  ( 3.064884987738040461E-15, 14.59550623364643407, 25.02668516238259855 ) ) ;
#531 = ORIENTED_EDGE ( 'NONE', *, *, #512, .F. ) ;
#532 = DIRECTION ( 'NONE',  ( -0.000000000000000000, -0.000000000000000000, 1.000000000000000000 ) ) ;
#533 = EDGE_LOOP ( 'NONE', ( #3172, #3090, #3222, #1377 ) ) ;
#534 = DIRECTION ( 'NONE',  ( 1.000000000000000000, 0.000000000000000000, 0.000000000000000000 ) ) ;
#535 = CARTESIAN_POINT ( 'NONE',  ( 1.040834085586084257E-14, 26.80803129787094008, 0.000000000000000000 ) ) ;
#536 = ADVANCED_FACE ( 'NONE', ( #2410 ), #199, .F. ) ;
#537 = EDGE_CURVE ( 'NONE', #3257, #801, #790, .T. ) ;
#538 = DIRECTION ( 'NONE',  ( 0.000000000000000000, 0.000000000000000000, 1.000000000000000000 ) ) ;
#539 = ORIENTED_EDGE ( 'NONE', *, *, #3155, .T. ) ;
#540 = CARTESIAN_POINT ( 'NONE',  ( -37.50000000000001421, -2.000000000000000000, 5.999999999999605649 ) ) ;
#541 = EDGE_CURVE ( 'NONE', #1147, #1826, #1508, .T. ) ;
#542 = DIRECTION ( 'NONE',  ( -1.000000000000000000, 0.000000000000000000, 0.000000000000000000 ) ) ;
#543 = CARTESIAN_POINT ( 'NONE',  ( 9.161455246868872138, 114.4360434437674741, 30.67502186458217395 ) ) ;
#544 = AXIS2_PLACEMENT_3D ( 'NONE', #872, #3100, #1189 ) ;
#545 = DIRECTION ( 'NONE',  ( -0.000000000000000000, -0.000000000000000000, 1.000000000000000000 ) ) ;
#546 = ADVANCED_FACE ( 'NONE', ( #2628 ), #3157, .F. ) ;
#547 = DIRECTION ( 'NONE',  ( -0.000000000000000000, -0.000000000000000000, 1.000000000000000000 ) ) ;
#548 = CIRCLE ( 'NONE', #1404, 8.000000000000003553 ) ;
#549 = AXIS2_PLACEMENT_3D ( 'NONE', #778, #3253, #3336 ) ;
#550 = VERTEX_POINT ( 'NONE', #831 ) ;
#551 = CARTESIAN_POINT ( 'NONE',  ( 47.78947368421051323, 115.7490892339464494, -63.00000000000000000 ) ) ;
#552 = ORIENTED_EDGE ( 'NONE', *, *, #1156, .F. ) ;
#553 = CIRCLE ( 'NONE', #2462, 18.00000000000001421 ) ;
#554 = CARTESIAN_POINT ( 'NONE',  ( 15.36250172255641289, 116.8995069898878683, -28.08920837379756819 ) ) ;
#555 = ORIENTED_EDGE ( 'NONE', *, *, #1493, .T. ) ;
#556 = DIRECTION ( 'NONE',  ( -0.000000000000000000, -0.000000000000000000, 1.000000000000000000 ) ) ;
#557 = CARTESIAN_POINT ( 'NONE',  ( 1.040834085586084257E-14, 25.40353753151737237, -20.97367342568099602 ) ) ;
#558 = ORIENTED_EDGE ( 'NONE', *, *, #3957, .T. ) ;
#559 = DIRECTION ( 'NONE',  ( 0.000000000000000000, 0.000000000000000000, 1.000000000000000000 ) ) ;
#560 = EDGE_CURVE ( 'NONE', #1911, #1584, #783, .T. ) ;
#561 = CARTESIAN_POINT ( 'NONE',  ( 2.303011512865868138, 111.1495675696193501, 31.92034255216513827 ) ) ;
#562 = CARTESIAN_POINT ( 'NONE',  ( 60.00000000000001421, 86.00000000000000000, 41.00000000000000711 ) ) ;
#563 = CARTESIAN_POINT ( 'NONE',  ( 0.000000000000000000, 130.5000000000000000, 28.00000000000000000 ) ) ;
#564 = AXIS2_PLACEMENT_3D ( 'NONE', #4037, #2475, #3037 ) ;
#565 = ORIENTED_EDGE ( 'NONE', *, *, #1647, .T. ) ;
#566 = CARTESIAN_POINT ( 'NONE',  ( 60.00000000000000711, 109.9999999999999858, 24.00000000000001421 ) ) ;
#567 = ORIENTED_EDGE ( 'NONE', *, *, #413, .F. ) ;
#568 = DIRECTION ( 'NONE',  ( -0.000000000000000000, 1.000000000000000000, -0.000000000000000000 ) ) ;
#569 = CARTESIAN_POINT ( 'NONE',  ( 61.32767603359756237, 105.5841781644859623, 31.91286850953983745 ) ) ;
#570 = ORIENTED_EDGE ( 'NONE', *, *, #2175, .F. ) ;
#571 = DIRECTION ( 'NONE',  ( -0.000000000000000000, -1.000000000000000000, -0.000000000000000000 ) ) ;
#572 = ORIENTED_EDGE ( 'NONE', *, *, #2504, .T. ) ;
#573 = DIRECTION ( 'NONE',  ( -1.000000000000000000, 0.000000000000000000, 0.000000000000000000 ) ) ;
#574 = CIRCLE ( 'NONE', #2811, 5.999999999999998224 ) ;
#575 = CARTESIAN_POINT ( 'NONE',  ( -2.618611004132350648E-13, 0.000000000000000000, 43.50000000000000711 ) ) ;
#576 = VECTOR ( 'NONE', #2607, 1000.000000000000114 ) ;
#577 = ORIENTED_EDGE ( 'NONE', *, *, #1692, .T. ) ;
#578 = LINE ( 'NONE', #1466, #2748 ) ;
#579 = DIRECTION ( 'NONE',  ( -0.000000000000000000, -1.000000000000000000, -0.000000000000000000 ) ) ;
#580 = CIRCLE ( 'NONE', #1107, 5.999999999999999112 ) ;
#581 = EDGE_CURVE ( 'NONE', #385, #2798, #3944, .T. ) ;
#582 = AXIS2_PLACEMENT_3D ( 'NONE', #3587, #2022, #3279 ) ;
#583 = CARTESIAN_POINT ( 'NONE',  ( -37.50000000000001421, 11.99999999999999822, -3.927916506198525466E-13 ) ) ;
#584 = DIRECTION ( 'NONE',  ( 1.000000000000000000, 0.000000000000000000, 1.224646799147353207E-16 ) ) ;
#585 = EDGE_CURVE ( 'NONE', #2694, #1889, #2242, .T. ) ;
#586 = EDGE_LOOP ( 'NONE', ( #2712, #472, #777, #2920, #3378 ) ) ;
#587 = LINE ( 'NONE', #258, #1005 ) ;
#588 = ORIENTED_EDGE ( 'NONE', *, *, #3381, .F. ) ;
#589 = CARTESIAN_POINT ( 'NONE',  ( 3.429011037612589276E-15, 133.0000000000000000, -28.00000000000000000 ) ) ;
#590 = AXIS2_PLACEMENT_3D ( 'NONE', #2770, #1549, #236 ) ;
#591 = CARTESIAN_POINT ( 'NONE',  ( 67.99999999999998579, 86.22944617036131376, 24.11472304213168272 ) ) ;
#592 = EDGE_LOOP ( 'NONE', ( #3069, #438, #1267, #3974 ) ) ;
#593 = DIRECTION ( 'NONE',  ( 1.000000000000000000, 0.000000000000000000, 0.000000000000000000 ) ) ;
#594 = VERTEX_POINT ( 'NONE', #215 ) ;
#595 = CARTESIAN_POINT ( 'NONE',  ( 1.040834085586084257E-14, 25.40353753151737237, 0.000000000000000000 ) ) ;
#596 = FACE_OUTER_BOUND ( 'NONE', #3045, .T. ) ;
#597 = ORIENTED_EDGE ( 'NONE', *, *, #1872, .T. ) ;
#598 = FACE_OUTER_BOUND ( 'NONE', #2937, .T. ) ;
#599 = CARTESIAN_POINT ( 'NONE',  ( 36.22959103881173348, 118.0000000000000000, 24.11479547633058829 ) ) ;
#600 = CARTESIAN_POINT ( 'NONE',  ( 2.816687638038911169E-15, 111.9999999999999716, -22.99999999999998934 ) ) ;
#601 = CARTESIAN_POINT ( 'NONE',  ( 67.68199875953958156, 81.40516967072244370, 26.28193888774240961 ) ) ;
#602 = FACE_OUTER_BOUND ( 'NONE', #1994, .T. ) ;
#603 = EDGE_LOOP ( 'NONE', ( #51, #3459, #1317, #939, #2777 ) ) ;
#604 = CARTESIAN_POINT ( 'NONE',  ( -13.51645452370838107, 34.10688403256793322, -61.00000000000000000 ) ) ;
#605 = EDGE_CURVE ( 'NONE', #4030, #4070, #1247, .T. ) ;
#606 = ORIENTED_EDGE ( 'NONE', *, *, #2979, .T. ) ;
#607 = DIRECTION ( 'NONE',  ( 0.000000000000000000, -0.000000000000000000, -1.000000000000000000 ) ) ;
#608 = CARTESIAN_POINT ( 'NONE',  ( 66.67502536169180871, 95.16144362561350079, 28.43603822497068379 ) ) ;
#609 = VECTOR ( 'NONE', #2649, 1000.000000000000000 ) ;
#610 = VECTOR ( 'NONE', #3690, 1000.000000000000000 ) ;
#611 = EDGE_LOOP ( 'NONE', ( #2442, #4038, #539, #260 ) ) ;
#612 = EDGE_CURVE ( 'NONE', #1136, #2771, #1316, .T. ) ;
#613 = AXIS2_PLACEMENT_3D ( 'NONE', #809, #400, #2341 ) ;
#614 = CARTESIAN_POINT ( 'NONE',  ( 60.00000000000000711, 109.9999999999999858, 24.00000000000000355 ) ) ;
#615 = ORIENTED_EDGE ( 'NONE', *, *, #8, .F. ) ;
#616 = DIRECTION ( 'NONE',  ( -0.000000000000000000, -0.000000000000000000, -1.000000000000000000 ) ) ;
#617 = VECTOR ( 'NONE', #1558, 1000.000000000000000 ) ;
#618 = AXIS2_PLACEMENT_3D ( 'NONE', #3722, #1835, #267 ) ;
#619 = CARTESIAN_POINT ( 'NONE',  ( 68.00000000000000000, 54.00000000000000711, -24.00000000000002487 ) ) ;
#620 = ORIENTED_EDGE ( 'NONE', *, *, #28, .F. ) ;
#621 = CARTESIAN_POINT ( 'NONE',  ( 43.33923785673879081, 117.1612710959483792, 27.59869345985133293 ) ) ;
#622 = DIRECTION ( 'NONE',  ( -0.3684210526315789269, 0.9296590385608259899, 0.000000000000000000 ) ) ;
#623 = AXIS2_PLACEMENT_3D ( 'NONE', #403, #2877, #1660 ) ;
#624 = CARTESIAN_POINT ( 'NONE',  ( 90.00000000000000000, 86.00000000000000000, -63.00000000000000000 ) ) ;
#625 = FACE_OUTER_BOUND ( 'NONE', #2414, .T. ) ;
#626 = LINE ( 'NONE', #2852, #3521 ) ;
#627 = VERTEX_POINT ( 'NONE', #563 ) ;
#628 = CARTESIAN_POINT ( 'NONE',  ( -2.000000000000001776, 86.00000000000000000, -61.00000000000000000 ) ) ;
#629 = ORIENTED_EDGE ( 'NONE', *, *, #2232, .F. ) ;
#630 = CARTESIAN_POINT ( 'NONE',  ( 80.63157894736841058, 69.26613730590511864, -61.00000000000000000 ) ) ;
#631 = CARTESIAN_POINT ( 'NONE',  ( 67.92034386615624442, 88.30299338384217833, 25.14955855666567430 ) ) ;
#632 = CIRCLE ( 'NONE', #1028, 32.00000000000001421 ) ;
#633 = ADVANCED_FACE ( 'NONE', ( #3080 ), #2731, .F. ) ;
#634 = EDGE_CURVE ( 'NONE', #97, #169, #3543, .T. ) ;
#635 = ORIENTED_EDGE ( 'NONE', *, *, #3323, .T. ) ;
#636 = CARTESIAN_POINT ( 'NONE',  ( 53.99999999999999289, 86.00000000000000000, 50.00100000000003320 ) ) ;
#637 = ORIENTED_EDGE ( 'NONE', *, *, #3352, .F. ) ;
#638 = DIRECTION ( 'NONE',  ( -0.000000000000000000, 1.000000000000000000, -0.000000000000000000 ) ) ;
#639 = EDGE_CURVE ( 'NONE', #3495, #627, #3415, .T. ) ;
#640 = EDGE_CURVE ( 'NONE', #1648, #342, #392, .T. ) ;
#641 = ORIENTED_EDGE ( 'NONE', *, *, #1945, .T. ) ;
#642 = CYLINDRICAL_SURFACE ( 'NONE', #484, 1.999999999999994893 ) ;
#643 = CYLINDRICAL_SURFACE ( 'NONE', #3737, 32.00000000000001421 ) ;
#644 = AXIS2_PLACEMENT_3D ( 'NONE', #3784, #693, #2230 ) ;
#645 = AXIS2_PLACEMENT_3D ( 'NONE', #2566, #958, #35 ) ;
#646 = DIRECTION ( 'NONE',  ( 0.9296590385608259899, 0.3684210526315789269, 0.000000000000000000 ) ) ;
#647 = CARTESIAN_POINT ( 'NONE',  ( 60.00000000000000711, 61.99999999999999289, 24.00000000000000000 ) ) ;
#648 = CARTESIAN_POINT ( 'NONE',  ( 24.21052631578948322, 56.25091076605355767, -61.00000000000000000 ) ) ;
#649 = CARTESIAN_POINT ( 'NONE',  ( 36.00000000000001421, 86.00000000000000000, 26.00000000000000000 ) ) ;
#650 = VERTEX_POINT ( 'NONE', #1526 ) ;
#651 = CARTESIAN_POINT ( 'NONE',  ( -8.631578947368437227, 102.7338626940948672, -61.00000000000000000 ) ) ;
#652 = CYLINDRICAL_SURFACE ( 'NONE', #3584, 18.00000000000001421 ) ;
#653 = VERTEX_POINT ( 'NONE', #255 ) ;
#654 = DIRECTION ( 'NONE',  ( -1.445602896647339656E-16, 1.000000000000000000, 0.000000000000000000 ) ) ;
#655 = EDGE_LOOP ( 'NONE', ( #879, #2063, #1717, #1394 ) ) ;
#656 = DIRECTION ( 'NONE',  ( 0.9296590385608253237, 0.3684210526315808698, -0.000000000000000000 ) ) ;
#657 = DIRECTION ( 'NONE',  ( 0.000000000000000000, 0.000000000000000000, 1.000000000000000000 ) ) ;
#658 = EDGE_CURVE ( 'NONE', #1092, #2895, #4062, .T. ) ;
#659 = CARTESIAN_POINT ( 'NONE',  ( 57.16601048851674705, 109.9999999999999858, 32.00000000000001421 ) ) ;
#660 = EDGE_CURVE ( 'NONE', #3739, #274, #1448, .T. ) ;
#661 = CARTESIAN_POINT ( 'NONE',  ( 36.00000000000000000, 86.00000000000000000, -59.20579830217100437 ) ) ;
#662 = AXIS2_PLACEMENT_3D ( 'NONE', #1808, #4004, #4021 ) ;
#663 = ADVANCED_FACE ( 'NONE', ( #869 ), #1473, .F. ) ;
#664 = CARTESIAN_POINT ( 'NONE',  ( -2.000000000000001776, 86.00000000000000000, -63.00000000000000000 ) ) ;
#665 = CYLINDRICAL_SURFACE ( 'NONE', #3435, 8.000000000000000000 ) ;
#666 = DIRECTION ( 'NONE',  ( 0.9296590385608259899, 0.3684210526315789269, 0.000000000000000000 ) ) ;
#667 = DIRECTION ( 'NONE',  ( -0.000000000000000000, 0.000000000000000000, 1.000000000000000000 ) ) ;
#668 = ADVANCED_FACE ( 'NONE', ( #2503 ), #1491, .T. ) ;
#669 = ORIENTED_EDGE ( 'NONE', *, *, #2860, .F. ) ;
#670 = CARTESIAN_POINT ( 'NONE',  ( 47.05263157894735571, 113.8897711568247786, -61.00000000000000000 ) ) ;
#671 = LINE ( 'NONE', #94, #2004 ) ;
#672 = ORIENTED_EDGE ( 'NONE', *, *, #1187, .T. ) ;
#673 = DIRECTION ( 'NONE',  ( 0.000000000000000000, 0.000000000000000000, -1.000000000000000000 ) ) ;
#674 = ORIENTED_EDGE ( 'NONE', *, *, #2599, .F. ) ;
#675 = CARTESIAN_POINT ( 'NONE',  ( 34.15648061704882821, 117.9501751375064060, 24.92078964897459770 ) ) ;
#676 = CIRCLE ( 'NONE', #1074, 19.52500000000000213 ) ;
#677 = VERTEX_POINT ( 'NONE', #2483 ) ;
#678 = CIRCLE ( 'NONE', #1405, 16.52499999999999858 ) ;
#679 = CARTESIAN_POINT ( 'NONE',  ( 45.39457086719865941, 114.5468555796204555, -63.00000000000000000 ) ) ;
#680 = CARTESIAN_POINT ( 'NONE',  ( 36.00000000000000000, 86.00000000000000000, -59.00000000000000000 ) ) ;
#681 = VECTOR ( 'NONE', #3129, 999.9999999999998863 ) ;
#682 = ADVANCED_FACE ( 'NONE', ( #602 ), #3042, .T. ) ;
#683 = DIRECTION ( 'NONE',  ( 1.000000000000000000, 0.000000000000000000, 0.000000000000000000 ) ) ;
#684 = LINE ( 'NONE', #359, #2620 ) ;
#685 = CARTESIAN_POINT ( 'NONE',  ( 0.000000000000000000, 130.5000000000000000, 0.000000000000000000 ) ) ;
#686 = ADVANCED_FACE ( 'NONE', ( #2464 ), #2752, .F. ) ;
#687 = DIRECTION ( 'NONE',  ( -1.000000000000000000, 0.000000000000000000, 0.000000000000000000 ) ) ;
#688 = ORIENTED_EDGE ( 'NONE', *, *, #518, .T. ) ;
#689 = CARTESIAN_POINT ( 'NONE',  ( 60.00000000000000711, 109.9999999999999858, -32.00000000000000711 ) ) ;
#690 = ORIENTED_EDGE ( 'NONE', *, *, #1193, .T. ) ;
#691 = LINE ( 'NONE', #2206, #3834 ) ;
#692 = VERTEX_POINT ( 'NONE', #3443 ) ;
#693 = DIRECTION ( 'NONE',  ( -0.000000000000000000, 1.000000000000000000, -0.000000000000000000 ) ) ;
#694 = ORIENTED_EDGE ( 'NONE', *, *, #3008, .F. ) ;
#695 = VECTOR ( 'NONE', #1036, 1000.000000000000114 ) ;
#696 = CARTESIAN_POINT ( 'NONE',  ( 5.838011697998872153E-15, 61.99999999999998579, 24.00000000000001421 ) ) ;
#697 = AXIS2_PLACEMENT_3D ( 'NONE', #864, #211, #3095 ) ;
#698 = EDGE_LOOP ( 'NONE', ( #210, #405, #1449, #2394 ) ) ;
#699 = CARTESIAN_POINT ( 'NONE',  ( 0.9227559844387762666, 61.53874346900873604, 31.98752425667494848 ) ) ;
#700 = LINE ( 'NONE', #3159, #318 ) ;
#701 = AXIS2_PLACEMENT_3D ( 'NONE', #3223, #12, #3817 ) ;
#702 = CARTESIAN_POINT ( 'NONE',  ( 0.000000000000000000, 133.0000000000000000, 0.000000000000000000 ) ) ;
#703 = EDGE_CURVE ( 'NONE', #2505, #1722, #204, .T. ) ;
#704 = CARTESIAN_POINT ( 'NONE',  ( 0.000000000000000000, -2.000000000000000000, -37.50000000000000711 ) ) ;
#705 = AXIS2_PLACEMENT_3D ( 'NONE', #1148, #272, #830 ) ;
#706 = DIRECTION ( 'NONE',  ( 1.000000000000000000, 0.000000000000000000, 0.000000000000000000 ) ) ;
#707 = ADVANCED_FACE ( 'NONE', ( #3692 ), #3950, .F. ) ;
#708 = ORIENTED_EDGE ( 'NONE', *, *, #1470, .F. ) ;
#709 = DIRECTION ( 'NONE',  ( 0.3684210526315797041, 0.9296590385608257678, 0.000000000000000000 ) ) ;
#710 = ADVANCED_FACE ( 'NONE', ( #2174 ), #1649, .T. ) ;
#711 = AXIS2_PLACEMENT_3D ( 'NONE', #3522, #3442, #2891 ) ;
#712 = ORIENTED_EDGE ( 'NONE', *, *, #1667, .F. ) ;
#713 = CARTESIAN_POINT ( 'NONE',  ( 36.22944617036267090, 53.99999999999998579, 24.11472304212902884 ) ) ;
#714 = ORIENTED_EDGE ( 'NONE', *, *, #3356, .T. ) ;
#715 = DIRECTION ( 'NONE',  ( -0.000000000000000000, -0.000000000000000000, 1.000000000000000000 ) ) ;
#716 = VERTEX_POINT ( 'NONE', #1860 ) ;
#717 = AXIS2_PLACEMENT_3D ( 'NONE', #2090, #489, #3879 ) ;
#718 = DIRECTION ( 'NONE',  ( -1.000000000000000000, -1.156482317317871725E-16, -0.000000000000000000 ) ) ;
#719 = ORIENTED_EDGE ( 'NONE', *, *, #1265, .T. ) ;
#720 = CARTESIAN_POINT ( 'NONE',  ( 0.4616191611523469684, 61.76919044872931153, 31.99750137789266091 ) ) ;
#721 = CARTESIAN_POINT ( 'NONE',  ( 67.99999999999998579, 86.00000000000000000, -61.00000000000000000 ) ) ;
#722 = CYLINDRICAL_SURFACE ( 'NONE', #1338, 15.49999999999999289 ) ;
#723 = CARTESIAN_POINT ( 'NONE',  ( 37.50000000000000711, 11.99999999999999822, 6.000000000000130562 ) ) ;
#724 = ORIENTED_EDGE ( 'NONE', *, *, #2504, .F. ) ;
#725 = CARTESIAN_POINT ( 'NONE',  ( 60.00000000000000711, 118.0000000000000000, -32.00000000000000711 ) ) ;
#726 = DIRECTION ( 'NONE',  ( 1.156482317317871725E-16, -1.000000000000000000, 0.000000000000000000 ) ) ;
#727 = ORIENTED_EDGE ( 'NONE', *, *, #1447, .T. ) ;
#728 = EDGE_CURVE ( 'NONE', #3921, #3958, #1323, .T. ) ;
#729 = CARTESIAN_POINT ( 'NONE',  ( 16.41582036440313530, 60.67232514065795357, 31.91286866691101665 ) ) ;
#730 = ORIENTED_EDGE ( 'NONE', *, *, #2707, .F. ) ;
#731 = CARTESIAN_POINT ( 'NONE',  ( 25.93707792092510545, 116.3914695175161143, 28.83718653448045899 ) ) ;
#732 = EDGE_CURVE ( 'NONE', #1683, #2137, #1585, .T. ) ;
#733 = AXIS2_PLACEMENT_3D ( 'NONE', #2346, #3596, #2031 ) ;
#734 = DIRECTION ( 'NONE',  ( 0.000000000000000000, -0.000000000000000000, -1.000000000000000000 ) ) ;
#735 = CIRCLE ( 'NONE', #1400, 5.999999999999998224 ) ;
#736 = ORIENTED_EDGE ( 'NONE', *, *, #2739, .F. ) ;
#737 = CARTESIAN_POINT ( 'NONE',  ( 4.594814371430347322, 59.71806890536780088, 31.68200109688300969 ) ) ;
#738 = ORIENTED_EDGE ( 'NONE', *, *, #1671, .T. ) ;
#739 = AXIS2_PLACEMENT_3D ( 'NONE', #71, #2812, #2834 ) ;
#740 = CARTESIAN_POINT ( 'NONE',  ( -2.618611004132350648E-13, -2.000000000000000000, 37.50000000000000711 ) ) ;
#741 = LINE ( 'NONE', #2003, #4028 ) ;
#742 = AXIS2_PLACEMENT_3D ( 'NONE', #1115, #2060, #3315 ) ;
#743 = LINE ( 'NONE', #2048, #2128 ) ;
#744 = VERTEX_POINT ( 'NONE', #1262 ) ;
#745 = CARTESIAN_POINT ( 'NONE',  ( 0.000000000000000000, 131.0000000000000000, 0.000000000000000000 ) ) ;
#746 = DIRECTION ( 'NONE',  ( -0.000000000000000000, -1.000000000000000000, -0.000000000000000000 ) ) ;
#747 = ORIENTED_EDGE ( 'NONE', *, *, #3753, .F. ) ;
#748 = DIRECTION ( 'NONE',  ( -1.000000000000000000, 0.000000000000000000, 0.000000000000000000 ) ) ;
#749 = ORIENTED_EDGE ( 'NONE', *, *, #3255, .T. ) ;
#750 = CARTESIAN_POINT ( 'NONE',  ( 68.00000000000000000, 86.00000000000000000, 45.00000000000001421 ) ) ;
#751 = AXIS2_PLACEMENT_3D ( 'NONE', #3187, #2284, #2567 ) ;
#752 = LINE ( 'NONE', #1461, #1424 ) ;
#753 = EDGE_CURVE ( 'NONE', #2335, #2634, #335, .T. ) ;
#754 = EDGE_CURVE ( 'NONE', #286, #145, #1308, .T. ) ;
#755 = EDGE_LOOP ( 'NONE', ( #3066, #1854 ) ) ;
#756 = DIRECTION ( 'NONE',  ( -0.3684210526315782608, 0.9296590385608264340, 0.000000000000000000 ) ) ;
#757 = ADVANCED_FACE ( 'NONE', ( #3835 ), #2217, .F. ) ;
#758 = ADVANCED_FACE ( 'NONE', ( #3137 ), #3771, .T. ) ;
#759 = AXIS2_PLACEMENT_3D ( 'NONE', #2966, #2099, #2374 ) ;
#760 = ORIENTED_EDGE ( 'NONE', *, *, #3752, .F. ) ;
#761 = CARTESIAN_POINT ( 'NONE',  ( 17.93890044926150651, 54.38201281106312024, 26.51842865466741728 ) ) ;
#762 = EDGE_LOOP ( 'NONE', ( #3886, #3693, #847, #606 ) ) ;
#763 = CARTESIAN_POINT ( 'NONE',  ( 60.00000000000000711, 111.9999999999999858, -26.00000000000000000 ) ) ;
#764 = DIRECTION ( 'NONE',  ( 1.000000000000000000, 0.000000000000000000, 0.000000000000000000 ) ) ;
#765 = CARTESIAN_POINT ( 'NONE',  ( 0.000000000000000000, 11.99999999999999822, 0.000000000000000000 ) ) ;
#766 = ORIENTED_EDGE ( 'NONE', *, *, #849, .F. ) ;
#767 = CARTESIAN_POINT ( 'NONE',  ( 0.000000000000000000, -2.000000000000000000, 0.000000000000000000 ) ) ;
#768 = DIRECTION ( 'NONE',  ( 0.000000000000000000, 0.000000000000000000, 1.000000000000000000 ) ) ;
#769 = AXIS2_PLACEMENT_3D ( 'NONE', #2633, #3006, #3949 ) ;
#770 = ORIENTED_EDGE ( 'NONE', *, *, #849, .T. ) ;
#771 = CARTESIAN_POINT ( 'NONE',  ( 0.000000000000000000, 11.99999999999999822, -31.50000000000000711 ) ) ;
#772 = VERTEX_POINT ( 'NONE', #3791 ) ;
#773 = DIRECTION ( 'NONE',  ( 0.000000000000000000, 3.252606517456514288E-16, -1.000000000000000000 ) ) ;
#774 = TOROIDAL_SURFACE ( 'NONE', #54, 30.00000000000001421, 2.000000000000000000 ) ;
#775 = DIRECTION ( 'NONE',  ( -0.000000000000000000, 1.000000000000000000, -0.000000000000000000 ) ) ;
#776 = AXIS2_PLACEMENT_3D ( 'NONE', #4061, #1245, #45 ) ;
#777 = ORIENTED_EDGE ( 'NONE', *, *, #3380, .T. ) ;
#778 = CARTESIAN_POINT ( 'NONE',  ( 0.000000000000000000, 0.000000000000000000, 0.000000000000000000 ) ) ;
#779 = CARTESIAN_POINT ( 'NONE',  ( 1.040834085586084257E-14, 29.71602693072901502, 0.000000000000000000 ) ) ;
#780 = EDGE_LOOP ( 'NONE', ( #3318, #1887, #2833, #3473, #2681 ) ) ;
#781 = FACE_OUTER_BOUND ( 'NONE', #3928, .T. ) ;
#782 = EDGE_CURVE ( 'NONE', #446, #1538, #1507, .T. ) ;
#783 = CIRCLE ( 'NONE', #717, 16.52499999999999858 ) ;
#784 = FACE_BOUND ( 'NONE', #1553, .T. ) ;
#785 = CYLINDRICAL_SURFACE ( 'NONE', #3111, 8.000000000000000000 ) ;
#786 = EDGE_CURVE ( 'NONE', #2694, #3699, #2043, .T. ) ;
#787 = FACE_OUTER_BOUND ( 'NONE', #3307, .T. ) ;
#788 = ORIENTED_EDGE ( 'NONE', *, *, #4029, .T. ) ;
#789 = DIRECTION ( 'NONE',  ( 1.445602896647339656E-16, -1.000000000000000000, 0.000000000000000000 ) ) ;
#790 = LINE ( 'NONE', #135, #985 ) ;
#791 = ORIENTED_EDGE ( 'NONE', *, *, #3182, .F. ) ;
#792 = CARTESIAN_POINT ( 'NONE',  ( 28.66076214326122340, 54.83872890405163503, 27.59869345985132938 ) ) ;
#793 = ORIENTED_EDGE ( 'NONE', *, *, #640, .F. ) ;
#794 = CARTESIAN_POINT ( 'NONE',  ( 4.000000000000010658, 86.00000000000000000, 32.00000000000001421 ) ) ;
#795 = CARTESIAN_POINT ( 'NONE',  ( 60.00000000000000711, 61.99999999999999289, 26.00000000000000000 ) ) ;
#796 = ORIENTED_EDGE ( 'NONE', *, *, #2829, .F. ) ;
#797 = CARTESIAN_POINT ( 'NONE',  ( 68.00000000000000000, 118.0000000000000000, -24.00000000000001066 ) ) ;
#798 = CYLINDRICAL_SURFACE ( 'NONE', #3245, 22.99999999999998934 ) ;
#799 = ORIENTED_EDGE ( 'NONE', *, *, #2474, .T. ) ;
#800 = DIRECTION ( 'NONE',  ( -1.000000000000000000, -2.312964634635742464E-16, 0.000000000000000000 ) ) ;
#801 = VERTEX_POINT ( 'NONE', #2256 ) ;
#802 = DIRECTION ( 'NONE',  ( -2.312964634635742464E-16, 1.000000000000000000, 0.000000000000000000 ) ) ;
#803 = DIRECTION ( 'NONE',  ( 1.000000000000000000, 0.000000000000000000, 0.000000000000000000 ) ) ;
#804 = VECTOR ( 'NONE', #3646, 1000.000000000000000 ) ;
#805 = EDGE_CURVE ( 'NONE', #911, #2505, #684, .T. ) ;
#806 = EDGE_CURVE ( 'NONE', #274, #286, #4063, .T. ) ;
#807 = VECTOR ( 'NONE', #1283, 1000.000000000000000 ) ;
#808 = AXIS2_PLACEMENT_3D ( 'NONE', #3127, #4032, #1793 ) ;
#809 = CARTESIAN_POINT ( 'NONE',  ( 74.00000000000000000, 86.00000000000000000, -73.00000000000000000 ) ) ;
#810 = ORIENTED_EDGE ( 'NONE', *, *, #1116, .F. ) ;
#811 = DIRECTION ( 'NONE',  ( 0.000000000000000000, 0.000000000000000000, -1.000000000000000000 ) ) ;
#812 = ADVANCED_FACE ( 'NONE', ( #3220 ), #1943, .F. ) ;
#813 = AXIS2_PLACEMENT_3D ( 'NONE', #3374, #1177, #2441 ) ;
#814 = VERTEX_POINT ( 'NONE', #1612 ) ;
#815 = CARTESIAN_POINT ( 'NONE',  ( 25.93706720037278046, 55.60853405793891824, 28.83719121922375095 ) ) ;
#816 = ORIENTED_EDGE ( 'NONE', *, *, #3330, .T. ) ;
#817 = CARTESIAN_POINT ( 'NONE',  ( 0.000000000000000000, 111.9999999999999716, 22.99999999999998934 ) ) ;
#818 = CARTESIAN_POINT ( 'NONE',  ( 3.523553999841322112E-15, 16.00000000000000000, 28.77200187265877673 ) ) ;
#819 = VERTEX_POINT ( 'NONE', #952 ) ;
#820 = VECTOR ( 'NONE', #1901, 999.9999999999998863 ) ;
#821 = DIRECTION ( 'NONE',  ( -0.000000000000000000, 1.000000000000000000, -0.000000000000000000 ) ) ;
#822 = CARTESIAN_POINT ( 'NONE',  ( 0.000000000000000000, -2.000000000000000000, 30.00000000000000000 ) ) ;
#823 = VERTEX_POINT ( 'NONE', #339 ) ;
#824 = CARTESIAN_POINT ( 'NONE',  ( 0.000000000000000000, 12.00000000000000000, -28.77200187265877673 ) ) ;
#825 = ADVANCED_BREP_SHAPE_REPRESENTATION ( 'Part1-stepFile', ( #1386, #1030 ), #2543 ) ;
#826 = VERTEX_POINT ( 'NONE', #2579 ) ;
#827 = FACE_OUTER_BOUND ( 'NONE', #42, .T. ) ;
#828 = AXIS2_PLACEMENT_3D ( 'NONE', #3357, #2145, #538 ) ;
#829 = VERTEX_POINT ( 'NONE', #3505 ) ;
#830 = DIRECTION ( 'NONE',  ( 1.000000000000000000, 0.000000000000000000, 0.000000000000000000 ) ) ;
#831 = CARTESIAN_POINT ( 'NONE',  ( -2.618611004132350648E-13, 11.99999999999999822, 43.50000000000000711 ) ) ;
#832 = ORIENTED_EDGE ( 'NONE', *, *, #2948, .T. ) ;
#833 = ADVANCED_FACE ( 'NONE', ( #625 ), #315, .T. ) ;
#834 = PLANE ( 'NONE',  #1523 ) ;
#835 = ADVANCED_FACE ( 'NONE', ( #89 ), #665, .T. ) ;
#836 = ORIENTED_EDGE ( 'NONE', *, *, #3525, .F. ) ;
#837 = CARTESIAN_POINT ( 'NONE',  ( 14.83398951148328138, 109.9999999999999858, 32.00000000000001421 ) ) ;
#838 = DIRECTION ( 'NONE',  ( 0.000000000000000000, 0.000000000000000000, -1.000000000000000000 ) ) ;
#839 = CIRCLE ( 'NONE', #972, 24.00000000000000000 ) ;
#840 = ORIENTED_EDGE ( 'NONE', *, *, #2474, .F. ) ;
#841 = EDGE_CURVE ( 'NONE', #3291, #1136, #3198, .T. ) ;
#842 = DIRECTION ( 'NONE',  ( -0.000000000000000000, -1.000000000000000000, -0.000000000000000000 ) ) ;
#843 = AXIS2_PLACEMENT_3D ( 'NONE', #1472, #1204, #294 ) ;
#844 = DIRECTION ( 'NONE',  ( 0.000000000000000000, -0.000000000000000000, -1.000000000000000000 ) ) ;
#845 = CYLINDRICAL_SURFACE ( 'NONE', #1359, 2.000000000000001776 ) ;
#846 = CIRCLE ( 'NONE', #1504, 5.999999999999998224 ) ;
#847 = ORIENTED_EDGE ( 'NONE', *, *, #234, .T. ) ;
#848 = LINE ( 'NONE', #2064, #3252 ) ;
#849 = EDGE_CURVE ( 'NONE', #2070, #2077, #2784, .T. ) ;
#850 = DIRECTION ( 'NONE',  ( 0.000000000000000000, 0.000000000000000000, 1.000000000000000000 ) ) ;
#851 = DIRECTION ( 'NONE',  ( 0.000000000000000000, 0.000000000000000000, -1.000000000000000000 ) ) ;
#852 = CARTESIAN_POINT ( 'NONE',  ( 36.00000000000000000, 86.00000000000000000, -61.00000000000000000 ) ) ;
#853 = ORIENTED_EDGE ( 'NONE', *, *, #1965, .T. ) ;
#854 = EDGE_LOOP ( 'NONE', ( #1231, #1237, #1661, #3027, #1362, #1908 ) ) ;
#855 = DIRECTION ( 'NONE',  ( 0.000000000000000000, 0.000000000000000000, 1.000000000000000000 ) ) ;
#856 = VECTOR ( 'NONE', #1035, 1000.000000000000000 ) ;
#857 = EDGE_CURVE ( 'NONE', #911, #1810, #1990, .T. ) ;
#858 = ORIENTED_EDGE ( 'NONE', *, *, #1313, .T. ) ;
#859 = PLANE ( 'NONE',  #1737 ) ;
#860 = CYLINDRICAL_SURFACE ( 'NONE', #2066, 32.00000000000000000 ) ;
#861 = ADVANCED_FACE ( 'NONE', ( #3959 ), #785, .T. ) ;
#862 = DIRECTION ( 'NONE',  ( -1.000000000000000000, 0.000000000000000000, -1.224646799147353207E-16 ) ) ;
#863 = ORIENTED_EDGE ( 'NONE', *, *, #2851, .T. ) ;
#864 = CARTESIAN_POINT ( 'NONE',  ( 0.000000000000000000, 111.9999999999999716, 0.000000000000000000 ) ) ;
#865 = CARTESIAN_POINT ( 'NONE',  ( 0.4616390704812194379, 110.2308195041473908, 31.99750108906339463 ) ) ;
#866 = AXIS2_PLACEMENT_3D ( 'NONE', #1707, #3306, #2670 ) ;
#867 = LINE ( 'NONE', #562, #2091 ) ;
#868 = CIRCLE ( 'NONE', #3565, 8.000000000000000000 ) ;
#869 = FACE_OUTER_BOUND ( 'NONE', #2734, .T. ) ;
#870 = AXIS2_PLACEMENT_3D ( 'NONE', #1356, #76, #1643 ) ;
#871 = EDGE_LOOP ( 'NONE', ( #389, #2866 ) ) ;
#872 = CARTESIAN_POINT ( 'NONE',  ( 60.00000000000000711, 109.9999999999999858, 24.00000000000000000 ) ) ;
#873 = EDGE_LOOP ( 'NONE', ( #1695, #186, #2331, #1477, #954 ) ) ;
#874 = LINE ( 'NONE', #4009, #3207 ) ;
#875 = CIRCLE ( 'NONE', #3116, 2.000000000000002220 ) ;
#876 = CARTESIAN_POINT ( 'NONE',  ( 1.153098153214504373, 110.5763062472662597, -31.98004734842048435 ) ) ;
#877 = B_SPLINE_CURVE_WITH_KNOTS ( 'NONE', 3,
 ( #3557, #2269, #987, #408, #41, #1300, #1664, #1358, #1337, #731, #2613, #1048, #2593, #3248, #1586, #2249, #675, #2553, #2841, #966, #1279, #2534 ),
 .UNSPECIFIED., .F., .F.,
 ( 4, 2, 2, 2, 2, 2, 2, 2, 2, 2, 4 ),
 ( 0.000000000000000000, 0.003078342865769898885, 0.006156685731539797771, 0.009235028597309699258, 0.01231337146307960075, 0.01539171432884950223, 0.01847005719461940546, 0.02154840006038929653, 0.02308757149327424554, 0.02385715720971670964, 0.02462674292615917374 ),
 .UNSPECIFIED. ) ;
#878 = AXIS2_PLACEMENT_3D ( 'NONE', #3805, #3536, #1915 ) ;
#879 = ORIENTED_EDGE ( 'NONE', *, *, #3933, .F. ) ;
#880 = CARTESIAN_POINT ( 'NONE',  ( 48.73436818540870519, 56.62692577275700501, 29.95036874277199956 ) ) ;
#881 = CARTESIAN_POINT ( 'NONE',  ( 60.00000000000000711, 109.9999999999999858, -24.00000000000001066 ) ) ;
#882 = EDGE_CURVE ( 'NONE', #1632, #3989, #3636, .T. ) ;
#883 = ORIENTED_EDGE ( 'NONE', *, *, #1244, .T. ) ;
#884 = PLANE ( 'NONE',  #3977 ) ;
#885 = CARTESIAN_POINT ( 'NONE',  ( 0.000000000000000000, 52.97999199359360034, 0.000000000000000000 ) ) ;
#886 = ADVANCED_FACE ( 'NONE', ( #1123 ), #722, .F. ) ;
#887 = CARTESIAN_POINT ( 'NONE',  ( 5.838011697998869787E-15, 61.99999999999998579, 26.00000000000000000 ) ) ;
#888 = DIRECTION ( 'NONE',  ( -0.000000000000000000, 1.000000000000000000, -0.000000000000000000 ) ) ;
#889 = CARTESIAN_POINT ( 'NONE',  ( 67.16127109594836497, 78.66076214326120919, 27.59869345985133293 ) ) ;
#890 = CARTESIAN_POINT ( 'NONE',  ( 36.00000000000001421, 86.00000000000000000, 41.00000000000000711 ) ) ;
#891 = CIRCLE ( 'NONE', #2285, 4.000000000000000000 ) ;
#892 = ORIENTED_EDGE ( 'NONE', *, *, #29, .F. ) ;
#893 = CARTESIAN_POINT ( 'NONE',  ( 68.00000000000000000, 109.9999999999999858, 32.00000000000001421 ) ) ;
#894 = ORIENTED_EDGE ( 'NONE', *, *, #1345, .T. ) ;
#895 = CARTESIAN_POINT ( 'NONE',  ( 36.00000000000000000, 86.00000000000000000, -73.00000000000000000 ) ) ;
#896 = CARTESIAN_POINT ( 'NONE',  ( 67.99750137789266091, 86.46161916115248403, 24.23080955127050728 ) ) ;
#897 = ORIENTED_EDGE ( 'NONE', *, *, #585, .T. ) ;
#898 = CARTESIAN_POINT ( 'NONE',  ( 51.36250172255643776, 57.91079162620243892, 30.89950698988786115 ) ) ;
#899 = VERTEX_POINT ( 'NONE', #2363 ) ;
#900 = CARTESIAN_POINT ( 'NONE',  ( 0.000000000000000000, 11.99999999999999822, 0.000000000000000000 ) ) ;
#901 = AXIS2_PLACEMENT_3D ( 'NONE', #1068, #773, #2033 ) ;
#902 = AXIS2_PLACEMENT_3D ( 'NONE', #1766, #1723, #1984 ) ;
#903 = EDGE_LOOP ( 'NONE', ( #3616, #2917 ) ) ;
#904 = CARTESIAN_POINT ( 'NONE',  ( 2.023728835591000848E-15, 44.00000000000000711, 16.52499999999999858 ) ) ;
#905 = AXIS2_PLACEMENT_3D ( 'NONE', #664, #1261, #2277 ) ;
#906 = ADVANCED_FACE ( 'NONE', ( #3628 ), #217, .T. ) ;
#907 = AXIS2_PLACEMENT_3D ( 'NONE', #1856, #2254, #1304 ) ;
#908 = CARTESIAN_POINT ( 'NONE',  ( 60.00000000000000711, 111.9999999999999858, -26.00000000000000000 ) ) ;
#909 = CARTESIAN_POINT ( 'NONE',  ( 60.00000000000000711, 0.000000000000000000, 24.00000000000001421 ) ) ;
#910 = EDGE_CURVE ( 'NONE', #1800, #3349, #676, .T. ) ;
#911 = VERTEX_POINT ( 'NONE', #480 ) ;
#912 = DIRECTION ( 'NONE',  ( 0.000000000000000000, 0.000000000000000000, 1.000000000000000000 ) ) ;
#913 = VERTEX_POINT ( 'NONE', #1698 ) ;
#914 = CARTESIAN_POINT ( 'NONE',  ( 3.918869757271532630E-15, 133.0000000000000000, -32.00000000000001421 ) ) ;
#915 = CARTESIAN_POINT ( 'NONE',  ( 36.00000000000000711, 118.0000000000000000, 24.00000000000001421 ) ) ;
#916 = ORIENTED_EDGE ( 'NONE', *, *, #337, .F. ) ;
#917 = CARTESIAN_POINT ( 'NONE',  ( 50.00000000000001421, 11.99999999999999822, 0.000000000000000000 ) ) ;
#918 = ORIENTED_EDGE ( 'NONE', *, *, #2152, .T. ) ;
#919 = AXIS2_PLACEMENT_3D ( 'NONE', #1287, #2541, #2518 ) ;
#920 = FACE_OUTER_BOUND ( 'NONE', #3821, .T. ) ;
#921 = ADVANCED_FACE ( 'NONE', ( #3940 ), #130, .F. ) ;
#922 = CARTESIAN_POINT ( 'NONE',  ( 6.423465350950520403, 58.83530319467008241, -31.36240749750333379 ) ) ;
#923 = ORIENTED_EDGE ( 'NONE', *, *, #1744, .T. ) ;
#924 = DIRECTION ( 'NONE',  ( -0.000000000000000000, 1.000000000000000000, -0.000000000000000000 ) ) ;
#925 = DIRECTION ( 'NONE',  ( -0.9296590385608262119, 0.3684210526315783718, 0.000000000000000000 ) ) ;
#926 = CARTESIAN_POINT ( 'NONE',  ( 0.000000000000000000, 111.9999999999999858, 0.000000000000000000 ) ) ;
#927 = DIRECTION ( 'NONE',  ( -0.000000000000000000, 0.000000000000000000, 1.000000000000000000 ) ) ;
#928 = ADVANCED_FACE ( 'NONE', ( #1428 ), #1452, .T. ) ;
#929 = EDGE_CURVE ( 'NONE', #2708, #2901, #2623, .T. ) ;
#930 = ORIENTED_EDGE ( 'NONE', *, *, #2017, .F. ) ;
#931 = FACE_OUTER_BOUND ( 'NONE', #962, .T. ) ;
#932 = ADVANCED_FACE ( 'NONE', ( #108 ), #1762, .F. ) ;
#933 = ORIENTED_EDGE ( 'NONE', *, *, #3458, .F. ) ;
#934 = CYLINDRICAL_SURFACE ( 'NONE', #2554, 6.000000000000005329 ) ;
#935 = CARTESIAN_POINT ( 'NONE',  ( 4.594814371430342881, 112.2819310946321991, -31.68200109688301680 ) ) ;
#936 = ADVANCED_FACE ( 'NONE', ( #1678, #2931 ), #1368, .T. ) ;
#937 = AXIS2_PLACEMENT_3D ( 'NONE', #1637, #297, #2583 ) ;
#938 = AXIS2_PLACEMENT_3D ( 'NONE', #1468, #2445, #3710 ) ;
#939 = ORIENTED_EDGE ( 'NONE', *, *, #3683, .T. ) ;
#940 = CIRCLE ( 'NONE', #2653, 32.00000000000001421 ) ;
#941 = CARTESIAN_POINT ( 'NONE',  ( 2.023728835591000848E-15, 44.00000000000000711, 16.52499999999999858 ) ) ;
#942 = ORIENTED_EDGE ( 'NONE', *, *, #1144, .F. ) ;
#943 = DIRECTION ( 'NONE',  ( 0.000000000000000000, 0.000000000000000000, -1.000000000000000000 ) ) ;
#944 = AXIS2_PLACEMENT_3D ( 'NONE', #3072, #1502, #1875 ) ;
#945 = CARTESIAN_POINT ( 'NONE',  ( -20.00000000000001421, 86.00000000000000000, -73.00000000000000000 ) ) ;
#946 = ORIENTED_EDGE ( 'NONE', *, *, #2225, .T. ) ;
#947 = CARTESIAN_POINT ( 'NONE',  ( 53.09489613309776246, 113.0698099476452683, 31.40952685299189895 ) ) ;
#948 = CARTESIAN_POINT ( 'NONE',  ( 1.040834085586084257E-14, 26.80803129787094008, 24.71899013595717776 ) ) ;
#949 = AXIS2_PLACEMENT_3D ( 'NONE', #503, #3340, #800 ) ;
#950 = AXIS2_PLACEMENT_3D ( 'NONE', #1969, #3205, #53 ) ;
#951 = DIRECTION ( 'NONE',  ( 8.659560562354990790E-17, 0.7071067811865427988, -0.7071067811865522357 ) ) ;
#952 = CARTESIAN_POINT ( 'NONE',  ( 47.05263157894734860, 58.11022884317520010, -61.00000000000000000 ) ) ;
#953 = DIRECTION ( 'NONE',  ( 0.000000000000000000, 1.000000000000000000, 0.000000000000000000 ) ) ;
#954 = ORIENTED_EDGE ( 'NONE', *, *, #208, .T. ) ;
#955 = EDGE_CURVE ( 'NONE', #1607, #814, #741, .T. ) ;
#956 = DIRECTION ( 'NONE',  ( -0.000000000000000000, -0.000000000000000000, -1.000000000000000000 ) ) ;
#957 = VERTEX_POINT ( 'NONE', #3280 ) ;
#958 = DIRECTION ( 'NONE',  ( -0.000000000000000000, -0.000000000000000000, -1.000000000000000000 ) ) ;
#959 = DIRECTION ( 'NONE',  ( 0.000000000000000000, -0.7071067811865487940, -0.7071067811865463515 ) ) ;
#960 = VECTOR ( 'NONE', #1155, 1000.000000000000000 ) ;
#961 = EDGE_CURVE ( 'NONE', #1352, #2009, #1928, .T. ) ;
#962 = EDGE_LOOP ( 'NONE', ( #435, #1067, #3102, #2086 ) ) ;
#963 = ADVANCED_FACE ( 'NONE', ( #2339 ), #3588, .T. ) ;
#964 = LINE ( 'NONE', #636, #3972 ) ;
#965 = ORIENTED_EDGE ( 'NONE', *, *, #1493, .F. ) ;
#966 = CARTESIAN_POINT ( 'NONE',  ( 35.53838083884761545, 117.9975013778926325, 24.23080955127066005 ) ) ;
#967 = CARTESIAN_POINT ( 'NONE',  ( 1.294568535101739705E-14, 26.80803129787094008, -20.71899013595717776 ) ) ;
#968 = EDGE_CURVE ( 'NONE', #1874, #2168, #1205, .T. ) ;
#969 = ORIENTED_EDGE ( 'NONE', *, *, #2020, .T. ) ;
#970 = DIRECTION ( 'NONE',  ( -1.000000000000000000, 0.000000000000000000, -0.000000000000000000 ) ) ;
#971 = FACE_OUTER_BOUND ( 'NONE', #655, .T. ) ;
#972 = AXIS2_PLACEMENT_3D ( 'NONE', #182, #2348, #3598 ) ;
#973 = EDGE_CURVE ( 'NONE', #1588, #2994, #2647, .T. ) ;
#974 = AXIS2_PLACEMENT_3D ( 'NONE', #3488, #1930, #1618 ) ;
#975 = DIRECTION ( 'NONE',  ( -1.000000000000000000, 0.000000000000000000, 0.000000000000000000 ) ) ;
#976 = DIRECTION ( 'NONE',  ( 0.000000000000000000, 0.000000000000000000, 1.000000000000000000 ) ) ;
#977 = FACE_OUTER_BOUND ( 'NONE', #2796, .T. ) ;
#978 = CIRCLE ( 'NONE', #191, 24.00000000000001421 ) ;
#979 = LINE ( 'NONE', #1552, #2058 ) ;
#980 = EDGE_LOOP ( 'NONE', ( #2408, #3783, #736 ) ) ;
#981 = DIRECTION ( 'NONE',  ( 0.000000000000000000, 0.000000000000000000, -1.000000000000000000 ) ) ;
#982 = DIRECTION ( 'NONE',  ( 0.000000000000000000, 0.000000000000000000, 1.000000000000000000 ) ) ;
#983 = ORIENTED_EDGE ( 'NONE', *, *, #2599, .T. ) ;
#984 = DIRECTION ( 'NONE',  ( 0.000000000000000000, 1.000000000000000000, 0.000000000000000000 ) ) ;
#985 = VECTOR ( 'NONE', #3594, 1000.000000000000000 ) ;
#986 = ORIENTED_EDGE ( 'NONE', *, *, #3583, .F. ) ;
#987 = CARTESIAN_POINT ( 'NONE',  ( 16.41582183551403062, 111.3276760335974984, 31.91286850953983034 ) ) ;
#988 = ADVANCED_FACE ( 'NONE', ( #3075 ), #1859, .T. ) ;
#989 = CARTESIAN_POINT ( 'NONE',  ( 11.84940327260670756, 56.40569232923831322, -29.74046840116022850 ) ) ;
#990 = ORIENTED_EDGE ( 'NONE', *, *, #2757, .T. ) ;
#991 = DIRECTION ( 'NONE',  ( 0.000000000000000000, 0.000000000000000000, 1.000000000000000000 ) ) ;
#992 = DIRECTION ( 'NONE',  ( 0.3684210526315797041, 0.9296590385608257678, 0.000000000000000000 ) ) ;
#993 = EDGE_CURVE ( 'NONE', #2457, #3169, #2150, .T. ) ;
#994 = DIRECTION ( 'NONE',  ( 0.3684210526315783718, 0.9296590385608262119, -0.000000000000000000 ) ) ;
#995 = DIRECTION ( 'NONE',  ( 2.312964634635742464E-16, -1.000000000000000000, -0.000000000000000000 ) ) ;
#996 = DIRECTION ( 'NONE',  ( 0.000000000000000000, -0.000000000000000000, -1.000000000000000000 ) ) ;
#997 = CARTESIAN_POINT ( 'NONE',  ( 16.47500000000001208, 86.00000000000000000, 41.00000000000000711 ) ) ;
#998 = ORIENTED_EDGE ( 'NONE', *, *, #703, .F. ) ;
#999 = LINE ( 'NONE', #630, #1371 ) ;
#1000 = CARTESIAN_POINT ( 'NONE',  ( -7.894736842105263719, 71.12545538302676107, -61.00000000000000000 ) ) ;
#1001 = EDGE_LOOP ( 'NONE', ( #1748, #1675, #3777 ) ) ;
#1002 = CARTESIAN_POINT ( 'NONE',  ( 37.15309815321456455, 54.01995265157952986, 24.57630624726625257 ) ) ;
#1003 = VERTEX_POINT ( 'NONE', #3652 ) ;
#1004 = LINE ( 'NONE', #516, #1628 ) ;
#1005 = VECTOR ( 'NONE', #1512, 1000.000000000000000 ) ;
#1006 = AXIS2_PLACEMENT_3D ( 'NONE', #3261, #1742, #2024 ) ;
#1007 = AXIS2_PLACEMENT_3D ( 'NONE', #373, #734, #2904 ) ;
#1008 = EDGE_LOOP ( 'NONE', ( #2307, #4073 ) ) ;
#1009 = AXIS2_PLACEMENT_3D ( 'NONE', #3070, #593, #285 ) ;
#1010 = ADVANCED_FACE ( 'NONE', ( #827 ), #3896, .F. ) ;
#1011 = DIRECTION ( 'NONE',  ( -0.000000000000000000, 1.000000000000000000, -0.000000000000000000 ) ) ;
#1012 = ORIENTED_EDGE ( 'NONE', *, *, #537, .F. ) ;
#1013 = EDGE_CURVE ( 'NONE', #1047, #1003, #2426, .T. ) ;
#1014 = EDGE_CURVE ( 'NONE', #169, #716, #3239, .T. ) ;
#1015 = DIRECTION ( 'NONE',  ( 0.000000000000000000, 0.000000000000000000, 1.000000000000000000 ) ) ;
#1016 = DIRECTION ( 'NONE',  ( -0.000000000000000000, 1.000000000000000000, -0.000000000000000000 ) ) ;
#1017 = DIRECTION ( 'NONE',  ( -0.000000000000000000, 1.000000000000000000, -0.000000000000000000 ) ) ;
#1018 = CIRCLE ( 'NONE', #3320, 18.00000000000000000 ) ;
#1019 = CYLINDRICAL_SURFACE ( 'NONE', #2718, 2.000000000000001776 ) ;
#1020 = VERTEX_POINT ( 'NONE', #2059 ) ;
#1021 = DIRECTION ( 'NONE',  ( -1.445602896647339656E-16, 1.000000000000000000, 0.000000000000000000 ) ) ;
#1022 = DIRECTION ( 'NONE',  ( 0.000000000000000000, 0.000000000000000000, -1.000000000000000000 ) ) ;
#1023 = ORIENTED_EDGE ( 'NONE', *, *, #275, .T. ) ;
#1024 = DIRECTION ( 'NONE',  ( 1.000000000000000000, 2.312964634635742464E-16, -0.000000000000000000 ) ) ;
#1025 = ORIENTED_EDGE ( 'NONE', *, *, #2903, .T. ) ;
#1026 = DIRECTION ( 'NONE',  ( -0.9296590385608261009, -0.3684210526315787049, 0.000000000000000000 ) ) ;
#1027 = ORIENTED_EDGE ( 'NONE', *, *, #1393, .T. ) ;
#1028 = AXIS2_PLACEMENT_3D ( 'NONE', #1132, #1791, #3047 ) ;
#1029 = CARTESIAN_POINT ( 'NONE',  ( 24.94736842105264074, 58.11022884317520720, -63.00000000000000000 ) ) ;
#1030 = AXIS2_PLACEMENT_3D ( 'NONE', #3762, #2210, #3457 ) ;
#1031 = EDGE_LOOP ( 'NONE', ( #1685, #3386 ) ) ;
#1032 = CARTESIAN_POINT ( 'NONE',  ( 11.84939431314388081, 56.40569598500006521, 29.74047199718389223 ) ) ;
#1033 = PLANE ( 'NONE',  #582 ) ;
#1034 = AXIS2_PLACEMENT_3D ( 'NONE', #98, #2902, #2311 ) ;
#1035 = DIRECTION ( 'NONE',  ( 0.000000000000000000, 0.000000000000000000, -1.000000000000000000 ) ) ;
#1036 = DIRECTION ( 'NONE',  ( -0.7071067811865546782, 8.659560562355019140E-17, 0.7071067811865403563 ) ) ;
#1037 = ADVANCED_FACE ( 'NONE', ( #3314 ), #473, .T. ) ;
#1038 = AXIS2_PLACEMENT_3D ( 'NONE', #1292, #2547, #3796 ) ;
#1039 = CARTESIAN_POINT ( 'NONE',  ( 32.00000000000001421, 133.0000000000000000, 0.000000000000000000 ) ) ;
#1040 = ORIENTED_EDGE ( 'NONE', *, *, #413, .T. ) ;
#1041 = LINE ( 'NONE', #2027, #3212 ) ;
#1042 = DIRECTION ( 'NONE',  ( -1.000000000000000000, 0.000000000000000000, 0.000000000000000000 ) ) ;
#1043 = EDGE_CURVE ( 'NONE', #3739, #286, #868, .T. ) ;
#1044 = AXIS2_PLACEMENT_3D ( 'NONE', #3361, #542, #1451 ) ;
#1045 = ORIENTED_EDGE ( 'NONE', *, *, #2121, .T. ) ;
#1046 = SURFACE_STYLE_USAGE ( .BOTH. , #3246 ) ;
#1047 = VERTEX_POINT ( 'NONE', #2635 ) ;
#1048 = CARTESIAN_POINT ( 'NONE',  ( 28.66077561426663678, 117.1612742945725358, 27.59868714818678370 ) ) ;
#1049 = ORIENTED_EDGE ( 'NONE', *, *, #658, .T. ) ;
#1050 = VECTOR ( 'NONE', #466, 1000.000000000000000 ) ;
#1051 = DIRECTION ( 'NONE',  ( -1.000000000000000000, 0.000000000000000000, 0.000000000000000000 ) ) ;
#1052 = ORIENTED_EDGE ( 'NONE', *, *, #109, .F. ) ;
#1053 = ORIENTED_EDGE ( 'NONE', *, *, #3375, .T. ) ;
#1054 = DIRECTION ( 'NONE',  ( 0.000000000000000000, -1.000000000000000000, 0.000000000000000000 ) ) ;
#1055 = CARTESIAN_POINT ( 'NONE',  ( 36.00000000000000000, 86.00000000000000000, -75.00000000000000000 ) ) ;
#1056 = LINE ( 'NONE', #2957, #3054 ) ;
#1057 = PRODUCT_DEFINITION_SHAPE ( 'NONE', 'NONE',  #3446 ) ;
#1058 = EDGE_CURVE ( 'NONE', #3695, #529, #84, .T. ) ;
#1059 = EDGE_LOOP ( 'NONE', ( #969, #3275, #897, #2449 ) ) ;
#1060 = DIRECTION ( 'NONE',  ( 0.000000000000000000, 0.000000000000000000, -1.000000000000000000 ) ) ;
#1061 = ADVANCED_FACE ( 'NONE', ( #1689 ), #3176, .F. ) ;
#1062 = CARTESIAN_POINT ( 'NONE',  ( 80.00000000000000000, 86.00000000000000000, -61.00000000000000000 ) ) ;
#1063 = ORIENTED_EDGE ( 'NONE', *, *, #1870, .T. ) ;
#1064 = ADVANCED_FACE ( 'NONE', ( #2396 ), #2258, .F. ) ;
#1065 = CARTESIAN_POINT ( 'NONE',  ( 20.63749262963862563, 57.91079474782833358, 30.89950880175404180 ) ) ;
#1066 = EDGE_CURVE ( 'NONE', #826, #2345, #2459, .T. ) ;
#1067 = ORIENTED_EDGE ( 'NONE', *, *, #2956, .F. ) ;
#1068 = CARTESIAN_POINT ( 'NONE',  ( 36.00000000000000000, 85.99999999999998579, -32.00000000000002132 ) ) ;
#1069 = CARTESIAN_POINT ( 'NONE',  ( 60.00000000000000711, 86.00000000000000000, -75.00000000000000000 ) ) ;
#1070 = AXIS2_PLACEMENT_3D ( 'NONE', #1436, #3638, #427 ) ;
#1071 = DIRECTION ( 'NONE',  ( -0.000000000000000000, -0.000000000000000000, 1.000000000000000000 ) ) ;
#1072 = CARTESIAN_POINT ( 'NONE',  ( 61.81439292781079331, 86.00000000000000000, -59.20579830217100437 ) ) ;
#1073 = VECTOR ( 'NONE', #924, 1000.000000000000000 ) ;
#1074 = AXIS2_PLACEMENT_3D ( 'NONE', #2954, #3297, #2045 ) ;
#1075 = ORIENTED_EDGE ( 'NONE', *, *, #2175, .T. ) ;
#1076 = CARTESIAN_POINT ( 'NONE',  ( 59.99999999999999289, 109.9999999999999858, 26.00000000000000000 ) ) ;
#1077 = EDGE_LOOP ( 'NONE', ( #1336, #63, #3911, #1812 ) ) ;
#1078 = VECTOR ( 'NONE', #616, 1000.000000000000000 ) ;
#1079 = FACE_OUTER_BOUND ( 'NONE', #166, .T. ) ;
#1080 = DIRECTION ( 'NONE',  ( 0.000000000000000000, 0.000000000000000000, 1.000000000000000000 ) ) ;
#1081 = AXIS2_PLACEMENT_3D ( 'NONE', #1954, #1646, #60 ) ;
#1082 = DIRECTION ( 'NONE',  ( 0.000000000000000000, 0.000000000000000000, 1.000000000000000000 ) ) ;
#1083 = ORIENTED_EDGE ( 'NONE', *, *, #2650, .F. ) ;
#1084 = CARTESIAN_POINT ( 'NONE',  ( 37.50000000000000711, 11.99999999999999822, 1.309305502066175324E-13 ) ) ;
#1085 = CARTESIAN_POINT ( 'NONE',  ( 60.00000000000000711, 59.99999999999999289, 24.00000000000000355 ) ) ;
#1086 = ORIENTED_EDGE ( 'NONE', *, *, #3547, .F. ) ;
#1087 = CARTESIAN_POINT ( 'NONE',  ( 21.50923403309671045, 57.45250759267487695, 30.60281206930871534 ) ) ;
#1088 = ORIENTED_EDGE ( 'NONE', *, *, #3330, .F. ) ;
#1089 = CARTESIAN_POINT ( 'NONE',  ( 79.89473684210526017, 100.8745446169732247, -61.00000000000000000 ) ) ;
#1090 = LINE ( 'NONE', #3007, #960 ) ;
#1091 = EDGE_CURVE ( 'NONE', #2070, #3571, #1525, .T. ) ;
#1092 = VERTEX_POINT ( 'NONE', #3929 ) ;
#1093 = FACE_BOUND ( 'NONE', #1663, .T. ) ;
#1094 = CARTESIAN_POINT ( 'NONE',  ( -2.000000000000001776, 86.00000000000000000, -61.00000000000000000 ) ) ;
#1095 = EDGE_CURVE ( 'NONE', #1632, #1871, #167, .T. ) ;
#1096 = CIRCLE ( 'NONE', #828, 2.000000000000001776 ) ;
#1097 = ORIENTED_EDGE ( 'NONE', *, *, #1095, .T. ) ;
#1098 = DIRECTION ( 'NONE',  ( 0.000000000000000000, 0.000000000000000000, -1.000000000000000000 ) ) ;
#1099 = ORIENTED_EDGE ( 'NONE', *, *, #386, .F. ) ;
#1100 = DIRECTION ( 'NONE',  ( 0.000000000000000000, 0.000000000000000000, 1.000000000000000000 ) ) ;
#1101 = DIRECTION ( 'NONE',  ( -0.000000000000000000, 1.000000000000000000, -0.000000000000000000 ) ) ;
#1102 = CARTESIAN_POINT ( 'NONE',  ( 0.000000000000000000, 16.00000000000000000, 0.000000000000000000 ) ) ;
#1103 = CIRCLE ( 'NONE', #312, 27.80377651546390183 ) ;
#1104 = EDGE_LOOP ( 'NONE', ( #3164, #3365 ) ) ;
#1105 = DIRECTION ( 'NONE',  ( 0.000000000000000000, 1.000000000000000000, 0.000000000000000000 ) ) ;
#1106 = DIRECTION ( 'NONE',  ( -0.000000000000000000, 0.000000000000000000, 1.000000000000000000 ) ) ;
#1107 = AXIS2_PLACEMENT_3D ( 'NONE', #1084, #1105, #3614 ) ;
#1108 = VERTEX_POINT ( 'NONE', #2657 ) ;
#1109 = EDGE_LOOP ( 'NONE', ( #3877, #519, #3707, #498 ) ) ;
#1110 = CARTESIAN_POINT ( 'NONE',  ( 0.000000000000000000, 133.0000000000000000, 0.000000000000000000 ) ) ;
#1111 = CIRCLE ( 'NONE', #253, 8.000000000000000000 ) ;
#1112 = AXIS2_PLACEMENT_3D ( 'NONE', #763, #802, #2383 ) ;
#1113 = VERTEX_POINT ( 'NONE', #2719 ) ;
#1114 = DIRECTION ( 'NONE',  ( 0.000000000000000000, 0.000000000000000000, -1.000000000000000000 ) ) ;
#1115 = CARTESIAN_POINT ( 'NONE',  ( 0.000000000000000000, 0.000000000000000000, -73.00000000000000000 ) ) ;
#1116 = EDGE_CURVE ( 'NONE', #1425, #3064, #3622, .T. ) ;
#1117 = VERTEX_POINT ( 'NONE', #2943 ) ;
#1118 = DIRECTION ( 'NONE',  ( 0.000000000000000000, 0.000000000000000000, -1.000000000000000000 ) ) ;
#1119 = EDGE_CURVE ( 'NONE', #3733, #3715, #3581, .T. ) ;
#1120 = ORIENTED_EDGE ( 'NONE', *, *, #3608, .T. ) ;
#1121 = AXIS2_PLACEMENT_3D ( 'NONE', #2809, #3712, #3098 ) ;
#1122 = LINE ( 'NONE', #2953, #3148 ) ;
#1123 = FACE_OUTER_BOUND ( 'NONE', #1691, .T. ) ;
#1124 = DIRECTION ( 'NONE',  ( 0.000000000000000000, 0.000000000000000000, -1.000000000000000000 ) ) ;
#1125 = ORIENTED_EDGE ( 'NONE', *, *, #4007, .T. ) ;
#1126 = LINE ( 'NONE', #2643, #1700 ) ;
#1127 = CARTESIAN_POINT ( 'NONE',  ( 60.00000000000000711, 61.99999999999999289, 24.00000000000000000 ) ) ;
#1128 = EDGE_LOOP ( 'NONE', ( #570, #1514, #1771, #3528 ) ) ;
#1129 = CARTESIAN_POINT ( 'NONE',  ( 26.83854475313114918, 55.32497813541784382, 28.43604344376747051 ) ) ;
#1130 = VERTEX_POINT ( 'NONE', #1444 ) ;
#1131 = DIRECTION ( 'NONE',  ( -0.000000000000000000, -0.000000000000000000, 1.000000000000000000 ) ) ;
#1132 = CARTESIAN_POINT ( 'NONE',  ( 0.000000000000000000, 54.00000000000000711, 0.000000000000000000 ) ) ;
#1133 = PRODUCT ( 'Part1-stepFile', 'Part1-stepFile', '', ( #2801 ) ) ;
#1134 = DIRECTION ( 'NONE',  ( 0.000000000000000000, 0.000000000000000000, 1.000000000000000000 ) ) ;
#1135 = DIRECTION ( 'NONE',  ( 1.000000000000000000, 0.000000000000000000, 0.000000000000000000 ) ) ;
#1136 = VERTEX_POINT ( 'NONE', #2700 ) ;
#1137 = EDGE_CURVE ( 'NONE', #1627, #3416, #1806, .T. ) ;
#1138 = DIRECTION ( 'NONE',  ( -1.000000000000000000, -1.156482317317871725E-16, 0.000000000000000000 ) ) ;
#1139 = EDGE_LOOP ( 'NONE', ( #4055, #2671 ) ) ;
#1140 = AXIS2_PLACEMENT_3D ( 'NONE', #3734, #3423, #3678 ) ;
#1141 = DIRECTION ( 'NONE',  ( -0.000000000000000000, 1.000000000000000000, -0.000000000000000000 ) ) ;
#1142 = VECTOR ( 'NONE', #1141, 1000.000000000000000 ) ;
#1143 = ADVANCED_FACE ( 'NONE', ( #500, #3601, #3271, #1093, #2081, #2353 ), #123, .F. ) ;
#1144 = EDGE_CURVE ( 'NONE', #3119, #2009, #432, .T. ) ;
#1145 = VECTOR ( 'NONE', #718, 1000.000000000000000 ) ;
#1146 = CONICAL_SURFACE ( 'NONE', #3439, 26.00000000000001421, 0.3587706702705721340 ) ;
#1147 = VERTEX_POINT ( 'NONE', #3292 ) ;
#1148 = CARTESIAN_POINT ( 'NONE',  ( 36.00000000000001421, 86.00000000000000000, 39.97500000000000853 ) ) ;
#1149 = DIRECTION ( 'NONE',  ( 1.000000000000000000, 1.156482317317871725E-16, 0.000000000000000000 ) ) ;
#1150 = CIRCLE ( 'NONE', #224, 20.97367342568099602 ) ;
#1151 = ORIENTED_EDGE ( 'NONE', *, *, #1188, .T. ) ;
#1152 = CYLINDRICAL_SURFACE ( 'NONE', #216, 8.000000000000000000 ) ;
#1153 = ORIENTED_EDGE ( 'NONE', *, *, #409, .F. ) ;
#1154 = FACE_OUTER_BOUND ( 'NONE', #3994, .T. ) ;
#1155 = DIRECTION ( 'NONE',  ( 0.000000000000000000, -1.000000000000000000, 0.000000000000000000 ) ) ;
#1156 = EDGE_CURVE ( 'NONE', #4005, #3699, #206, .T. ) ;
#1157 = ORIENTED_EDGE ( 'NONE', *, *, #2047, .F. ) ;
#1158 = CARTESIAN_POINT ( 'NONE',  ( 0.000000000000000000, 11.99999999999999822, 0.000000000000000000 ) ) ;
#1159 = LINE ( 'NONE', #1402, #421 ) ;
#1160 = EDGE_LOOP ( 'NONE', ( #3754, #641, #3552, #1847 ) ) ;
#1161 = FACE_OUTER_BOUND ( 'NONE', #1008, .T. ) ;
#1162 = CARTESIAN_POINT ( 'NONE',  ( 15.36250737036138503, 116.8995088017540525, 28.08920525217169484 ) ) ;
#1163 = AXIS2_PLACEMENT_3D ( 'NONE', #2893, #317, #3506 ) ;
#1164 = DIRECTION ( 'NONE',  ( 0.000000000000000000, -3.252606517456514288E-16, 1.000000000000000000 ) ) ;
#1165 = DIRECTION ( 'NONE',  ( 0.000000000000000000, 0.000000000000000000, -1.000000000000000000 ) ) ;
#1166 = EDGE_CURVE ( 'NONE', #1584, #1911, #678, .T. ) ;
#1167 = VERTEX_POINT ( 'NONE', #1232 ) ;
#1168 = DIRECTION ( 'NONE',  ( -1.000000000000000000, 0.000000000000000000, -0.000000000000000000 ) ) ;
#1169 = ADVANCED_FACE ( 'NONE', ( #3411 ), #2103, .T. ) ;
#1170 = ORIENTED_EDGE ( 'NONE', *, *, #882, .T. ) ;
#1171 = CARTESIAN_POINT ( 'NONE',  ( 37.50000000000000711, 0.000000000000000000, -5.999999999999868550 ) ) ;
#1172 = CARTESIAN_POINT ( 'NONE',  ( 21.16601048851673639, 118.0000000000000000, -24.00000000000001066 ) ) ;
#1173 = VECTOR ( 'NONE', #3368, 1000.000000000000000 ) ;
#1174 = EDGE_LOOP ( 'NONE', ( #2934, #1194 ) ) ;
#1175 = CARTESIAN_POINT ( 'NONE',  ( -20.00000000000001421, 86.00000000000000000, -61.00000000000000000 ) ) ;
#1176 = AXIS2_PLACEMENT_3D ( 'NONE', #3000, #156, #198 ) ;
#1177 = DIRECTION ( 'NONE',  ( 0.9296590385608247686, 0.3684210526315820355, -0.000000000000000000 ) ) ;
#1178 = CIRCLE ( 'NONE', #711, 20.71899013595717776 ) ;
#1179 = ORIENTED_EDGE ( 'NONE', *, *, #3589, .T. ) ;
#1180 = CARTESIAN_POINT ( 'NONE',  ( -21.97243567640636996, 29.71602693072901502, -3.304858529664874229E-15 ) ) ;
#1181 = CARTESIAN_POINT ( 'NONE',  ( 0.000000000000000000, 16.00000000000000000, 0.000000000000000000 ) ) ;
#1182 = AXIS2_PLACEMENT_3D ( 'NONE', #1961, #3465, #976 ) ;
#1183 = AXIS2_PLACEMENT_3D ( 'NONE', #3900, #3265, #444 ) ;
#1184 = CARTESIAN_POINT ( 'NONE',  ( 68.00000000000000000, 62.00000000000000711, 32.00000000000001421 ) ) ;
#1185 = CARTESIAN_POINT ( 'NONE',  ( 1.343554407067633922E-14, 26.80803129787094008, -24.71899013595717776 ) ) ;
#1186 = ORIENTED_EDGE ( 'NONE', *, *, #2825, .F. ) ;
#1187 = EDGE_CURVE ( 'NONE', #147, #1648, #2196, .T. ) ;
#1188 = EDGE_CURVE ( 'NONE', #2511, #4048, #2142, .T. ) ;
#1189 = DIRECTION ( 'NONE',  ( 0.000000000000000000, 0.000000000000000000, 1.000000000000000000 ) ) ;
#1190 = EDGE_LOOP ( 'NONE', ( #1012, #708, #142, #1311 ) ) ;
#1191 = FACE_OUTER_BOUND ( 'NONE', #1974, .T. ) ;
#1192 = DIRECTION ( 'NONE',  ( 0.000000000000000000, 0.000000000000000000, 1.000000000000000000 ) ) ;
#1193 = EDGE_CURVE ( 'NONE', #2790, #3739, #2779, .T. ) ;
#1194 = ORIENTED_EDGE ( 'NONE', *, *, #1137, .F. ) ;
#1195 = EDGE_CURVE ( 'NONE', #2835, #1425, #2400, .T. ) ;
#1196 = CARTESIAN_POINT ( 'NONE',  ( 55.58417816448599780, 60.67232396640246606, 31.91286850953983034 ) ) ;
#1197 = CARTESIAN_POINT ( 'NONE',  ( 0.000000000000000000, 133.0000000000000000, 0.000000000000000000 ) ) ;
#1198 = DIRECTION ( 'NONE',  ( 1.445602896647339656E-16, -1.000000000000000000, 0.000000000000000000 ) ) ;
#1199 = VERTEX_POINT ( 'NONE', #3740 ) ;
#1200 = DIRECTION ( 'NONE',  ( -0.000000000000000000, 1.000000000000000000, -0.000000000000000000 ) ) ;
#1201 = CARTESIAN_POINT ( 'NONE',  ( 55.58417963559689667, 111.3276748593420820, 31.91286866691103086 ) ) ;
#1202 = CARTESIAN_POINT ( 'NONE',  ( 1.153117390031227929, 110.5763158520912270, 31.98004665323596996 ) ) ;
#1203 = COLOUR_RGB ( '',0.7921568627450980005, 0.8196078431372548767, 0.9333333333333333481 ) ;
#1204 = DIRECTION ( 'NONE',  ( 1.000000000000000000, 0.000000000000000000, 1.224646799147353207E-16 ) ) ;
#1205 = CIRCLE ( 'NONE', #1599, 22.99999999999998579 ) ;
#1206 = DIRECTION ( 'NONE',  ( 0.000000000000000000, 1.000000000000000000, 0.000000000000000000 ) ) ;
#1207 = CIRCLE ( 'NONE', #3641, 24.00000000000000000 ) ;
#1208 = CIRCLE ( 'NONE', #3115, 2.000000000000001776 ) ;
#1209 = ORIENTED_EDGE ( 'NONE', *, *, #3630, .T. ) ;
#1210 = DIRECTION ( 'NONE',  ( 0.000000000000000000, 1.000000000000000000, 0.000000000000000000 ) ) ;
#1211 = ORIENTED_EDGE ( 'NONE', *, *, #1569, .F. ) ;
#1212 = CARTESIAN_POINT ( 'NONE',  ( -2.000000000000001776, 86.00000000000000000, -63.00000000000000000 ) ) ;
#1213 = AXIS2_PLACEMENT_3D ( 'NONE', #3233, #3254, #1051 ) ;
#1214 = CARTESIAN_POINT ( 'NONE',  ( 67.98004734842047014, 87.15309815321448639, 24.57630624726633783 ) ) ;
#1215 = ADVANCED_FACE ( 'NONE', ( #2184 ), #3390, .F. ) ;
#1216 = ORIENTED_EDGE ( 'NONE', *, *, #2234, .T. ) ;
#1217 = CARTESIAN_POINT ( 'NONE',  ( 50.49075955455391096, 57.45250430996127022, 30.60280983941686372 ) ) ;
#1218 = DIRECTION ( 'NONE',  ( 0.000000000000000000, 0.000000000000000000, 1.000000000000000000 ) ) ;
#1219 = ADVANCED_FACE ( 'NONE', ( #2819, #2472, #3354, #3684, #4072, #1851 ), #859, .F. ) ;
#1220 = VERTEX_POINT ( 'NONE', #1537 ) ;
#1221 = DIRECTION ( 'NONE',  ( 0.000000000000000000, 0.000000000000000000, 1.000000000000000000 ) ) ;
#1222 = CARTESIAN_POINT ( 'NONE',  ( 60.00000000000000711, 61.99999999999999289, 26.00000000000000000 ) ) ;
#1223 = EDGE_CURVE ( 'NONE', #2634, #1220, #1208, .T. ) ;
#1224 = LINE ( 'NONE', #908, #3729 ) ;
#1225 = DIRECTION ( 'NONE',  ( -0.000000000000000000, 1.000000000000000000, -0.000000000000000000 ) ) ;
#1226 = ORIENTED_EDGE ( 'NONE', *, *, #4029, .F. ) ;
#1227 = CARTESIAN_POINT ( 'NONE',  ( 2.204364238465235428E-15, 34.00000000000000000, 18.00000000000000000 ) ) ;
#1228 = ORIENTED_EDGE ( 'NONE', *, *, #4, .F. ) ;
#1229 = CARTESIAN_POINT ( 'NONE',  ( 3.523553999841322112E-15, 12.00000000000000000, 28.77200187265877673 ) ) ;
#1230 = AXIS2_PLACEMENT_3D ( 'NONE', #2443, #3688, #270 ) ;
#1231 = ORIENTED_EDGE ( 'NONE', *, *, #3983, .F. ) ;
#1232 = CARTESIAN_POINT ( 'NONE',  ( 21.16601048851673283, 54.00000000000000711, 24.00000000000001421 ) ) ;
#1233 = ORIENTED_EDGE ( 'NONE', *, *, #841, .T. ) ;
#1234 = DIRECTION ( 'NONE',  ( 0.000000000000000000, 0.000000000000000000, 1.000000000000000000 ) ) ;
#1235 = CIRCLE ( 'NONE', #1561, 18.00000000000001421 ) ;
#1236 = CIRCLE ( 'NONE', #3537, 5.999999999999998224 ) ;
#1237 = ORIENTED_EDGE ( 'NONE', *, *, #634, .T. ) ;
#1238 = DIRECTION ( 'NONE',  ( 1.167602339599774233E-16, -1.000000000000000000, 0.000000000000000000 ) ) ;
#1239 = EDGE_CURVE ( 'NONE', #2626, #345, #3504, .T. ) ;
#1240 = CARTESIAN_POINT ( 'NONE',  ( 51.36250737036137792, 114.0892052521716806, 30.89950880175404180 ) ) ;
#1241 = EDGE_CURVE ( 'NONE', #1390, #801, #4034, .T. ) ;
#1242 = CARTESIAN_POINT ( 'NONE',  ( 22.55246560404075495, 56.90799518884923458, -61.00000000000000000 ) ) ;
#1243 = CIRCLE ( 'NONE', #2163, 8.000000000000000000 ) ;
#1244 = EDGE_CURVE ( 'NONE', #3574, #1199, #2062, .T. ) ;
#1245 = DIRECTION ( 'NONE',  ( -0.9296590385608262119, -0.3684210526315787604, 0.000000000000000000 ) ) ;
#1246 = DIRECTION ( 'NONE',  ( 1.000000000000000000, 0.000000000000000000, 0.000000000000000000 ) ) ;
#1247 = CIRCLE ( 'NONE', #262, 4.000000000000000000 ) ;
#1248 = EDGE_LOOP ( 'NONE', ( #2840, #1049, #2947, #2052 ) ) ;
#1249 = ORIENTED_EDGE ( 'NONE', *, *, #1241, .F. ) ;
#1250 = DIRECTION ( 'NONE',  ( 1.000000000000000000, 0.000000000000000000, 0.000000000000000000 ) ) ;
#1251 = CARTESIAN_POINT ( 'NONE',  ( 17.09489223878098585, 117.4095258556411636, -27.06981244092086314 ) ) ;
#1252 = ORIENTED_EDGE ( 'NONE', *, *, #80, .F. ) ;
#1253 = CARTESIAN_POINT ( 'NONE',  ( 62.00000000000000711, 61.99999999999999289, -26.00000000000000000 ) ) ;
#1254 = ORIENTED_EDGE ( 'NONE', *, *, #1363, .T. ) ;
#1255 = AXIS2_PLACEMENT_3D ( 'NONE', #3855, #996, #1634 ) ;
#1256 = DIRECTION ( 'NONE',  ( 1.000000000000000000, 0.000000000000000000, 0.000000000000000000 ) ) ;
#1257 = CARTESIAN_POINT ( 'NONE',  ( -37.50000000000001421, -2.000000000000000000, -3.927916506198525466E-13 ) ) ;
#1258 = ORIENTED_EDGE ( 'NONE', *, *, #361, .F. ) ;
#1259 = CARTESIAN_POINT ( 'NONE',  ( 2.816687638038911169E-15, 129.4749999999999943, -22.99999999999998579 ) ) ;
#1260 = CARTESIAN_POINT ( 'NONE',  ( 2.942213934951516036E-15, 130.5000000000000000, -24.02499999999999858 ) ) ;
#1261 = DIRECTION ( 'NONE',  ( 0.000000000000000000, -0.000000000000000000, -1.000000000000000000 ) ) ;
#1262 = CARTESIAN_POINT ( 'NONE',  ( -37.50000000000001421, 0.000000000000000000, 5.999999999999605649 ) ) ;
#1263 = EDGE_CURVE ( 'NONE', #2790, #475, #1354, .T. ) ;
#1264 = CARTESIAN_POINT ( 'NONE',  ( 12.00000000000000711, 86.00000000000000000, 41.00000000000000711 ) ) ;
#1265 = EDGE_CURVE ( 'NONE', #2246, #2666, #485, .T. ) ;
#1266 =( GEOMETRIC_REPRESENTATION_CONTEXT ( 3 ) GLOBAL_UNCERTAINTY_ASSIGNED_CONTEXT ( ( #483 ) ) GLOBAL_UNIT_ASSIGNED_CONTEXT ( ( #514, #3864, #3026 ) ) REPRESENTATION_CONTEXT ( 'NONE', 'WORKASPACE' ) );
#1267 = ORIENTED_EDGE ( 'NONE', *, *, #2874, .T. ) ;
#1268 = DIRECTION ( 'NONE',  ( -0.000000000000000000, -1.000000000000000000, -0.000000000000000000 ) ) ;
#1269 = ORIENTED_EDGE ( 'NONE', *, *, #3227, .F. ) ;
#1270 = CARTESIAN_POINT ( 'NONE',  ( 5.838011697998869787E-15, 61.99999999999998579, -24.00000000000000000 ) ) ;
#1271 = DIRECTION ( 'NONE',  ( -1.000000000000000000, 0.000000000000000000, 0.000000000000000000 ) ) ;
#1272 = ADVANCED_FACE ( 'NONE', ( #1335 ), #1146, .T. ) ;
#1273 = AXIS2_PLACEMENT_3D ( 'NONE', #1679, #2933, #110 ) ;
#1274 = AXIS2_PLACEMENT_3D ( 'NONE', #1463, #1382, #1134 ) ;
#1275 = ORIENTED_EDGE ( 'NONE', *, *, #1187, .F. ) ;
#1276 = CIRCLE ( 'NONE', #284, 48.00000000000001421 ) ;
#1277 = CARTESIAN_POINT ( 'NONE',  ( 37.84351938295122864, 54.04982486249361529, 24.92078964897454441 ) ) ;
#1278 = ORIENTED_EDGE ( 'NONE', *, *, #2702, .T. ) ;
#1279 = CARTESIAN_POINT ( 'NONE',  ( 35.77055382963904151, 118.0000000000000284, 24.11472304213239681 ) ) ;
#1280 = ADVANCED_FACE ( 'NONE', ( #2900 ), #2919, .F. ) ;
#1281 = CARTESIAN_POINT ( 'NONE',  ( 20.38541108193156504, 54.00000000000002132, -24.68842396779634285 ) ) ;
#1282 = ORIENTED_EDGE ( 'NONE', *, *, #973, .T. ) ;
#1283 = DIRECTION ( 'NONE',  ( -0.000000000000000000, -0.000000000000000000, 1.000000000000000000 ) ) ;
#1284 = CARTESIAN_POINT ( 'NONE',  ( 3.429011037612589276E-15, 130.5000000000000000, -28.00000000000000000 ) ) ;
#1285 = CIRCLE ( 'NONE', #2073, 5.999999999999998224 ) ;
#1286 = DIRECTION ( 'NONE',  ( -0.000000000000000000, 1.000000000000000000, -0.000000000000000000 ) ) ;
#1287 = CARTESIAN_POINT ( 'NONE',  ( 36.00000000000001421, 86.00000000000000000, 41.00000000000000711 ) ) ;
#1288 = CYLINDRICAL_SURFACE ( 'NONE', #3988, 5.999999999999998224 ) ;
#1289 = DIRECTION ( 'NONE',  ( 0.000000000000000000, 0.000000000000000000, -1.000000000000000000 ) ) ;
#1290 = ADVANCED_FACE ( 'NONE', ( #406 ), #3534, .T. ) ;
#1291 = ORIENTED_EDGE ( 'NONE', *, *, #782, .T. ) ;
#1292 = CARTESIAN_POINT ( 'NONE',  ( -7.894736842105263719, 71.12545538302676107, -63.00000000000000000 ) ) ;
#1293 = LINE ( 'NONE', #2223, #2306 ) ;
#1294 = VECTOR ( 'NONE', #1907, 1000.000000000000000 ) ;
#1295 = ORIENTED_EDGE ( 'NONE', *, *, #2479, .T. ) ;
#1296 = EDGE_CURVE ( 'NONE', #3184, #899, #2570, .T. ) ;
#1297 = CARTESIAN_POINT ( 'NONE',  ( 0.000000000000000000, 9.999999999999994671, 0.000000000000000000 ) ) ;
#1298 = VECTOR ( 'NONE', #2865, 1000.000000000000000 ) ;
#1299 = ORIENTED_EDGE ( 'NONE', *, *, #1796, .F. ) ;
#1300 = CARTESIAN_POINT ( 'NONE',  ( 20.63749827744360843, 114.0892083737976037, 30.89950698988787181 ) ) ;
#1301 = ORIENTED_EDGE ( 'NONE', *, *, #1620, .F. ) ;
#1302 = DIRECTION ( 'NONE',  ( -0.000000000000000000, 1.000000000000000000, -0.000000000000000000 ) ) ;
#1303 = PLANE ( 'NONE',  #20 ) ;
#1304 = DIRECTION ( 'NONE',  ( 0.000000000000000000, 0.000000000000000000, -1.000000000000000000 ) ) ;
#1305 = VECTOR ( 'NONE', #568, 1000.000000000000000 ) ;
#1306 = AXIS2_PLACEMENT_3D ( 'NONE', #767, #465, #134 ) ;
#1307 = FACE_OUTER_BOUND ( 'NONE', #2207, .T. ) ;
#1308 = LINE ( 'NONE', #398, #856 ) ;
#1309 = CARTESIAN_POINT ( 'NONE',  ( -35.62171768160311558, 89.88642634621747618, -63.00000000000000000 ) ) ;
#1310 = DIRECTION ( 'NONE',  ( 1.000000000000000000, 0.000000000000000000, 0.000000000000000000 ) ) ;
#1311 = ORIENTED_EDGE ( 'NONE', *, *, #1241, .T. ) ;
#1312 = SPHERICAL_SURFACE ( 'NONE', #3605, 8.000000000000000000 ) ;
#1313 = EDGE_CURVE ( 'NONE', #2260, #2323, #3703, .T. ) ;
#1314 = VERTEX_POINT ( 'NONE', #3513 ) ;
#1315 = DIRECTION ( 'NONE',  ( 0.000000000000000000, -0.000000000000000000, 1.000000000000000000 ) ) ;
#1316 = CIRCLE ( 'NONE', #66, 12.50000000000000000 ) ;
#1317 = ORIENTED_EDGE ( 'NONE', *, *, #2753, .T. ) ;
#1318 = DIRECTION ( 'NONE',  ( 0.9296590385608262119, -0.3684210526315783163, 0.000000000000000000 ) ) ;
#1319 = EDGE_CURVE ( 'NONE', #2895, #2676, #691, .T. ) ;
#1320 = CARTESIAN_POINT ( 'NONE',  ( 0.000000000000000000, 62.00000000000000711, -32.00000000000002842 ) ) ;
#1321 = EDGE_CURVE ( 'NONE', #1722, #1911, #2532, .T. ) ;
#1322 = ORIENTED_EDGE ( 'NONE', *, *, #2903, .F. ) ;
#1323 = CIRCLE ( 'NONE', #919, 24.00000000000000000 ) ;
#1324 = DIRECTION ( 'NONE',  ( 0.000000000000000000, 0.000000000000000000, -1.000000000000000000 ) ) ;
#1325 = DIRECTION ( 'NONE',  ( -1.000000000000000000, 0.000000000000000000, 0.000000000000000000 ) ) ;
#1326 = EDGE_LOOP ( 'NONE', ( #1023, #1278, #3849, #3613, #1475, #111 ) ) ;
#1327 = CARTESIAN_POINT ( 'NONE',  ( -24.00000000000001421, 111.9999999999999716, 0.000000000000000000 ) ) ;
#1328 = CARTESIAN_POINT ( 'NONE',  ( -37.50000000000001421, -2.000000000000000000, -3.927916506198525466E-13 ) ) ;
#1329 = CARTESIAN_POINT ( 'NONE',  ( 47.78947368421050612, 56.25091076605355767, -61.00000000000000000 ) ) ;
#1330 = CARTESIAN_POINT ( 'NONE',  ( 0.000000000000000000, 44.00000000000000711, 0.000000000000000000 ) ) ;
#1331 = ORIENTED_EDGE ( 'NONE', *, *, #1396, .F. ) ;
#1332 = FACE_OUTER_BOUND ( 'NONE', #2683, .T. ) ;
#1333 = DIRECTION ( 'NONE',  ( -0.000000000000000000, -0.000000000000000000, -1.000000000000000000 ) ) ;
#1334 = ORIENTED_EDGE ( 'NONE', *, *, #233, .F. ) ;
#1335 = FACE_OUTER_BOUND ( 'NONE', #369, .T. ) ;
#1336 = ORIENTED_EDGE ( 'NONE', *, *, #3124, .F. ) ;
#1337 = CARTESIAN_POINT ( 'NONE',  ( 24.15060568685615294, 115.7404719971838887, 29.59430401499995611 ) ) ;
#1338 = AXIS2_PLACEMENT_3D ( 'NONE', #2686, #420, #1981 ) ;
#1339 = AXIS2_PLACEMENT_3D ( 'NONE', #2591, #3843, #1315 ) ;
#1340 = DIRECTION ( 'NONE',  ( 0.3684210526315782608, 0.9296590385608264340, 0.000000000000000000 ) ) ;
#1341 = EDGE_CURVE ( 'NONE', #1130, #2457, #3782, .T. ) ;
#1342 = AXIS2_PLACEMENT_3D ( 'NONE', #881, #3702, #573 ) ;
#1343 = ORIENTED_EDGE ( 'NONE', *, *, #1095, .F. ) ;
#1344 = CARTESIAN_POINT ( 'NONE',  ( 12.99999999999999467, 86.00000000000000000, -32.00000000000002132 ) ) ;
#1345 = EDGE_CURVE ( 'NONE', #1826, #2336, #964, .T. ) ;
#1346 = FACE_OUTER_BOUND ( 'NONE', #1059, .T. ) ;
#1347 = AXIS2_PLACEMENT_3D ( 'NONE', #3649, #1521, #2747 ) ;
#1348 = DIRECTION ( 'NONE',  ( 0.000000000000000000, 1.000000000000000000, 3.252606517456514288E-16 ) ) ;
#1349 = DIRECTION ( 'NONE',  ( 0.000000000000000000, -1.000000000000000000, 0.000000000000000000 ) ) ;
#1350 = TOROIDAL_SURFACE ( 'NONE', #231, 16.00000000000000711, 2.000000000000000000 ) ;
#1351 = CARTESIAN_POINT ( 'NONE',  ( 1.040834085586084257E-14, 29.71602693072901502, 0.000000000000000000 ) ) ;
#1352 = VERTEX_POINT ( 'NONE', #3474 ) ;
#1353 = DIRECTION ( 'NONE',  ( -0.000000000000000000, -0.000000000000000000, -1.000000000000000000 ) ) ;
#1355 = ORIENTED_EDGE ( 'NONE', *, *, #2102, .F. ) ;
#1354 = B_SPLINE_CURVE_WITH_KNOTS ( 'NONE', 3,
 ( #3051, #1817, #1196, #4014, #3701, #898, #1217, #880, #1833, #3091, #265, #2162, #2228, #3228, #1893, #3820, #1277, #1002, #96, #1952, #713, #3209 ),
 .UNSPECIFIED., .F., .F.,
 ( 4, 2, 2, 2, 2, 2, 2, 2, 2, 2, 4 ),
 ( 0.000000000000000000, 0.003078342865769893681, 0.006156685731539787362, 0.009235028597309683646, 0.01231337146307957993, 0.01539171432884947621, 0.01847005719461937076, 0.02154840006038926878, 0.02308757149327421779, 0.02385715720971670270, 0.02462674292615918761 ),
 .UNSPECIFIED. ) ;
#1356 = CARTESIAN_POINT ( 'NONE',  ( 60.00000000000000711, 109.9999999999999858, 24.00000000000001421 ) ) ;
#1357 = ORIENTED_EDGE ( 'NONE', *, *, #1870, .F. ) ;
#1358 = CARTESIAN_POINT ( 'NONE',  ( 23.26563181459131613, 115.3730742272429808, 29.95036874277201022 ) ) ;
#1359 = AXIS2_PLACEMENT_3D ( 'NONE', #2105, #1198, #1503 ) ;
#1360 = DIRECTION ( 'NONE',  ( 1.156482317317870246E-16, -1.000000000000000000, 0.000000000000000000 ) ) ;
#1361 = AXIS2_PLACEMENT_3D ( 'NONE', #126, #1385, #1365 ) ;
#1362 = ORIENTED_EDGE ( 'NONE', *, *, #1363, .F. ) ;
#1363 = EDGE_CURVE ( 'NONE', #3733, #2717, #3643, .T. ) ;
#1364 = ADVANCED_FACE ( 'NONE', ( #2862 ), #2551, .F. ) ;
#1365 = DIRECTION ( 'NONE',  ( -1.000000000000000000, 0.000000000000000000, 0.000000000000000000 ) ) ;
#1366 = DIRECTION ( 'NONE',  ( 0.000000000000000000, -1.000000000000000000, 0.000000000000000000 ) ) ;
#1367 = CIRCLE ( 'NONE', #644, 25.02668516238259855 ) ;
#1368 = PLANE ( 'NONE',  #2981 ) ;
#1369 = EDGE_CURVE ( 'NONE', #2077, #3713, #2846, .T. ) ;
#1370 = EDGE_CURVE ( 'NONE', #594, #2895, #3189, .T. ) ;
#1371 = VECTOR ( 'NONE', #1353, 1000.000000000000000 ) ;
#1372 = PLANE ( 'NONE',  #4031 ) ;
#1373 = VERTEX_POINT ( 'NONE', #57 ) ;
#1374 = CARTESIAN_POINT ( 'NONE',  ( 12.99999999999999467, 86.00000000000000000, -32.00000000000002132 ) ) ;
#1375 = DIRECTION ( 'NONE',  ( -1.000000000000000000, 0.000000000000000000, 0.000000000000000000 ) ) ;
#1376 = AXIS2_PLACEMENT_3D ( 'NONE', #2298, #2240, #3485 ) ;
#1377 = ORIENTED_EDGE ( 'NONE', *, *, #1744, .F. ) ;
#1378 = CARTESIAN_POINT ( 'NONE',  ( 23.26562371546030050, 56.62692931105772942, 29.95037190341222910 ) ) ;
#1379 = EDGE_LOOP ( 'NONE', ( #3999, #448, #2940, #766 ) ) ;
#1380 = DIRECTION ( 'NONE',  ( -0.000000000000000000, 1.000000000000000000, -0.000000000000000000 ) ) ;
#1381 = ORIENTED_EDGE ( 'NONE', *, *, #1920, .F. ) ;
#1382 = DIRECTION ( 'NONE',  ( -0.000000000000000000, 1.000000000000000000, -0.000000000000000000 ) ) ;
#1383 = DIRECTION ( 'NONE',  ( 0.000000000000000000, 0.000000000000000000, -1.000000000000000000 ) ) ;
#1384 = ORIENTED_EDGE ( 'NONE', *, *, #234, .F. ) ;
#1385 = DIRECTION ( 'NONE',  ( -0.000000000000000000, -0.000000000000000000, -1.000000000000000000 ) ) ;
#1386 = MANIFOLD_SOLID_BREP ( 'Cut-Extrude6', #2817 ) ;
#1387 = CARTESIAN_POINT ( 'NONE',  ( 14.83398951148327072, 62.00000000000000711, 32.00000000000001421 ) ) ;
#1388 = DIRECTION ( 'NONE',  ( 1.156482317317871725E-16, -1.000000000000000000, 0.000000000000000000 ) ) ;
#1389 = CARTESIAN_POINT ( 'NONE',  ( 60.00000000000000711, 118.0000000000000000, 32.00000000000001421 ) ) ;
#1390 = VERTEX_POINT ( 'NONE', #771 ) ;
#1391 = FACE_BOUND ( 'NONE', #3760, .T. ) ;
#1392 = DIRECTION ( 'NONE',  ( 1.000000000000000000, 1.156482317317871725E-16, 0.000000000000000000 ) ) ;
#1393 = EDGE_CURVE ( 'NONE', #1531, #2669, #3828, .T. ) ;
#1394 = ORIENTED_EDGE ( 'NONE', *, *, #2501, .T. ) ;
#1395 = CARTESIAN_POINT ( 'NONE',  ( 3.673940397442059178E-15, -2.000000000000000000, -30.00000000000000000 ) ) ;
#1396 = EDGE_CURVE ( 'NONE', #475, #3396, #2144, .T. ) ;
#1397 = ORIENTED_EDGE ( 'NONE', *, *, #2309, .F. ) ;
#1398 = CARTESIAN_POINT ( 'NONE',  ( 80.63157894736842479, 102.7338626940948672, -63.00000000000000000 ) ) ;
#1399 = DIRECTION ( 'NONE',  ( -1.000000000000000000, 0.000000000000000000, 0.000000000000000000 ) ) ;
#1400 = AXIS2_PLACEMENT_3D ( 'NONE', #3714, #2486, #912 ) ;
#1401 = DIRECTION ( 'NONE',  ( 0.000000000000000000, 0.000000000000000000, -1.000000000000000000 ) ) ;
#1402 = CARTESIAN_POINT ( 'NONE',  ( 0.000000000000000000, -2.000000000000000000, -17.99999999999999645 ) ) ;
#1403 = VECTOR ( 'NONE', #2278, 1000.000000000000000 ) ;
#1404 = AXIS2_PLACEMENT_3D ( 'NONE', #2272, #2236, #1383 ) ;
#1405 = AXIS2_PLACEMENT_3D ( 'NONE', #1482, #842, #2454 ) ;
#1406 = ORIENTED_EDGE ( 'NONE', *, *, #306, .T. ) ;
#1407 = CARTESIAN_POINT ( 'NONE',  ( 3.679568107019110634, 60.16797171388255094, 31.80108964775450886 ) ) ;
#1408 = AXIS2_PLACEMENT_3D ( 'NONE', #2495, #3456, #2120 ) ;
#1409 = DIRECTION ( 'NONE',  ( 1.734723475976807094E-15, 0.000000000000000000, -1.000000000000000000 ) ) ;
#1410 = CARTESIAN_POINT ( 'NONE',  ( 1.040834085586084257E-14, 52.97999199359360034, 0.000000000000000000 ) ) ;
#1411 = CARTESIAN_POINT ( 'NONE',  ( 17.50000000000002132, 86.00000000000000000, 26.00000000000000000 ) ) ;
#1412 = EDGE_LOOP ( 'NONE', ( #1299, #487, #1731, #2021 ) ) ;
#1413 = LINE ( 'NONE', #1085, #128 ) ;
#1414 = ORIENTED_EDGE ( 'NONE', *, *, #3986, .T. ) ;
#1415 = ADVANCED_FACE ( 'NONE', ( #447 ), #2938, .F. ) ;
#1416 = CARTESIAN_POINT ( 'NONE',  ( 18.90510386690224465, 58.93019005235470331, 31.40952685299189184 ) ) ;
#1417 = ORIENTED_EDGE ( 'NONE', *, *, #2675, .T. ) ;
#1418 = CARTESIAN_POINT ( 'NONE',  ( 68.00000000000000000, 109.9999999999999858, 24.00000000000001421 ) ) ;
#1419 = FACE_OUTER_BOUND ( 'NONE', #2097, .T. ) ;
#1420 = ADVANCED_FACE ( 'NONE', ( #1727 ), #2010, .F. ) ;
#1421 = ORIENTED_EDGE ( 'NONE', *, *, #857, .F. ) ;
#1422 = CARTESIAN_POINT ( 'NONE',  ( -2.611263123337466034E-13, -2.000000000000000000, 31.50000000000000711 ) ) ;
#1423 = DIRECTION ( 'NONE',  ( 0.000000000000000000, 0.000000000000000000, -1.000000000000000000 ) ) ;
#1424 = VECTOR ( 'NONE', #3310, 1000.000000000000000 ) ;
#1425 = VERTEX_POINT ( 'NONE', #2963 ) ;
#1426 = DIRECTION ( 'NONE',  ( -0.1028991510855054720, 0.000000000000000000, -0.9946917938265512626 ) ) ;
#1427 = FACE_BOUND ( 'NONE', #4008, .T. ) ;
#1428 = FACE_OUTER_BOUND ( 'NONE', #2569, .T. ) ;
#1429 = FACE_OUTER_BOUND ( 'NONE', #16, .T. ) ;
#1430 = AXIS2_PLACEMENT_3D ( 'NONE', #2159, #1497, #855 ) ;
#1431 = EDGE_LOOP ( 'NONE', ( #122, #3904, #2662, #2453 ) ) ;
#1432 = DIRECTION ( 'NONE',  ( 0.000000000000000000, -1.000000000000000000, 0.000000000000000000 ) ) ;
#1433 = DIRECTION ( 'NONE',  ( -1.000000000000000000, 0.000000000000000000, 0.000000000000000000 ) ) ;
#1434 = AXIS2_PLACEMENT_3D ( 'NONE', #1703, #2691, #2959 ) ;
#1435 = ORIENTED_EDGE ( 'NONE', *, *, #28, .T. ) ;
#1436 = CARTESIAN_POINT ( 'NONE',  ( 36.00000000000001421, 86.00000000000000000, 45.00000000000001421 ) ) ;
#1437 = ORIENTED_EDGE ( 'NONE', *, *, #639, .F. ) ;
#1438 = DIRECTION ( 'NONE',  ( 0.000000000000000000, 0.000000000000000000, 1.000000000000000000 ) ) ;
#1439 = CIRCLE ( 'NONE', #2369, 25.81439292781079686 ) ;
#1440 = DIRECTION ( 'NONE',  ( 0.000000000000000000, -1.000000000000000000, 0.000000000000000000 ) ) ;
#1441 = EDGE_CURVE ( 'NONE', #829, #2319, #138, .T. ) ;
#1442 = VECTOR ( 'NONE', #3463, 1000.000000000000000 ) ;
#1443 = ORIENTED_EDGE ( 'NONE', *, *, #1725, .T. ) ;
#1444 = CARTESIAN_POINT ( 'NONE',  ( 60.00000000000000711, 61.99999999999999289, -26.00000000000000000 ) ) ;
#1445 = DIRECTION ( 'NONE',  ( 1.000000000000000000, 0.000000000000000000, 0.000000000000000000 ) ) ;
#1446 = EDGE_CURVE ( 'NONE', #594, #2391, #2395, .T. ) ;
#1447 = EDGE_CURVE ( 'NONE', #2113, #1712, #468, .T. ) ;
#1448 = CIRCLE ( 'NONE', #1970, 8.000000000000000000 ) ;
#1449 = ORIENTED_EDGE ( 'NONE', *, *, #2020, .F. ) ;
#1450 = DIRECTION ( 'NONE',  ( 0.000000000000000000, -0.000000000000000000, -1.000000000000000000 ) ) ;
#1451 = DIRECTION ( 'NONE',  ( 0.000000000000000000, 0.000000000000000000, 1.000000000000000000 ) ) ;
#1452 = SPHERICAL_SURFACE ( 'NONE', #280, 32.00000000000000000 ) ;
#1453 = DIRECTION ( 'NONE',  ( 0.000000000000000000, 0.000000000000000000, -1.000000000000000000 ) ) ;
#1454 = ORIENTED_EDGE ( 'NONE', *, *, #2955, .T. ) ;
#1455 = PLANE ( 'NONE',  #1434 ) ;
#1456 = DIRECTION ( 'NONE',  ( 0.000000000000000000, 0.000000000000000000, 1.000000000000000000 ) ) ;
#1457 = ORIENTED_EDGE ( 'NONE', *, *, #2860, .T. ) ;
#1458 = CARTESIAN_POINT ( 'NONE',  ( 90.00000000000000000, 86.00000000000000000, -61.00000000000000000 ) ) ;
#1459 = VERTEX_POINT ( 'NONE', #530 ) ;
#1460 = CARTESIAN_POINT ( 'NONE',  ( -8.631578947368424792, 69.26613730590510443, -61.00000000000000000 ) ) ;
#1461 = CARTESIAN_POINT ( 'NONE',  ( 68.00000000000000000, 54.00000000000000711, 24.00000000000001421 ) ) ;
#1462 = ORIENTED_EDGE ( 'NONE', *, *, #3932, .T. ) ;
#1463 = CARTESIAN_POINT ( 'NONE',  ( 1.040834085586084257E-14, 29.71602693072901502, 0.000000000000000000 ) ) ;
#1464 = CARTESIAN_POINT ( 'NONE',  ( 0.000000000000000000, 52.97999199359360034, 0.000000000000000000 ) ) ;
#1465 = ORIENTED_EDGE ( 'NONE', *, *, #3352, .T. ) ;
#1466 = CARTESIAN_POINT ( 'NONE',  ( 2.312964634635744929E-16, 59.99999999999998579, -24.00000000000000000 ) ) ;
#1467 = EDGE_CURVE ( 'NONE', #2513, #1047, #4006, .T. ) ;
#1468 = CARTESIAN_POINT ( 'NONE',  ( 0.000000000000000000, 131.0000000000000000, 0.000000000000000000 ) ) ;
#1469 = AXIS2_PLACEMENT_3D ( 'NONE', #2831, #3523, #27 ) ;
#1470 = EDGE_CURVE ( 'NONE', #2057, #3257, #735, .T. ) ;
#1471 = CIRCLE ( 'NONE', #2847, 5.999999999999998224 ) ;
#1472 = CARTESIAN_POINT ( 'NONE',  ( 1.343554407067633922E-14, 26.80803129787094008, -24.71899013595717776 ) ) ;
#1473 = CYLINDRICAL_SURFACE ( 'NONE', #2378, 18.49999999999998934 ) ;
#1474 = AXIS2_PLACEMENT_3D ( 'NONE', #1197, #1895, #1234 ) ;
#1475 = ORIENTED_EDGE ( 'NONE', *, *, #1013, .T. ) ;
#1476 = DIRECTION ( 'NONE',  ( 1.000000000000000000, 0.000000000000000000, 0.000000000000000000 ) ) ;
#1477 = ORIENTED_EDGE ( 'NONE', *, *, #2829, .T. ) ;
#1478 = DIRECTION ( 'NONE',  ( -1.000000000000000000, 0.000000000000000000, 0.000000000000000000 ) ) ;
#1479 = CARTESIAN_POINT ( 'NONE',  ( 6.069308161462447484E-15, 59.99999999999998579, -24.00000000000001421 ) ) ;
#1480 = ORIENTED_EDGE ( 'NONE', *, *, #2629, .T. ) ;
#1481 = AXIS2_PLACEMENT_3D ( 'NONE', #3104, #3427, #1192 ) ;
#1482 = CARTESIAN_POINT ( 'NONE',  ( 0.000000000000000000, 44.00000000000000711, 0.000000000000000000 ) ) ;
#1483 = DIRECTION ( 'NONE',  ( 0.000000000000000000, -1.000000000000000000, 0.000000000000000000 ) ) ;
#1484 = ORIENTED_EDGE ( 'NONE', *, *, #3776, .F. ) ;
#1485 = CARTESIAN_POINT ( 'NONE',  ( 68.00000000000000000, 86.00000000000000000, 45.00000000000001421 ) ) ;
#1486 = CARTESIAN_POINT ( 'NONE',  ( 17.93890350930006150, 117.6179878436783497, 26.51842654955035883 ) ) ;
#1487 = AXIS2_PLACEMENT_3D ( 'NONE', #1309, #666, #1575 ) ;
#1488 = EDGE_CURVE ( 'NONE', #3367, #385, #3048, .T. ) ;
#1489 = EDGE_CURVE ( 'NONE', #913, #3214, #2191, .T. ) ;
#1490 = CARTESIAN_POINT ( 'NONE',  ( 2.335204679199550439E-16, 109.9999999999999716, -26.00000000000000000 ) ) ;
#1491 = CYLINDRICAL_SURFACE ( 'NONE', #3358, 32.00000000000000000 ) ;
#1492 = ADVANCED_FACE ( 'NONE', ( #3085 ), #834, .F. ) ;
#1493 = EDGE_CURVE ( 'NONE', #1020, #2771, #587, .T. ) ;
#1494 = VERTEX_POINT ( 'NONE', #2773 ) ;
#1495 = DIRECTION ( 'NONE',  ( -0.000000000000000000, 0.000000000000000000, 1.000000000000000000 ) ) ;
#1496 = ORIENTED_EDGE ( 'NONE', *, *, #106, .F. ) ;
#1497 = DIRECTION ( 'NONE',  ( -0.000000000000000000, 1.000000000000000000, -0.000000000000000000 ) ) ;
#1498 = DIRECTION ( 'NONE',  ( -0.000000000000000000, 0.000000000000000000, 1.000000000000000000 ) ) ;
#1499 = ORIENTED_EDGE ( 'NONE', *, *, #3421, .T. ) ;
#1500 = CARTESIAN_POINT ( 'NONE',  ( 60.00000000000000711, 109.9999999999999858, 0.000000000000000000 ) ) ;
#1501 = CIRCLE ( 'NONE', #2946, 32.00000000000000000 ) ;
#1502 = DIRECTION ( 'NONE',  ( -0.000000000000000000, 1.000000000000000000, -0.000000000000000000 ) ) ;
#1503 = DIRECTION ( 'NONE',  ( 1.000000000000000000, 0.000000000000000000, 0.000000000000000000 ) ) ;
#1504 = AXIS2_PLACEMENT_3D ( 'NONE', #1676, #2297, #1654 ) ;
#1505 = EDGE_LOOP ( 'NONE', ( #2642, #3121, #3884, #3774 ) ) ;
#1506 = DIRECTION ( 'NONE',  ( 1.000000000000000000, 0.000000000000000000, 0.000000000000000000 ) ) ;
#1507 = CIRCLE ( 'NONE', #1711, 16.00000000000000000 ) ;
#1508 = CIRCLE ( 'NONE', #2564, 18.00000000000000000 ) ;
#1509 = CARTESIAN_POINT ( 'NONE',  ( 24.94736842105264074, 58.11022884317520720, -61.00000000000000000 ) ) ;
#1510 = CARTESIAN_POINT ( 'NONE',  ( 68.00000000000000000, 62.00000000000000711, -32.00000000000002842 ) ) ;
#1511 = ORIENTED_EDGE ( 'NONE', *, *, #281, .F. ) ;
#1512 = DIRECTION ( 'NONE',  ( -0.000000000000000000, -1.000000000000000000, -0.000000000000000000 ) ) ;
#1513 = ADVANCED_FACE ( 'NONE', ( #2157 ), #1788, .F. ) ;
#1514 = ORIENTED_EDGE ( 'NONE', *, *, #434, .T. ) ;
#1515 = DIRECTION ( 'NONE',  ( -0.000000000000000000, 1.000000000000000000, -0.000000000000000000 ) ) ;
#1516 = CARTESIAN_POINT ( 'NONE',  ( 65.37307422724302342, 98.73436818540871229, 29.95036874277201377 ) ) ;
#1517 = ORIENTED_EDGE ( 'NONE', *, *, #1540, .T. ) ;
#1518 = EDGE_CURVE ( 'NONE', #814, #3347, #2123, .T. ) ;
#1519 = CARTESIAN_POINT ( 'NONE',  ( 0.000000000000000000, -2.000000000000000000, 0.000000000000000000 ) ) ;
#1520 = CARTESIAN_POINT ( 'NONE',  ( 11.99999999999999289, 86.00000000000000000, -73.00000000000000000 ) ) ;
#1521 = DIRECTION ( 'NONE',  ( -0.000000000000000000, 1.000000000000000000, -0.000000000000000000 ) ) ;
#1522 = CARTESIAN_POINT ( 'NONE',  ( 40.59483032927754209, 117.6819987595395816, 26.28193888774239895 ) ) ;
#1523 = AXIS2_PLACEMENT_3D ( 'NONE', #2179, #1530, #1168 ) ;
#1524 = PLANE ( 'NONE',  #450 ) ;
#1525 = CIRCLE ( 'NONE', #415, 48.00000000000001421 ) ;
#1526 = CARTESIAN_POINT ( 'NONE',  ( 60.00000000000000711, 109.9999999999999858, 26.00000000000000000 ) ) ;
#1527 = AXIS2_PLACEMENT_3D ( 'NONE', #3498, #3481, #2252 ) ;
#1528 = AXIS2_PLACEMENT_3D ( 'NONE', #2287, #15, #1935 ) ;
#1529 = EDGE_LOOP ( 'NONE', ( #1913, #423, #2991 ) ) ;
#1530 = DIRECTION ( 'NONE',  ( 0.000000000000000000, 0.000000000000000000, -1.000000000000000000 ) ) ;
#1531 = VERTEX_POINT ( 'NONE', #1827 ) ;
#1532 = FACE_OUTER_BOUND ( 'NONE', #75, .T. ) ;
#1533 = AXIS2_PLACEMENT_3D ( 'NONE', #900, #2208, #943 ) ;
#1534 = CARTESIAN_POINT ( 'NONE',  ( 66.39146951751614267, 96.06292207907492298, 28.83718653448045544 ) ) ;
#1535 = EDGE_CURVE ( 'NONE', #650, #345, #2646, .T. ) ;
#1536 = ADVANCED_FACE ( 'NONE', ( #2136 ), #3385, .T. ) ;
#1537 = CARTESIAN_POINT ( 'NONE',  ( 3.918869757271532630E-15, 131.0000000000000000, -32.00000000000001421 ) ) ;
#1538 = VERTEX_POINT ( 'NONE', #1458 ) ;
#1539 = DIRECTION ( 'NONE',  ( 0.000000000000000000, 0.000000000000000000, -1.000000000000000000 ) ) ;
#1540 = EDGE_CURVE ( 'NONE', #296, #744, #1732, .T. ) ;
#1541 = CARTESIAN_POINT ( 'NONE',  ( 0.4616390704810057199, 61.76918049585229653, -31.99750108906340174 ) ) ;
#1542 = CIRCLE ( 'NONE', #430, 20.71899013595717776 ) ;
#1543 = VERTEX_POINT ( 'NONE', #2114 ) ;
#1544 = CARTESIAN_POINT ( 'NONE',  ( -37.50000000000001421, 11.99999999999999822, -3.927916506198525466E-13 ) ) ;
#1545 = CARTESIAN_POINT ( 'NONE',  ( 38.30301151286592187, 117.9203425521651241, 25.14956756961930751 ) ) ;
#1546 = DIRECTION ( 'NONE',  ( -0.000000000000000000, 1.000000000000000000, -0.000000000000000000 ) ) ;
#1547 = AXIS2_PLACEMENT_3D ( 'NONE', #3437, #622, #311 ) ;
#1548 = CARTESIAN_POINT ( 'NONE',  ( 66.67502186458217750, 76.83854475313113142, 28.43604344376747051 ) ) ;
#1549 = DIRECTION ( 'NONE',  ( -0.000000000000000000, 1.000000000000000000, -0.000000000000000000 ) ) ;
#1550 = AXIS2_PLACEMENT_3D ( 'NONE', #3161, #340, #1594 ) ;
#1551 = ORIENTED_EDGE ( 'NONE', *, *, #331, .T. ) ;
#1552 = CARTESIAN_POINT ( 'NONE',  ( 2.816687638038911169E-15, 130.5000000000000000, -22.99999999999998934 ) ) ;
#1553 = EDGE_LOOP ( 'NONE', ( #2276, #3978 ) ) ;
#1554 = DIRECTION ( 'NONE',  ( 0.000000000000000000, 1.000000000000000000, 0.000000000000000000 ) ) ;
#1555 = CARTESIAN_POINT ( 'NONE',  ( -37.50000000000001421, 0.000000000000000000, -6.000000000000391687 ) ) ;
#1556 = CIRCLE ( 'NONE', #2939, 25.02668516238259855 ) ;
#1557 = ORIENTED_EDGE ( 'NONE', *, *, #2925, .F. ) ;
#1558 = DIRECTION ( 'NONE',  ( 1.000000000000000000, -0.000000000000000000, -0.000000000000000000 ) ) ;
#1559 = EDGE_LOOP ( 'NONE', ( #1776, #1595, #2476, #2030 ) ) ;
#1560 = DIRECTION ( 'NONE',  ( 1.000000000000000000, 0.000000000000000000, 0.000000000000000000 ) ) ;
#1561 = AXIS2_PLACEMENT_3D ( 'NONE', #2672, #3924, #2373 ) ;
#1562 = CARTESIAN_POINT ( 'NONE',  ( 0.2295910387783249018, 61.88520452360261004, -32.00000000000003553 ) ) ;
#1563 = AXIS2_PLACEMENT_3D ( 'NONE', #2482, #3730, #3984 ) ;
#1564 = VERTEX_POINT ( 'NONE', #1227 ) ;
#1565 = CARTESIAN_POINT ( 'NONE',  ( 3.184081677783119768E-15, 11.99999999999999645, 26.00000000000001421 ) ) ;
#1566 = EDGE_CURVE ( 'NONE', #3668, #2798, #4027, .T. ) ;
#1567 = CARTESIAN_POINT ( 'NONE',  ( 46.06293279962721243, 116.3914659420610747, 28.83719121922376161 ) ) ;
#1568 = VECTOR ( 'NONE', #1426, 1000.000000000000000 ) ;
#1569 = EDGE_CURVE ( 'NONE', #819, #446, #3044, .T. ) ;
#1570 = LINE ( 'NONE', #2827, #372 ) ;
#1571 = AXIS2_PLACEMENT_3D ( 'NONE', #3296, #1366, #1741 ) ;
#1572 = ADVANCED_FACE ( 'NONE', ( #3966 ), #1152, .T. ) ;
#1573 = DIRECTION ( 'NONE',  ( 1.000000000000000000, 0.000000000000000000, 0.000000000000000000 ) ) ;
#1574 = CARTESIAN_POINT ( 'NONE',  ( 68.00000000000000000, 109.9999999999999858, 24.00000000000001421 ) ) ;
#1575 = DIRECTION ( 'NONE',  ( -0.3684210526315797041, 0.9296590385608257678, 0.000000000000000000 ) ) ;
#1576 = AXIS2_PLACEMENT_3D ( 'NONE', #3024, #3326, #1433 ) ;
#1577 = ORIENTED_EDGE ( 'NONE', *, *, #1797, .T. ) ;
#1578 = DIRECTION ( 'NONE',  ( -2.312964634635742464E-16, 1.000000000000000000, 0.000000000000000000 ) ) ;
#1579 = ORIENTED_EDGE ( 'NONE', *, *, #3478, .T. ) ;
#1580 = DIRECTION ( 'NONE',  ( 0.000000000000000000, 0.000000000000000000, -1.000000000000000000 ) ) ;
#1581 = CARTESIAN_POINT ( 'NONE',  ( 65.74047199718390289, 97.84939431314386127, 29.59430401499995256 ) ) ;
#1582 = ORIENTED_EDGE ( 'NONE', *, *, #212, .T. ) ;
#1583 = DIRECTION ( 'NONE',  ( 0.000000000000000000, 0.000000000000000000, -1.000000000000000000 ) ) ;
#1584 = VERTEX_POINT ( 'NONE', #3990 ) ;
#1585 = CIRCLE ( 'NONE', #1255, 6.000000000000007105 ) ;
#1586 = CARTESIAN_POINT ( 'NONE',  ( 32.32043189298089914, 117.8010896477544946, 25.83202828611743129 ) ) ;
#1587 = CARTESIAN_POINT ( 'NONE',  ( 17.93890350930004374, 54.38201215632166452, -26.51842654955036593 ) ) ;
#1588 = VERTEX_POINT ( 'NONE', #3366 ) ;
#1589 = DIRECTION ( 'NONE',  ( 1.000000000000000000, 0.000000000000000000, 0.000000000000000000 ) ) ;
#1590 = DIRECTION ( 'NONE',  ( 0.000000000000000000, 0.000000000000000000, 1.000000000000000000 ) ) ;
#1591 = ADVANCED_FACE ( 'NONE', ( #2432 ), #3175, .T. ) ;
#1592 = CARTESIAN_POINT ( 'NONE',  ( 0.000000000000000000, 14.59550623364643407, -25.02668516238259855 ) ) ;
#1593 = CARTESIAN_POINT ( 'NONE',  ( 60.00000000000000711, 7.806255641895649280E-15, -24.00000000000004619 ) ) ;
#1594 = DIRECTION ( 'NONE',  ( 1.000000000000000000, 0.000000000000000000, 0.000000000000000000 ) ) ;
#1595 = ORIENTED_EDGE ( 'NONE', *, *, #929, .T. ) ;
#1596 = CARTESIAN_POINT ( 'NONE',  ( 80.00000000000000000, 86.00000000000000000, -73.00000000000000000 ) ) ;
#1597 = FACE_OUTER_BOUND ( 'NONE', #698, .T. ) ;
#1598 = VECTOR ( 'NONE', #2605, 1000.000000000000000 ) ;
#1599 = AXIS2_PLACEMENT_3D ( 'NONE', #2110, #888, #3671 ) ;
#1600 = EDGE_LOOP ( 'NONE', ( #1249, #3658 ) ) ;
#1601 = CIRCLE ( 'NONE', #1533, 28.77200187265877673 ) ;
#1602 = DIRECTION ( 'NONE',  ( 0.000000000000000000, 0.000000000000000000, 1.000000000000000000 ) ) ;
#1603 = ORIENTED_EDGE ( 'NONE', *, *, #3077, .T. ) ;
#1604 = CARTESIAN_POINT ( 'NONE',  ( 68.00000000000000000, 118.0000000000000000, 24.00000000000001421 ) ) ;
#1605 = CIRCLE ( 'NONE', #2421, 5.999999999999999112 ) ;
#1606 = LINE ( 'NONE', #619, #1298 ) ;
#1607 = VERTEX_POINT ( 'NONE', #551 ) ;
#1608 = DIRECTION ( 'NONE',  ( 1.000000000000000000, 0.000000000000000000, 0.000000000000000000 ) ) ;
#1609 = CARTESIAN_POINT ( 'NONE',  ( 36.00000000000001421, 86.00000000000000000, 41.00000000000000711 ) ) ;
#1610 = VECTOR ( 'NONE', #1939, 1000.000000000000114 ) ;
#1611 = CARTESIAN_POINT ( 'NONE',  ( 36.00000000000001421, 86.00000000000000000, 41.00000000000000711 ) ) ;
#1612 = CARTESIAN_POINT ( 'NONE',  ( 47.78947368421051323, 115.7490892339464494, -73.00000000000000000 ) ) ;
#1613 = EDGE_CURVE ( 'NONE', #3291, #1020, #3635, .T. ) ;
#1614 = DIRECTION ( 'NONE',  ( -1.000000000000000000, 0.000000000000000000, -0.000000000000000000 ) ) ;
#1615 = DIRECTION ( 'NONE',  ( 0.000000000000000000, -1.000000000000000000, 0.000000000000000000 ) ) ;
#1616 = ADVANCED_FACE ( 'NONE', ( #931 ), #1019, .F. ) ;
#1617 = ORIENTED_EDGE ( 'NONE', *, *, #1518, .F. ) ;
#1618 = DIRECTION ( 'NONE',  ( -1.000000000000000000, 0.000000000000000000, 0.000000000000000000 ) ) ;
#1619 = DIRECTION ( 'NONE',  ( 0.000000000000000000, 0.000000000000000000, 1.000000000000000000 ) ) ;
#1620 = EDGE_CURVE ( 'NONE', #1850, #1373, #3050, .T. ) ;
#1621 = CIRCLE ( 'NONE', #2151, 28.77200187265877673 ) ;
#1622 = ORIENTED_EDGE ( 'NONE', *, *, #3704, .T. ) ;
#1623 = CARTESIAN_POINT ( 'NONE',  ( 60.00000000000000711, 62.00000000000000711, 24.00000000000001421 ) ) ;
#1624 = ORIENTED_EDGE ( 'NONE', *, *, #2702, .F. ) ;
#1625 = LINE ( 'NONE', #2883, #184 ) ;
#1626 = CARTESIAN_POINT ( 'NONE',  ( 1.843537952607066766, 61.07920109911418649, -31.95017405978661174 ) ) ;
#1627 = VERTEX_POINT ( 'NONE', #3447 ) ;
#1628 = VECTOR ( 'NONE', #2326, 1000.000000000000000 ) ;
#1629 = CARTESIAN_POINT ( 'NONE',  ( 0.000000000000000000, 44.00000000000000711, 0.000000000000000000 ) ) ;
#1630 = CARTESIAN_POINT ( 'NONE',  ( 37.50000000000000711, 0.000000000000000000, 1.309305502066175324E-13 ) ) ;
#1631 = CIRCLE ( 'NONE', #2816, 15.49999999999998934 ) ;
#1632 = VERTEX_POINT ( 'NONE', #2259 ) ;
#1633 = DIRECTION ( 'NONE',  ( 1.000000000000000000, 0.000000000000000000, 0.000000000000000000 ) ) ;
#1634 = DIRECTION ( 'NONE',  ( 1.000000000000000000, 0.000000000000000000, 0.000000000000000000 ) ) ;
#1635 = DIRECTION ( 'NONE',  ( -0.000000000000000000, 1.000000000000000000, -0.000000000000000000 ) ) ;
#1636 = AXIS2_PLACEMENT_3D ( 'NONE', #1609, #2237, #3483 ) ;
#1637 = CARTESIAN_POINT ( 'NONE',  ( 2.335204679199549946E-16, 109.9999999999999716, -24.00000000000000000 ) ) ;
#1638 = ORIENTED_EDGE ( 'NONE', *, *, #3799, .F. ) ;
#1639 = CARTESIAN_POINT ( 'NONE',  ( 37.50000000000000711, 11.99999999999999822, -5.999999999999868550 ) ) ;
#1640 = CARTESIAN_POINT ( 'NONE',  ( -2.000000000000001776, 86.00000000000000000, -61.00000000000000000 ) ) ;
#1641 = ORIENTED_EDGE ( 'NONE', *, *, #1369, .T. ) ;
#1642 = ADVANCED_FACE ( 'NONE', ( #380 ), #2894, .T. ) ;
#1643 = DIRECTION ( 'NONE',  ( 1.000000000000000000, 0.000000000000000000, 0.000000000000000000 ) ) ;
#1644 = AXIS2_PLACEMENT_3D ( 'NONE', #3364, #1206, #4042 ) ;
#1645 = ORIENTED_EDGE ( 'NONE', *, *, #1470, .T. ) ;
#1646 = DIRECTION ( 'NONE',  ( 1.000000000000000000, 0.000000000000000000, -1.224646799147353207E-16 ) ) ;
#1647 = EDGE_CURVE ( 'NONE', #3579, #1874, #979, .T. ) ;
#1648 = VERTEX_POINT ( 'NONE', #3201 ) ;
#1649 = TOROIDAL_SURFACE ( 'NONE', #2568, 48.00000000000001421, 2.000000000000000000 ) ;
#1650 = DIRECTION ( 'NONE',  ( -0.000000000000000000, -1.000000000000000000, -0.000000000000000000 ) ) ;
#1651 = EDGE_CURVE ( 'NONE', #829, #2185, #279, .T. ) ;
#1652 = EDGE_LOOP ( 'NONE', ( #2358, #3961, #163, #2589 ) ) ;
#1653 = DIRECTION ( 'NONE',  ( 1.000000000000000000, 2.312964634635742464E-16, -0.000000000000000000 ) ) ;
#1654 = DIRECTION ( 'NONE',  ( 0.000000000000000000, 0.000000000000000000, 1.000000000000000000 ) ) ;
#1655 = DIRECTION ( 'NONE',  ( 1.000000000000000000, 0.000000000000000000, 0.000000000000000000 ) ) ;
#1656 = DIRECTION ( 'NONE',  ( 0.000000000000000000, 1.000000000000000000, 3.252606517456514288E-16 ) ) ;
#1657 = FACE_OUTER_BOUND ( 'NONE', #1160, .T. ) ;
#1658 = ORIENTED_EDGE ( 'NONE', *, *, #2309, .T. ) ;
#1659 = DIRECTION ( 'NONE',  ( 1.000000000000000000, 0.000000000000000000, 0.000000000000000000 ) ) ;
#1660 = DIRECTION ( 'NONE',  ( 1.000000000000000000, 1.156482317317871725E-16, 0.000000000000000000 ) ) ;
#1661 = ORIENTED_EDGE ( 'NONE', *, *, #1014, .T. ) ;
#1662 = DIRECTION ( 'NONE',  ( -0.000000000000000000, 1.000000000000000000, 3.252606517456514288E-16 ) ) ;
#1663 = EDGE_LOOP ( 'NONE', ( #2491, #1517 ) ) ;
#1664 = CARTESIAN_POINT ( 'NONE',  ( 21.50924044544612812, 114.5474956900387582, 30.60280983941685662 ) ) ;
#1665 = AXIS2_PLACEMENT_3D ( 'NONE', #649, #956, #3468 ) ;
#1666 = ADVANCED_FACE ( 'NONE', ( #3794 ), #1799, .F. ) ;
#1667 = EDGE_CURVE ( 'NONE', #1889, #3699, #2581, .T. ) ;
#1668 = ORIENTED_EDGE ( 'NONE', *, *, #753, .F. ) ;
#1669 = AXIS2_PLACEMENT_3D ( 'NONE', #1623, #2267, #1583 ) ;
#1670 = CARTESIAN_POINT ( 'NONE',  ( -2.618611004132350648E-13, -2.000000000000000000, 37.50000000000000711 ) ) ;
#1671 = EDGE_CURVE ( 'NONE', #3169, #3184, #414, .T. ) ;
#1672 = CIRCLE ( 'NONE', #1740, 2.000000000000001776 ) ;
#1673 = EDGE_CURVE ( 'NONE', #2323, #2260, #1207, .T. ) ;
#1674 = ORIENTED_EDGE ( 'NONE', *, *, #3883, .T. ) ;
#1675 = ORIENTED_EDGE ( 'NONE', *, *, #1991, .T. ) ;
#1676 = CARTESIAN_POINT ( 'NONE',  ( -2.618611004132350648E-13, 11.99999999999999822, 37.50000000000000711 ) ) ;
#1677 = AXIS2_PLACEMENT_3D ( 'NONE', #2767, #1838, #1760 ) ;
#1678 = FACE_BOUND ( 'NONE', #903, .T. ) ;
#1679 = CARTESIAN_POINT ( 'NONE',  ( 36.00000000000000000, 86.00000000000000000, -63.00000000000000000 ) ) ;
#1680 = ORIENTED_EDGE ( 'NONE', *, *, #3608, .F. ) ;
#1681 = CARTESIAN_POINT ( 'NONE',  ( 60.00000000000000711, 111.9999999999999858, 24.00000000000000355 ) ) ;
#1682 = CARTESIAN_POINT ( 'NONE',  ( 0.000000000000000000, 0.000000000000000000, -37.50000000000000711 ) ) ;
#1683 = VERTEX_POINT ( 'NONE', #320 ) ;
#1684 = CARTESIAN_POINT ( 'NONE',  ( 15.61458891806843852, 61.31157603220369623, 32.00000000000001421 ) ) ;
#1685 = ORIENTED_EDGE ( 'NONE', *, *, #1488, .F. ) ;
#1686 = CARTESIAN_POINT ( 'NONE',  ( 24.94736842105263719, 113.8897711568247786, -61.00000000000000000 ) ) ;
#1687 = CIRCLE ( 'NONE', #4050, 22.99999999999998934 ) ;
#1688 = ORIENTED_EDGE ( 'NONE', *, *, #1699, .T. ) ;
#1689 = FACE_OUTER_BOUND ( 'NONE', #780, .T. ) ;
#1690 = FACE_BOUND ( 'NONE', #416, .T. ) ;
#1691 = EDGE_LOOP ( 'NONE', ( #3247, #1421, #103, #266 ) ) ;
#1692 = EDGE_CURVE ( 'NONE', #2084, #819, #2522, .T. ) ;
#1693 = CARTESIAN_POINT ( 'NONE',  ( 10.06292207907492653, 57.16281346551954101, 30.39146951751611780 ) ) ;
#1694 = ADVANCED_FACE ( 'NONE', ( #10 ), #222, .F. ) ;
#1695 = ORIENTED_EDGE ( 'NONE', *, *, #2274, .F. ) ;
#1696 = CARTESIAN_POINT ( 'NONE',  ( 60.00000000000000711, 109.9999999999999858, -24.00000000000000000 ) ) ;
#1697 = CIRCLE ( 'NONE', #2750, 2.000000000000003553 ) ;
#1698 = CARTESIAN_POINT ( 'NONE',  ( -2.290724590071937940E-16, 111.9999999999999716, 24.00000000000001421 ) ) ;
#1699 = EDGE_CURVE ( 'NONE', #823, #1889, #2524, .T. ) ;
#1700 = VECTOR ( 'NONE', #3919, 1000.000000000000000 ) ;
#1701 = DIRECTION ( 'NONE',  ( -0.000000000000000000, 1.000000000000000000, -0.000000000000000000 ) ) ;
#1702 = ORIENTED_EDGE ( 'NONE', *, *, #3957, .F. ) ;
#1703 = CARTESIAN_POINT ( 'NONE',  ( 36.00000000000001421, 86.00000000000000000, 45.00000000000001421 ) ) ;
#1704 = CARTESIAN_POINT ( 'NONE',  ( 36.00000000000000000, 86.00000000000000000, -59.00000000000000000 ) ) ;
#1705 = CIRCLE ( 'NONE', #3610, 31.99999999999999289 ) ;
#1706 = ORIENTED_EDGE ( 'NONE', *, *, #1864, .F. ) ;
#1707 = CARTESIAN_POINT ( 'NONE',  ( 37.50000000000000711, -2.000000000000000000, 1.309305502066175324E-13 ) ) ;
#1708 = ORIENTED_EDGE ( 'NONE', *, *, #1321, .F. ) ;
#1709 = CARTESIAN_POINT ( 'NONE',  ( 59.00000000000000000, 86.00000000000000000, -32.00000000000002132 ) ) ;
#1710 = CARTESIAN_POINT ( 'NONE',  ( 62.00000000000000711, 61.99999999999999289, 23.99999999999998934 ) ) ;
#1711 = AXIS2_PLACEMENT_3D ( 'NONE', #2871, #3813, #1655 ) ;
#1712 = VERTEX_POINT ( 'NONE', #723 ) ;
#1713 = CARTESIAN_POINT ( 'NONE',  ( 74.00000000000000000, 86.00000000000000000, -61.00000000000000000 ) ) ;
#1714 = CARTESIAN_POINT ( 'NONE',  ( 0.000000000000000000, 44.00000000000000711, 0.000000000000000000 ) ) ;
#1715 = ORIENTED_EDGE ( 'NONE', *, *, #2176, .F. ) ;
#1716 = CARTESIAN_POINT ( 'NONE',  ( 17.09489223878099295, 54.59047414435884349, 27.06981244092087024 ) ) ;
#1717 = ORIENTED_EDGE ( 'NONE', *, *, #2601, .T. ) ;
#1718 = DIRECTION ( 'NONE',  ( 1.167602339599774233E-16, -1.000000000000000000, 0.000000000000000000 ) ) ;
#1719 = CARTESIAN_POINT ( 'NONE',  ( 36.00000000000001421, 86.00000000000000000, 32.00000000000001421 ) ) ;
#1720 = ADVANCED_FACE ( 'NONE', ( #3631 ), #2025, .T. ) ;
#1721 = DIRECTION ( 'NONE',  ( -0.000000000000000000, 1.000000000000000000, -0.000000000000000000 ) ) ;
#1722 = VERTEX_POINT ( 'NONE', #3941 ) ;
#1723 = DIRECTION ( 'NONE',  ( -0.000000000000000000, -0.000000000000000000, 1.000000000000000000 ) ) ;
#1724 = CARTESIAN_POINT ( 'NONE',  ( 2.204364238465235033E-15, -2.000000000000000000, 17.99999999999999645 ) ) ;
#1725 = EDGE_CURVE ( 'NONE', #1352, #3119, #463, .T. ) ;
#1726 = ORIENTED_EDGE ( 'NONE', *, *, #3656, .T. ) ;
#1727 = FACE_OUTER_BOUND ( 'NONE', #1559, .T. ) ;
#1728 = ORIENTED_EDGE ( 'NONE', *, *, #3155, .F. ) ;
#1729 = CYLINDRICAL_SURFACE ( 'NONE', #3926, 8.000000000000000000 ) ;
#1730 = CARTESIAN_POINT ( 'NONE',  ( 60.00000000000000711, 61.99999999999999289, -24.00000000000000000 ) ) ;
#1731 = ORIENTED_EDGE ( 'NONE', *, *, #955, .T. ) ;
#1732 = CIRCLE ( 'NONE', #3698, 5.999999999999998224 ) ;
#1733 = DIRECTION ( 'NONE',  ( -1.000000000000000000, 0.000000000000000000, 0.000000000000000000 ) ) ;
#1734 = CYLINDRICAL_SURFACE ( 'NONE', #2330, 2.000000000000001776 ) ;
#1735 = AXIS2_PLACEMENT_3D ( 'NONE', #1719, #1080, #2974 ) ;
#1736 = TOROIDAL_SURFACE ( 'NONE', #2195, 28.77200187265877673, 4.000000000000000000 ) ;
#1737 = AXIS2_PLACEMENT_3D ( 'NONE', #917, #3429, #3107 ) ;
#1738 = EDGE_LOOP ( 'NONE', ( #531, #2905, #100, #620 ) ) ;
#1739 = DIRECTION ( 'NONE',  ( -0.000000000000000000, -1.000000000000000000, -0.000000000000000000 ) ) ;
#1740 = AXIS2_PLACEMENT_3D ( 'NONE', #454, #3976, #207 ) ;
#1741 = DIRECTION ( 'NONE',  ( 0.000000000000000000, 0.000000000000000000, -1.000000000000000000 ) ) ;
#1742 = DIRECTION ( 'NONE',  ( -0.000000000000000000, 1.000000000000000000, -0.000000000000000000 ) ) ;
#1743 = CARTESIAN_POINT ( 'NONE',  ( 0.000000000000000000, 130.5000000000000000, 24.02499999999999858 ) ) ;
#1744 = EDGE_CURVE ( 'NONE', #2168, #276, #2689, .T. ) ;
#1745 = ORIENTED_EDGE ( 'NONE', *, *, #2411, .F. ) ;
#1746 = LINE ( 'NONE', #2627, #3798 ) ;
#1747 = DIRECTION ( 'NONE',  ( 0.000000000000000000, 0.000000000000000000, 1.000000000000000000 ) ) ;
#1748 = ORIENTED_EDGE ( 'NONE', *, *, #3451, .T. ) ;
#1749 = EDGE_CURVE ( 'NONE', #716, #4030, #2722, .T. ) ;
#1750 = FILL_AREA_STYLE_COLOUR ( '', #1203 ) ;
#1751 = ADVANCED_FACE ( 'NONE', ( #787 ), #1736, .F. ) ;
#1752 = ORIENTED_EDGE ( 'NONE', *, *, #1043, .T. ) ;
#1753 = DIRECTION ( 'NONE',  ( 0.9296590385608261009, -0.3684210526315787049, -0.000000000000000000 ) ) ;
#1754 = DIRECTION ( 'NONE',  ( -0.9296590385608261009, 0.3684210526315787049, 0.000000000000000000 ) ) ;
#1755 = EDGE_LOOP ( 'NONE', ( #159, #2962 ) ) ;
#1756 = DIRECTION ( 'NONE',  ( 0.000000000000000000, 0.000000000000000000, 1.000000000000000000 ) ) ;
#1757 = DIRECTION ( 'NONE',  ( 0.000000000000000000, 0.000000000000000000, -1.000000000000000000 ) ) ;
#1758 = AXIS2_PLACEMENT_3D ( 'NONE', #3836, #3814, #2542 ) ;
#1759 = ORIENTED_EDGE ( 'NONE', *, *, #3008, .T. ) ;
#1760 = DIRECTION ( 'NONE',  ( 0.000000000000000000, -0.000000000000000000, 1.000000000000000000 ) ) ;
#1761 = ORIENTED_EDGE ( 'NONE', *, *, #1239, .T. ) ;
#1762 = SPHERICAL_SURFACE ( 'NONE', #3499, 2.000000000000000000 ) ;
#1763 = CARTESIAN_POINT ( 'NONE',  ( 60.00000000000000000, 86.00000000000000000, -75.00000000000000000 ) ) ;
#1764 = VECTOR ( 'NONE', #2652, 1000.000000000000000 ) ;
#1765 = ORIENTED_EDGE ( 'NONE', *, *, #3630, .F. ) ;
#1766 = CARTESIAN_POINT ( 'NONE',  ( 36.00000000000001421, 86.00000000000000000, 41.00000000000000711 ) ) ;
#1767 = CARTESIAN_POINT ( 'NONE',  ( 6.069308161462446695E-15, 59.99999999999998579, 24.00000000000001421 ) ) ;
#1768 = CIRCLE ( 'NONE', #4060, 32.00000000000001421 ) ;
#1769 = ORIENTED_EDGE ( 'NONE', *, *, #1613, .F. ) ;
#1770 = CARTESIAN_POINT ( 'NONE',  ( 35.77040896118745650, 53.99999999999997868, 24.11479547632897180 ) ) ;
#1771 = ORIENTED_EDGE ( 'NONE', *, *, #732, .T. ) ;
#1772 = PLANE ( 'NONE',  #769 ) ;
#1773 = CIRCLE ( 'NONE', #58, 2.000000000000001776 ) ;
#1774 = DIRECTION ( 'NONE',  ( 0.7071067811865546782, 0.000000000000000000, 0.7071067811865403563 ) ) ;
#1775 = EDGE_CURVE ( 'NONE', #744, #296, #1471, .T. ) ;
#1776 = ORIENTED_EDGE ( 'NONE', *, *, #115, .F. ) ;
#1777 = CARTESIAN_POINT ( 'NONE',  ( 2.312964634635744929E-16, 59.99999999999998579, 0.000000000000000000 ) ) ;
#1778 = DIRECTION ( 'NONE',  ( 0.000000000000000000, 0.000000000000000000, 1.000000000000000000 ) ) ;
#1779 = EDGE_CURVE ( 'NONE', #3571, #2070, #1276, .T. ) ;
#1780 = VECTOR ( 'NONE', #3001, 1000.000000000000000 ) ;
#1781 = EDGE_LOOP ( 'NONE', ( #3022, #714 ) ) ;
#1782 = DIRECTION ( 'NONE',  ( 0.000000000000000000, -1.000000000000000000, 0.000000000000000000 ) ) ;
#1783 = B_SPLINE_CURVE_WITH_KNOTS ( 'NONE', 3,
 ( #2139, #3388, #569, #263, #3123, #2815, #4069, #1516, #1581, #1534, #608, #2508, #2203, #4026, #3450, #631, #3144, #1214, #2469, #896, #591, #278 ),
 .UNSPECIFIED., .F., .F.,
 ( 4, 2, 2, 2, 2, 2, 2, 2, 2, 2, 4 ),
 ( 0.000000000000000000, 0.003078342865769900620, 0.006156685731539801240, 0.009235028597309704462, 0.01231337146307960768, 0.01539171432884951091, 0.01847005719461941586, 0.02154840006038931735, 0.02308757149327424901, 0.02385715720971671658, 0.02462674292615917720 ),
 .UNSPECIFIED. ) ;
#1784 = CARTESIAN_POINT ( 'NONE',  ( 3.679584924826706960, 111.8320365738289581, 31.80108767770078160 ) ) ;
#1785 = DIRECTION ( 'NONE',  ( 0.000000000000000000, 0.000000000000000000, 1.000000000000000000 ) ) ;
#1786 = CARTESIAN_POINT ( 'NONE',  ( 60.00000000000000711, 62.00000000000000711, 24.00000000000001421 ) ) ;
#1787 = ORIENTED_EDGE ( 'NONE', *, *, #1066, .T. ) ;
#1788 = CYLINDRICAL_SURFACE ( 'NONE', #2322, 5.999999999999999112 ) ;
#1789 = ORIENTED_EDGE ( 'NONE', *, *, #256, .F. ) ;
#1790 = LINE ( 'NONE', #2759, #1173 ) ;
#1791 = DIRECTION ( 'NONE',  ( 0.000000000000000000, 1.000000000000000000, 0.000000000000000000 ) ) ;
#1792 = ORIENTED_EDGE ( 'NONE', *, *, #754, .F. ) ;
#1793 = DIRECTION ( 'NONE',  ( 1.000000000000000000, 0.000000000000000000, 0.000000000000000000 ) ) ;
#1794 = DIRECTION ( 'NONE',  ( 0.000000000000000000, -0.000000000000000000, -1.000000000000000000 ) ) ;
#1795 = APPLICATION_CONTEXT ( 'automotive_design' ) ;
#1796 = EDGE_CURVE ( 'NONE', #352, #3347, #1056, .T. ) ;
#1797 = EDGE_CURVE ( 'NONE', #347, #2509, #743, .T. ) ;
#1798 = CARTESIAN_POINT ( 'NONE',  ( 62.00000000000000711, 61.99999999999999289, -24.00000000000000000 ) ) ;
#1799 = TOROIDAL_SURFACE ( 'NONE', #3964, 24.00000000000001421, 2.000000000000000000 ) ;
#1800 = VERTEX_POINT ( 'NONE', #486 ) ;
#1801 = DIRECTION ( 'NONE',  ( -0.000000000000000000, 1.000000000000000000, -0.000000000000000000 ) ) ;
#1802 = EDGE_CURVE ( 'NONE', #2798, #3668, #3114, .T. ) ;
#1803 = ADVANCED_FACE ( 'NONE', ( #3299, #1657 ), #2998, .T. ) ;
#1804 = AXIS2_PLACEMENT_3D ( 'NONE', #332, #3096, #1589 ) ;
#1805 = CARTESIAN_POINT ( 'NONE',  ( 11.84940327260668980, 115.5943076707616939, 29.74046840116023560 ) ) ;
#1806 = CIRCLE ( 'NONE', #21, 50.00000000000001421 ) ;
#1807 = CARTESIAN_POINT ( 'NONE',  ( 0.000000000000000000, 118.0000000000000000, 0.000000000000000000 ) ) ;
#1808 = CARTESIAN_POINT ( 'NONE',  ( 62.00000000000000000, 109.9999999999999858, -26.00000000000000000 ) ) ;
#1809 = CIRCLE ( 'NONE', #4036, 32.00000000000001421 ) ;
#1810 = VERTEX_POINT ( 'NONE', #3591 ) ;
#1811 = DIRECTION ( 'NONE',  ( -0.000000000000000000, 1.000000000000000000, -0.000000000000000000 ) ) ;
#1812 = ORIENTED_EDGE ( 'NONE', *, *, #3681, .F. ) ;
#1813 = CARTESIAN_POINT ( 'NONE',  ( 0.000000000000000000, 109.9999999999999858, -32.00000000000000711 ) ) ;
#1814 = CARTESIAN_POINT ( 'NONE',  ( 0.4616191611524256833, 110.2308095512705535, -31.99750137789266446 ) ) ;
#1815 = ORIENTED_EDGE ( 'NONE', *, *, #3003, .F. ) ;
#1816 = AXIS2_PLACEMENT_3D ( 'NONE', #2498, #3746, #3461 ) ;
#1817 = CARTESIAN_POINT ( 'NONE',  ( 56.38541036533202799, 61.31157540022228147, 32.00000000000002132 ) ) ;
#1818 = LINE ( 'NONE', #3431, #681 ) ;
#1819 = ORIENTED_EDGE ( 'NONE', *, *, #2501, .F. ) ;
#1820 = CARTESIAN_POINT ( 'NONE',  ( 19.58417963559687180, 117.9128686669110238, 25.32767485934206420 ) ) ;
#1821 = CIRCLE ( 'NONE', #1758, 5.999999999999998224 ) ;
#1822 = EDGE_CURVE ( 'NONE', #3600, #3574, #2587, .T. ) ;
#1823 = DIRECTION ( 'NONE',  ( -0.000000000000000000, -0.000000000000000000, 1.000000000000000000 ) ) ;
#1824 = DIRECTION ( 'NONE',  ( 0.000000000000000000, 0.000000000000000000, -1.000000000000000000 ) ) ;
#1825 = ADVANCED_FACE ( 'NONE', ( #1429, #2318 ), #1372, .F. ) ;
#1826 = VERTEX_POINT ( 'NONE', #2005 ) ;
#1827 = CARTESIAN_POINT ( 'NONE',  ( 60.00000000000001421, 86.00000000000000000, 45.00000000000001421 ) ) ;
#1828 = ORIENTED_EDGE ( 'NONE', *, *, #18, .T. ) ;
#1829 = CARTESIAN_POINT ( 'NONE',  ( 0.000000000000000000, -2.000000000000000000, 0.000000000000000000 ) ) ;
#1830 = CARTESIAN_POINT ( 'NONE',  ( 20.38541036533199602, 118.0000000000000000, -24.68842459977774340 ) ) ;
#1831 = VECTOR ( 'NONE', #3640, 1000.000000000000000 ) ;
#1832 = ORIENTED_EDGE ( 'NONE', *, *, #1566, .T. ) ;
#1833 = CARTESIAN_POINT ( 'NONE',  ( 47.84939431314388969, 56.25952800281612554, 29.59430401499995256 ) ) ;
#1834 = AXIS2_PLACEMENT_3D ( 'NONE', #3023, #3301, #3943 ) ;
#1835 = DIRECTION ( 'NONE',  ( 0.000000000000000000, 0.000000000000000000, -1.000000000000000000 ) ) ;
#1836 = VECTOR ( 'NONE', #1054, 1000.000000000000000 ) ;
#1837 = EDGE_LOOP ( 'NONE', ( #3764, #2577, #770, #2290 ) ) ;
#1838 = DIRECTION ( 'NONE',  ( 0.000000000000000000, 1.000000000000000000, 0.000000000000000000 ) ) ;
#1839 = DIRECTION ( 'NONE',  ( 0.000000000000000000, 0.000000000000000000, 1.000000000000000000 ) ) ;
#1840 = AXIS2_PLACEMENT_3D ( 'NONE', #647, #3180, #1906 ) ;
#1841 = TOROIDAL_SURFACE ( 'NONE', #394, 27.80377651546390538, 2.000000000000000000 ) ;
#1842 = CARTESIAN_POINT ( 'NONE',  ( 64.54749240732512305, 71.50923403309668913, 30.60281206930871178 ) ) ;
#1843 = DIRECTION ( 'NONE',  ( 1.224646799147354440E-16, 0.000000000000000000, -1.000000000000000000 ) ) ;
#1844 = ADVANCED_FACE ( 'NONE', ( #3240 ), #351, .T. ) ;
#1845 = ORIENTED_EDGE ( 'NONE', *, *, #3082, .F. ) ;
#1846 = DIRECTION ( 'NONE',  ( -0.000000000000000000, 1.000000000000000000, -0.000000000000000000 ) ) ;
#1847 = ORIENTED_EDGE ( 'NONE', *, *, #3, .T. ) ;
#1848 = CYLINDRICAL_SURFACE ( 'NONE', #3140, 30.00000000000000000 ) ;
#1849 = CARTESIAN_POINT ( 'NONE',  ( 9.161443625613530983, 114.4360382249706731, -30.67502536169180161 ) ) ;
#1850 = VERTEX_POINT ( 'NONE', #1411 ) ;
#1851 = FACE_BOUND ( 'NONE', #2690, .T. ) ;
#1852 = ORIENTED_EDGE ( 'NONE', *, *, #3060, .F. ) ;
#1853 = DIRECTION ( 'NONE',  ( 0.000000000000000000, -1.000000000000000000, 0.000000000000000000 ) ) ;
#1854 = ORIENTED_EDGE ( 'NONE', *, *, #2205, .T. ) ;
#1855 = CARTESIAN_POINT ( 'NONE',  ( 0.000000000000000000, 130.5000000000000000, 0.000000000000000000 ) ) ;
#1856 = CARTESIAN_POINT ( 'NONE',  ( 0.000000000000000000, -1.999999999999997335, 0.000000000000000000 ) ) ;
#1857 = AXIS2_PLACEMENT_3D ( 'NONE', #2243, #32, #706 ) ;
#1858 = CARTESIAN_POINT ( 'NONE',  ( 62.51842654955037659, 68.06109649069995271, 31.61798784367836390 ) ) ;
#1859 = TOROIDAL_SURFACE ( 'NONE', #938, 30.00000000000001421, 2.000000000000000000 ) ;
#1860 = CARTESIAN_POINT ( 'NONE',  ( 21.97243567640639128, 29.71602693072901502, 0.000000000000000000 ) ) ;
#1861 = AXIS2_PLACEMENT_3D ( 'NONE', #175, #153, #2385 ) ;
#1862 = AXIS2_PLACEMENT_3D ( 'NONE', #1500, #2763, #2742 ) ;
#1863 = ORIENTED_EDGE ( 'NONE', *, *, #1341, .F. ) ;
#1864 = EDGE_CURVE ( 'NONE', #2523, #2168, #422, .T. ) ;
#1865 = DIRECTION ( 'NONE',  ( -0.000000000000000000, 0.000000000000000000, 1.000000000000000000 ) ) ;
#1866 = EDGE_LOOP ( 'NONE', ( #326, #883 ) ) ;
#1867 = CARTESIAN_POINT ( 'NONE',  ( 60.00000000000000711, 109.9999999999999858, 24.00000000000001421 ) ) ;
#1868 = CIRCLE ( 'NONE', #3837, 2.000000000000001776 ) ;
#1869 = DIRECTION ( 'NONE',  ( 1.000000000000000000, 0.000000000000000000, 0.000000000000000000 ) ) ;
#1870 = EDGE_CURVE ( 'NONE', #1373, #1850, #151, .T. ) ;
#1871 = VERTEX_POINT ( 'NONE', #3322 ) ;
#1872 = EDGE_CURVE ( 'NONE', #2391, #3733, #940, .T. ) ;
#1873 = DIRECTION ( 'NONE',  ( 0.000000000000000000, 0.000000000000000000, 1.000000000000000000 ) ) ;
#1874 = VERTEX_POINT ( 'NONE', #1259 ) ;
#1875 = DIRECTION ( 'NONE',  ( 0.000000000000000000, 0.000000000000000000, 1.000000000000000000 ) ) ;
#1876 = CIRCLE ( 'NONE', #3444, 15.49999999999999289 ) ;
#1877 = CYLINDRICAL_SURFACE ( 'NONE', #2746, 5.999999999999998224 ) ;
#1878 = CIRCLE ( 'NONE', #751, 2.000000000000001776 ) ;
#1879 = ORIENTED_EDGE ( 'NONE', *, *, #3130, .F. ) ;
#1880 = CARTESIAN_POINT ( 'NONE',  ( -8.000000000000008882, 86.00000000000000000, -61.00000000000000000 ) ) ;
#1881 = CARTESIAN_POINT ( 'NONE',  ( 47.84940327260667203, 115.7404684011602427, 29.59430767076169033 ) ) ;
#1882 = CARTESIAN_POINT ( 'NONE',  ( 0.000000000000000000, 133.0000000000000000, 0.000000000000000000 ) ) ;
#1883 = AXIS2_PLACEMENT_3D ( 'NONE', #3394, #2166, #3706 ) ;
#1884 = CARTESIAN_POINT ( 'NONE',  ( 68.00000000000000000, 86.00000000000000000, 24.00000000000002132 ) ) ;
#1885 = DIRECTION ( 'NONE',  ( 0.000000000000000000, 0.000000000000000000, -1.000000000000000000 ) ) ;
#1886 = FACE_OUTER_BOUND ( 'NONE', #2471, .T. ) ;
#1887 = ORIENTED_EDGE ( 'NONE', *, *, #3250, .T. ) ;
#1888 = CARTESIAN_POINT ( 'NONE',  ( 0.000000000000000000, 109.9999999999999716, 0.000000000000000000 ) ) ;
#1889 = VERTEX_POINT ( 'NONE', #2804 ) ;
#1890 = LINE ( 'NONE', #651, #3341 ) ;
#1891 = CARTESIAN_POINT ( 'NONE',  ( 10.06292207907492475, 114.8371865344804235, -30.39146951751612846 ) ) ;
#1892 = ORIENTED_EDGE ( 'NONE', *, *, #2477, .T. ) ;
#1893 = CARTESIAN_POINT ( 'NONE',  ( 39.67956810701912929, 54.19891035224549825, 25.83202828611742419 ) ) ;
#1894 = EDGE_LOOP ( 'NONE', ( #2558, #3407 ) ) ;
#1895 = DIRECTION ( 'NONE',  ( 0.000000000000000000, 1.000000000000000000, 0.000000000000000000 ) ) ;
#1896 = VECTOR ( 'NONE', #2078, 1000.000000000000000 ) ;
#1897 = EDGE_CURVE ( 'NONE', #269, #2009, #268, .T. ) ;
#1898 = CARTESIAN_POINT ( 'NONE',  ( 2.303011512865840160, 60.85043243038063565, -31.92034255216515959 ) ) ;
#1899 = CIRCLE ( 'NONE', #1176, 4.000000000000000000 ) ;
#1900 = ORIENTED_EDGE ( 'NONE', *, *, #2520, .F. ) ;
#1901 = DIRECTION ( 'NONE',  ( 4.300021988468264855E-17, -0.9363291775690446572, 0.3511234415883916493 ) ) ;
#1902 = DIRECTION ( 'NONE',  ( -0.000000000000000000, -0.000000000000000000, 1.000000000000000000 ) ) ;
#1903 = DIRECTION ( 'NONE',  ( 0.000000000000000000, 1.000000000000000000, 0.000000000000000000 ) ) ;
#1904 = CIRCLE ( 'NONE', #2952, 22.99999999999998579 ) ;
#1905 = DIRECTION ( 'NONE',  ( -1.000000000000000000, 0.000000000000000000, 0.000000000000000000 ) ) ;
#1906 = DIRECTION ( 'NONE',  ( 0.000000000000000000, 0.000000000000000000, 1.000000000000000000 ) ) ;
#1907 = DIRECTION ( 'NONE',  ( -0.000000000000000000, -0.000000000000000000, -1.000000000000000000 ) ) ;
#1908 = ORIENTED_EDGE ( 'NONE', *, *, #1872, .F. ) ;
#1909 = DIRECTION ( 'NONE',  ( 1.000000000000000000, 0.000000000000000000, 0.000000000000000000 ) ) ;
#1910 = PLANE ( 'NONE',  #38 ) ;
#1911 = VERTEX_POINT ( 'NONE', #904 ) ;
#1912 = CARTESIAN_POINT ( 'NONE',  ( 0.000000000000000000, 52.97999199359360034, 0.000000000000000000 ) ) ;
#1913 = ORIENTED_EDGE ( 'NONE', *, *, #2728, .T. ) ;
#1914 = AXIS2_PLACEMENT_3D ( 'NONE', #2133, #2447, #2789 ) ;
#1915 = DIRECTION ( 'NONE',  ( 0.3684210526315766510, 0.9296590385608267670, 0.000000000000000000 ) ) ;
#1916 = PLANE ( 'NONE',  #2873 ) ;
#1917 = CYLINDRICAL_SURFACE ( 'NONE', #3908, 28.00000000000000000 ) ;
#1918 = ADVANCED_FACE ( 'NONE', ( #3462 ), #642, .F. ) ;
#1919 = DIRECTION ( 'NONE',  ( 0.9296590385608263229, -0.3684210526315782053, 0.000000000000000000 ) ) ;
#1920 = EDGE_CURVE ( 'NONE', #347, #2526, #3372, .T. ) ;
#1921 = DIRECTION ( 'NONE',  ( 0.000000000000000000, 0.000000000000000000, 1.000000000000000000 ) ) ;
#1922 = EDGE_CURVE ( 'NONE', #3556, #2323, #2844, .T. ) ;
#1923 = ADVANCED_FACE ( 'NONE', ( #3021 ), #196, .F. ) ;
#1924 = FACE_OUTER_BOUND ( 'NONE', #3152, .T. ) ;
#1925 = DIRECTION ( 'NONE',  ( -1.000000000000000000, 0.000000000000000000, 0.000000000000000000 ) ) ;
#1926 = FACE_BOUND ( 'NONE', #1104, .T. ) ;
#1927 = VECTOR ( 'NONE', #2713, 1000.000000000000114 ) ;
#1928 = CIRCLE ( 'NONE', #1735, 31.99999999999999289 ) ;
#1929 = ORIENTED_EDGE ( 'NONE', *, *, #115, .T. ) ;
#1930 = DIRECTION ( 'NONE',  ( -2.312964634635742464E-16, 1.000000000000000000, 0.000000000000000000 ) ) ;
#1931 = DIRECTION ( 'NONE',  ( 0.000000000000000000, 0.000000000000000000, -1.000000000000000000 ) ) ;
#1932 = VECTOR ( 'NONE', #556, 1000.000000000000000 ) ;
#1933 = EDGE_LOOP ( 'NONE', ( #3586, #3967, #918, #3038 ) ) ;
#1934 = CIRCLE ( 'NONE', #3572, 21.97243567640638062 ) ;
#1935 = DIRECTION ( 'NONE',  ( 1.000000000000000000, 0.000000000000000000, 0.000000000000000000 ) ) ;
#1936 = ORIENTED_EDGE ( 'NONE', *, *, #409, .T. ) ;
#1937 = LINE ( 'NONE', #3822, #376 ) ;
#1938 = ORIENTED_EDGE ( 'NONE', *, *, #281, .T. ) ;
#1939 = DIRECTION ( 'NONE',  ( -0.9296590385608261009, -0.3684210526315787049, 0.000000000000000000 ) ) ;
#1940 = DIRECTION ( 'NONE',  ( 0.000000000000000000, 0.000000000000000000, 1.000000000000000000 ) ) ;
#1941 = CARTESIAN_POINT ( 'NONE',  ( 0.000000000000000000, 133.0000000000000000, 28.00000000000000000 ) ) ;
#1942 = CARTESIAN_POINT ( 'NONE',  ( 16.47500000000001208, 86.00000000000000000, 41.00000000000000711 ) ) ;
#1943 = CYLINDRICAL_SURFACE ( 'NONE', #3765, 5.999999999999998224 ) ;
#1944 = CARTESIAN_POINT ( 'NONE',  ( 0.000000000000000000, 111.9999999999999716, 0.000000000000000000 ) ) ;
#1945 = EDGE_CURVE ( 'NONE', #2694, #3519, #4040, .T. ) ;
#1946 = ORIENTED_EDGE ( 'NONE', *, *, #2851, .F. ) ;
#1947 = DIRECTION ( 'NONE',  ( 0.000000000000000000, -0.000000000000000000, -1.000000000000000000 ) ) ;
#1948 = CARTESIAN_POINT ( 'NONE',  ( 24.21052631578947967, 115.7490892339464352, -63.00000000000000000 ) ) ;
#1949 = ADVANCED_FACE ( 'NONE', ( #101 ), #1303, .F. ) ;
#1950 = AXIS2_PLACEMENT_3D ( 'NONE', #2079, #2393, #3333 ) ;
#1951 = ORIENTED_EDGE ( 'NONE', *, *, #3850, .F. ) ;
#1952 = CARTESIAN_POINT ( 'NONE',  ( 36.46161916115251245, 54.00249862210736751, 24.23080955127045755 ) ) ;
#1953 = ORIENTED_EDGE ( 'NONE', *, *, #1441, .T. ) ;
#1954 = CARTESIAN_POINT ( 'NONE',  ( 3.673940397442061544E-15, 131.0000000000000000, 30.00000000000001421 ) ) ;
#1955 = EDGE_LOOP ( 'NONE', ( #4024, #3316, #2617, #1211 ) ) ;
#1956 = CYLINDRICAL_SURFACE ( 'NONE', #1527, 2.000000000000002220 ) ;
#1957 = CIRCLE ( 'NONE', #3018, 32.00000000000001421 ) ;
#1958 = ORIENTED_EDGE ( 'NONE', *, *, #1166, .T. ) ;
#1959 = DIRECTION ( 'NONE',  ( 1.000000000000000000, 0.000000000000000000, 0.000000000000000000 ) ) ;
#1960 = LINE ( 'NONE', #397, #3475 ) ;
#1961 = CARTESIAN_POINT ( 'NONE',  ( 0.000000000000000000, 133.0000000000000000, 0.000000000000000000 ) ) ;
#1962 = DIRECTION ( 'NONE',  ( -0.000000000000000000, 1.000000000000000000, -0.000000000000000000 ) ) ;
#1963 = CIRCLE ( 'NONE', #2693, 25.81439292781079686 ) ;
#1964 = DIRECTION ( 'NONE',  ( -1.000000000000000000, -2.312964634635742464E-16, 0.000000000000000000 ) ) ;
#1965 = EDGE_CURVE ( 'NONE', #3739, #3865, #3215, .T. ) ;
#1966 = ORIENTED_EDGE ( 'NONE', *, *, #233, .T. ) ;
#1967 = DIRECTION ( 'NONE',  ( -0.000000000000000000, -0.000000000000000000, -1.000000000000000000 ) ) ;
#1968 = ADVANCED_FACE ( 'NONE', ( #2559 ), #2575, .F. ) ;
#1969 = CARTESIAN_POINT ( 'NONE',  ( -2.000000000000001776, 86.00000000000000000, -61.00000000000000000 ) ) ;
#1970 = AXIS2_PLACEMENT_3D ( 'NONE', #1786, #3062, #1824 ) ;
#1971 = ORIENTED_EDGE ( 'NONE', *, *, #1566, .F. ) ;
#1972 = ADVANCED_FACE ( 'NONE', ( #82 ), #3810, .T. ) ;
#1973 = CARTESIAN_POINT ( 'NONE',  ( 60.00000000000000711, 111.9999999999999858, -24.00000000000000000 ) ) ;
#1974 = EDGE_LOOP ( 'NONE', ( #1275, #2465, #2927, #1322, #793 ) ) ;
#1975 = FACE_OUTER_BOUND ( 'NONE', #1837, .T. ) ;
#1976 = EDGE_LOOP ( 'NONE', ( #14, #1186, #2614, #1484 ) ) ;
#1977 = CARTESIAN_POINT ( 'NONE',  ( 60.00000000000000711, 118.0000000000000000, 32.00000000000001421 ) ) ;
#1978 = ORIENTED_EDGE ( 'NONE', *, *, #857, .T. ) ;
#1979 = CARTESIAN_POINT ( 'NONE',  ( 1.153098153214474175, 61.42369375273367638, 31.98004734842048435 ) ) ;
#1980 = DIRECTION ( 'NONE',  ( 0.000000000000000000, 0.000000000000000000, -1.000000000000000000 ) ) ;
#1981 = DIRECTION ( 'NONE',  ( 0.000000000000000000, 0.000000000000000000, -1.000000000000000000 ) ) ;
#1982 = DIRECTION ( 'NONE',  ( 0.000000000000000000, -0.000000000000000000, -1.000000000000000000 ) ) ;
#1983 = ORIENTED_EDGE ( 'NONE', *, *, #2102, .T. ) ;
#1984 = DIRECTION ( 'NONE',  ( 1.000000000000000000, 0.000000000000000000, 0.000000000000000000 ) ) ;
#1985 = CARTESIAN_POINT ( 'NONE',  ( 0.000000000000000000, 61.99999999999998579, 0.000000000000000000 ) ) ;
#1986 = EDGE_LOOP ( 'NONE', ( #3718, #615, #2026, #508 ) ) ;
#1987 = EDGE_LOOP ( 'NONE', ( #2248, #2244, #2042, #2448 ) ) ;
#1988 = DIRECTION ( 'NONE',  ( 0.000000000000000000, -1.000000000000000000, 0.000000000000000000 ) ) ;
#1989 = AXIS2_PLACEMENT_3D ( 'NONE', #2735, #1495, #1476 ) ;
#1990 = CIRCLE ( 'NONE', #2655, 15.49999999999999289 ) ;
#1991 = EDGE_CURVE ( 'NONE', #1117, #1092, #548, .T. ) ;
#1992 = EDGE_CURVE ( 'NONE', #692, #913, #3700, .T. ) ;
#1993 = AXIS2_PLACEMENT_3D ( 'NONE', #1351, #2975, #2665 ) ;
#1994 = EDGE_LOOP ( 'NONE', ( #2074, #1406, #239, #3839 ) ) ;
#1995 = DIRECTION ( 'NONE',  ( -0.000000000000000000, 1.000000000000000000, -0.000000000000000000 ) ) ;
#1996 = FACE_OUTER_BOUND ( 'NONE', #3043, .T. ) ;
#1997 = ADVANCED_FACE ( 'NONE', ( #2615 ), #1956, .T. ) ;
#1998 = ORIENTED_EDGE ( 'NONE', *, *, #2274, .T. ) ;
#1999 = CARTESIAN_POINT ( 'NONE',  ( 2.302993383842148134, 60.85044144333429017, 31.92034386615625507 ) ) ;
#2000 = EDGE_LOOP ( 'NONE', ( #1708, #998, #1040, #1958 ) ) ;
#2001 = DIRECTION ( 'NONE',  ( -0.000000000000000000, 1.000000000000000000, -0.000000000000000000 ) ) ;
#2002 = VECTOR ( 'NONE', #229, 999.9999999999998863 ) ;
#2003 = CARTESIAN_POINT ( 'NONE',  ( 47.78947368421051323, 115.7490892339464494, -61.00000000000000000 ) ) ;
#2004 = VECTOR ( 'NONE', #3530, 1000.000000000000000 ) ;
#2005 = CARTESIAN_POINT ( 'NONE',  ( 53.99999999999999289, 86.00000000000000000, -25.99999999999999645 ) ) ;
#2006 = ORIENTED_EDGE ( 'NONE', *, *, #3753, .T. ) ;
#2007 = DIRECTION ( 'NONE',  ( -1.000000000000000000, 0.000000000000000000, 0.000000000000000000 ) ) ;
#2008 = FACE_BOUND ( 'NONE', #3226, .T. ) ;
#2009 = VERTEX_POINT ( 'NONE', #659 ) ;
#2010 = CYLINDRICAL_SURFACE ( 'NONE', #866, 5.999999999999999112 ) ;
#2011 = ORIENTED_EDGE ( 'NONE', *, *, #2148, .T. ) ;
#2012 = CARTESIAN_POINT ( 'NONE',  ( 0.000000000000000000, 45.02500000000001990, -15.49999999999998934 ) ) ;
#2013 = CARTESIAN_POINT ( 'NONE',  ( 0.000000000000000000, 11.99999999999999822, 0.000000000000000000 ) ) ;
#2014 = AXIS2_PLACEMENT_3D ( 'NONE', #2328, #2034, #141 ) ;
#2015 = DIRECTION ( 'NONE',  ( 0.000000000000000000, 0.000000000000000000, 1.000000000000000000 ) ) ;
#2016 = DIRECTION ( 'NONE',  ( -0.000000000000000000, 1.000000000000000000, -0.000000000000000000 ) ) ;
#2017 = EDGE_CURVE ( 'NONE', #2669, #1531, #2986, .T. ) ;
#2018 = ORIENTED_EDGE ( 'NONE', *, *, #3077, .F. ) ;
#2019 = LINE ( 'NONE', #1344, #1568 ) ;
#2020 = EDGE_CURVE ( 'NONE', #529, #3519, #2786, .T. ) ;
#2021 = ORIENTED_EDGE ( 'NONE', *, *, #1518, .T. ) ;
#2022 = DIRECTION ( 'NONE',  ( 0.000000000000000000, -1.000000000000000000, 0.000000000000000000 ) ) ;
#2023 = AXIS2_PLACEMENT_3D ( 'NONE', #1212, #2737, #364 ) ;
#2024 = DIRECTION ( 'NONE',  ( 0.000000000000000000, 0.000000000000000000, 1.000000000000000000 ) ) ;
#2025 = CYLINDRICAL_SURFACE ( 'NONE', #3969, 50.00000000000001421 ) ;
#2026 = ORIENTED_EDGE ( 'NONE', *, *, #1223, .T. ) ;
#2027 = CARTESIAN_POINT ( 'NONE',  ( 62.00000000000000711, 61.99999999999999289, -24.00000000000000000 ) ) ;
#2028 = DIRECTION ( 'NONE',  ( -0.000000000000000000, 1.000000000000000000, -0.000000000000000000 ) ) ;
#2029 = AXIS2_PLACEMENT_3D ( 'NONE', #2538, #2576, #65 ) ;
#2030 = ORIENTED_EDGE ( 'NONE', *, *, #1447, .F. ) ;
#2031 = DIRECTION ( 'NONE',  ( 0.000000000000000000, 0.000000000000000000, 1.000000000000000000 ) ) ;
#2032 = EDGE_LOOP ( 'NONE', ( #588, #2180, #55, #469 ) ) ;
#2033 = DIRECTION ( 'NONE',  ( 0.000000000000000000, 1.000000000000000000, 3.016910393003141873E-16 ) ) ;
#2034 = DIRECTION ( 'NONE',  ( 0.000000000000000000, 0.000000000000000000, -1.000000000000000000 ) ) ;
#2035 = ORIENTED_EDGE ( 'NONE', *, *, #3125, .F. ) ;
#2036 = AXIS2_PLACEMENT_3D ( 'NONE', #1127, #2388, #2321 ) ;
#2037 = CARTESIAN_POINT ( 'NONE',  ( 68.00000000000000000, 109.9999999999999858, 32.00000000000001421 ) ) ;
#2038 = FACE_BOUND ( 'NONE', #2999, .T. ) ;
#2039 = ORIENTED_EDGE ( 'NONE', *, *, #2729, .T. ) ;
#2040 = EDGE_CURVE ( 'NONE', #3679, #3664, #418, .T. ) ;
#2041 = CARTESIAN_POINT ( 'NONE',  ( 12.73436818540871052, 56.04963125722800044, 29.37307422724300210 ) ) ;
#2042 = ORIENTED_EDGE ( 'NONE', *, *, #1066, .F. ) ;
#2043 = CIRCLE ( 'NONE', #1840, 2.000000000000001776 ) ;
#2044 = PLANE ( 'NONE',  #1112 ) ;
#2045 = DIRECTION ( 'NONE',  ( 1.000000000000000000, 0.000000000000000000, 0.000000000000000000 ) ) ;
#2046 = ADVANCED_FACE ( 'NONE', ( #1996 ), #2398, .F. ) ;
#2047 = EDGE_CURVE ( 'NONE', #2084, #34, #87, .T. ) ;
#2048 = CARTESIAN_POINT ( 'NONE',  ( 4.000000000000010658, 86.00000000000000000, 45.00000000000001421 ) ) ;
#2049 = ORIENTED_EDGE ( 'NONE', *, *, #993, .F. ) ;
#2050 = CARTESIAN_POINT ( 'NONE',  ( 2.204364238465235033E-15, 44.00000000000000711, 17.99999999999999645 ) ) ;
#2051 = DIRECTION ( 'NONE',  ( -0.000000000000000000, 1.000000000000000000, -0.000000000000000000 ) ) ;
#2052 = ORIENTED_EDGE ( 'NONE', *, *, #3231, .T. ) ;
#2053 = CARTESIAN_POINT ( 'NONE',  ( 24.15059672739332797, 56.25953159883978572, 29.59430767076169744 ) ) ;
#2054 = ORIENTED_EDGE ( 'NONE', *, *, #728, .T. ) ;
#2055 = CARTESIAN_POINT ( 'NONE',  ( 36.00000000000000000, 86.00000000000000000, -25.99999999999999645 ) ) ;
#2056 = FACE_OUTER_BOUND ( 'NONE', #1987, .T. ) ;
#2057 = VERTEX_POINT ( 'NONE', #354 ) ;
#2058 = VECTOR ( 'NONE', #2855, 1000.000000000000000 ) ;
#2059 = CARTESIAN_POINT ( 'NONE',  ( 0.000000000000000000, 34.00000000000000000, -12.49999999999999289 ) ) ;
#2060 = DIRECTION ( 'NONE',  ( -0.000000000000000000, 0.000000000000000000, 1.000000000000000000 ) ) ;
#2061 = VECTOR ( 'NONE', #2420, 1000.000000000000000 ) ;
#2062 = CIRCLE ( 'NONE', #808, 27.80377651546390183 ) ;
#2063 = ORIENTED_EDGE ( 'NONE', *, *, #3399, .T. ) ;
#2064 = CARTESIAN_POINT ( 'NONE',  ( 0.000000000000000000, -2.000000000000000000, 30.00000000000000000 ) ) ;
#2065 = EDGE_LOOP ( 'NONE', ( #1357, #1301 ) ) ;
#2066 = AXIS2_PLACEMENT_3D ( 'NONE', #3742, #2186, #2512 ) ;
#2067 = FACE_OUTER_BOUND ( 'NONE', #2863, .T. ) ;
#2068 = CARTESIAN_POINT ( 'NONE',  ( 60.00000000000000711, 0.000000000000000000, 24.00000000000001421 ) ) ;
#2069 = CARTESIAN_POINT ( 'NONE',  ( 36.00000000000001421, 86.00000000000000000, 26.00000000000000000 ) ) ;
#2070 = VERTEX_POINT ( 'NONE', #64 ) ;
#2071 = FACE_BOUND ( 'NONE', #133, .T. ) ;
#2072 = ADVANCED_FACE ( 'NONE', ( #3871 ), #2596, .F. ) ;
#2073 = AXIS2_PLACEMENT_3D ( 'NONE', #1544, #3193, #1221 ) ;
#2074 = ORIENTED_EDGE ( 'NONE', *, *, #1725, .F. ) ;
#2075 = CARTESIAN_POINT ( 'NONE',  ( 18.06109649069994916, 59.48157345044965183, 31.61798784367835680 ) ) ;
#2076 = ADVANCED_FACE ( 'NONE', ( #3848 ), #24, .T. ) ;
#2077 = VERTEX_POINT ( 'NONE', #2313 ) ;
#2078 = DIRECTION ( 'NONE',  ( -0.000000000000000000, -0.000000000000000000, -1.000000000000000000 ) ) ;
#2079 = CARTESIAN_POINT ( 'NONE',  ( 0.000000000000000000, 34.00000000000000000, 0.000000000000000000 ) ) ;
#2080 = ORIENTED_EDGE ( 'NONE', *, *, #2800, .F. ) ;
#2081 = FACE_BOUND ( 'NONE', #197, .T. ) ;
#2082 = CIRCLE ( 'NONE', #3196, 4.000000000000000000 ) ;
#2083 = CARTESIAN_POINT ( 'NONE',  ( 1.040834085586084257E-14, 52.97999199359360034, 0.000000000000000000 ) ) ;
#2084 = VERTEX_POINT ( 'NONE', #2636 ) ;
#2085 = DIRECTION ( 'NONE',  ( 1.000000000000000000, 0.000000000000000000, 0.000000000000000000 ) ) ;
#2086 = ORIENTED_EDGE ( 'NONE', *, *, #3, .F. ) ;
#2087 = CARTESIAN_POINT ( 'NONE',  ( 0.2295910387990980628, 110.1147954763558374, 32.00000000000000711 ) ) ;
#2088 = TOROIDAL_SURFACE ( 'NONE', #2023, 16.00000000000001421, 2.000000000000000000 ) ;
#2089 = DIRECTION ( 'NONE',  ( 0.000000000000000000, 1.000000000000000000, 0.000000000000000000 ) ) ;
#2090 = CARTESIAN_POINT ( 'NONE',  ( 0.000000000000000000, 44.00000000000000711, 0.000000000000000000 ) ) ;
#2091 = VECTOR ( 'NONE', #1823, 1000.000000000000000 ) ;
#2092 = ORIENTED_EDGE ( 'NONE', *, *, #3182, .T. ) ;
#2093 = ADVANCED_FACE ( 'NONE', ( #2945 ), #124, .T. ) ;
#2094 = AXIS2_PLACEMENT_3D ( 'NONE', #3607, #3235, #3276 ) ;
#2095 = ADVANCED_FACE ( 'NONE', ( #1690, #3273, #2038, #3293 ), #2701, .F. ) ;
#2096 = DIRECTION ( 'NONE',  ( 0.000000000000000000, 0.000000000000000000, 1.000000000000000000 ) ) ;
#2097 = EDGE_LOOP ( 'NONE', ( #2951, #2606, #3923, #1792 ) ) ;
#2098 = LINE ( 'NONE', #3619, #1831 ) ;
#2099 = DIRECTION ( 'NONE',  ( 0.000000000000000000, 1.000000000000000000, 0.000000000000000000 ) ) ;
#2100 = ADVANCED_FACE ( 'NONE', ( #3953 ), #2202, .T. ) ;
#2101 = EDGE_LOOP ( 'NONE', ( #511, #1815, #555, #59 ) ) ;
#2102 = EDGE_CURVE ( 'NONE', #823, #1130, #1672, .T. ) ;
#2103 = CYLINDRICAL_SURFACE ( 'NONE', #1862, 8.000000000000000000 ) ;
#2104 = FACE_OUTER_BOUND ( 'NONE', #3086, .T. ) ;
#2105 = CARTESIAN_POINT ( 'NONE',  ( 60.00000000000000711, 61.99999999999999289, -24.00000000000000000 ) ) ;
#2106 = AXIS2_PLACEMENT_3D ( 'NONE', #3489, #1931, #365 ) ;
#2107 = EDGE_LOOP ( 'NONE', ( #1936, #3509, #391 ) ) ;
#2108 = CARTESIAN_POINT ( 'NONE',  ( 1.040834085586084257E-14, 29.71602693072901502, 21.97243567640638062 ) ) ;
#2109 = CYLINDRICAL_SURFACE ( 'NONE', #1044, 8.000000000000000000 ) ;
#2110 = CARTESIAN_POINT ( 'NONE',  ( 0.000000000000000000, 129.4749999999999943, 0.000000000000000000 ) ) ;
#2111 = CARTESIAN_POINT ( 'NONE',  ( 66.39146594206104623, 75.93706720037273783, 28.83719121922375450 ) ) ;
#2112 = DIRECTION ( 'NONE',  ( -1.000000000000000000, 0.000000000000000000, 0.000000000000000000 ) ) ;
#2113 = VERTEX_POINT ( 'NONE', #2354 ) ;
#2114 = CARTESIAN_POINT ( 'NONE',  ( -37.50000000000001421, 11.99999999999999822, -6.000000000000391687 ) ) ;
#2115 = ORIENTED_EDGE ( 'NONE', *, *, #3458, .T. ) ;
#2116 = CARTESIAN_POINT ( 'NONE',  ( -35.62171768160311558, 89.88642634621747618, -61.00000000000000000 ) ) ;
#2117 = CARTESIAN_POINT ( 'NONE',  ( 7.339224385733390754, 113.5986871481867269, -31.16127429457253584 ) ) ;
#2118 = ORIENTED_EDGE ( 'NONE', *, *, #560, .T. ) ;
#2119 = CARTESIAN_POINT ( 'NONE',  ( 0.000000000000000000, 11.99999999999999822, -37.50000000000000711 ) ) ;
#2120 = DIRECTION ( 'NONE',  ( 0.000000000000000000, 0.000000000000000000, 1.000000000000000000 ) ) ;
#2121 = EDGE_CURVE ( 'NONE', #3606, #34, #2131, .T. ) ;
#2122 = ADVANCED_FACE ( 'NONE', ( #2104 ), #158, .F. ) ;
#2123 = CIRCLE ( 'NONE', #3238, 32.00000000000000711 ) ;
#2124 = ORIENTED_EDGE ( 'NONE', *, *, #3199, .F. ) ;
#2125 = CARTESIAN_POINT ( 'NONE',  ( 0.000000000000000000, 59.99999999999998579, 0.000000000000000000 ) ) ;
#2126 = EDGE_CURVE ( 'NONE', #67, #3017, #3183, .T. ) ;
#2127 = DIRECTION ( 'NONE',  ( -0.000000000000000000, 1.000000000000000000, -0.000000000000000000 ) ) ;
#2128 = VECTOR ( 'NONE', #3917, 1000.000000000000000 ) ;
#2129 = CARTESIAN_POINT ( 'NONE',  ( 7.339237856738798804, 113.5986934598513329, 31.16127109594837208 ) ) ;
#2130 = AXIS2_PLACEMENT_3D ( 'NONE', #2997, #173, #461 ) ;
#2131 = CIRCLE ( 'NONE', #3769, 32.00000000000000711 ) ;
#2132 = LINE ( 'NONE', #3711, #3930 ) ;
#2133 = CARTESIAN_POINT ( 'NONE',  ( 0.000000000000000000, 45.02500000000001990, 0.000000000000000000 ) ) ;
#2134 = AXIS2_PLACEMENT_3D ( 'NONE', #78, #1988, #3211 ) ;
#2135 = EDGE_LOOP ( 'NONE', ( #1819, #3661, #2197, #749, #1617, #1638, #2922, #1295, #730 ) ) ;
#2136 = FACE_OUTER_BOUND ( 'NONE', #1529, .T. ) ;
#2137 = VERTEX_POINT ( 'NONE', #3034 ) ;
#2138 = CARTESIAN_POINT ( 'NONE',  ( 60.00000000000000711, 61.99999999999999289, 26.00000000000000000 ) ) ;
#2139 = CARTESIAN_POINT ( 'NONE',  ( 60.00000000000001421, 107.1660104885167186, 32.00000000000001421 ) ) ;
#2140 = VECTOR ( 'NONE', #3480, 1000.000000000000000 ) ;
#2141 = EDGE_LOOP ( 'NONE', ( #3890, #2879, #597, #3353, #747, #1462, #2039, #1624, #2183 ) ) ;
#2142 = LINE ( 'NONE', #1175, #3311 ) ;
#2143 = SPHERICAL_SURFACE ( 'NONE', #1342, 8.000000000000000000 ) ;
#2144 = B_SPLINE_CURVE_WITH_KNOTS ( 'NONE', 3,
 ( #3882, #1770, #2983, #3617, #493, #2371, #2308, #161, #3947, #3329, #792, #1129, #815, #2053, #1378, #1087, #1065, #1416, #2075, #729, #1684, #2390 ),
 .UNSPECIFIED., .F., .F.,
 ( 4, 2, 2, 2, 2, 2, 2, 2, 2, 2, 4 ),
 ( -3.577709121776443437E-05, 0.0007342945286951959400, 0.001504366148608156199, 0.003044509388434058720, 0.006124795868085884144, 0.009205082347737708268, 0.01228536882738953326, 0.01536565530704135998, 0.01844594178669318671, 0.02152622826634500997, 0.02460651474599683669 ),
 .UNSPECIFIED. ) ;
#2145 = DIRECTION ( 'NONE',  ( -0.000000000000000000, 1.000000000000000000, 0.000000000000000000 ) ) ;
#2146 = ORIENTED_EDGE ( 'NONE', *, *, #2381, .F. ) ;
#2147 = FACE_OUTER_BOUND ( 'NONE', #2533, .T. ) ;
#2148 = EDGE_CURVE ( 'NONE', #2717, #594, #1809, .T. ) ;
#2149 = CARTESIAN_POINT ( 'NONE',  ( 57.16601048851674705, 109.9999999999999858, 32.00000000000001421 ) ) ;
#2150 = LINE ( 'NONE', #213, #610 ) ;
#2151 = AXIS2_PLACEMENT_3D ( 'NONE', #2013, #1440, #3269 ) ;
#2152 = EDGE_CURVE ( 'NONE', #67, #3335, #1159, .T. ) ;
#2153 = PRODUCT_DEFINITION_FORMATION_WITH_SPECIFIED_SOURCE ( 'ANY', '', #1133, .NOT_KNOWN. ) ;
#2154 = CARTESIAN_POINT ( 'NONE',  ( 60.00000000000000711, 109.9999999999999858, 32.00000000000001421 ) ) ;
#2155 = CARTESIAN_POINT ( 'NONE',  ( -2.000000000000001776, 86.00000000000000000, -61.00000000000000000 ) ) ;
#2156 = ORIENTED_EDGE ( 'NONE', *, *, #3986, .F. ) ;
#2157 = FACE_OUTER_BOUND ( 'NONE', #2861, .T. ) ;
#2158 = ORIENTED_EDGE ( 'NONE', *, *, #1393, .F. ) ;
#2159 = CARTESIAN_POINT ( 'NONE',  ( -2.618611004132350648E-13, 0.000000000000000000, 37.50000000000000711 ) ) ;
#2160 = CIRCLE ( 'NONE', #1563, 30.00000000000000000 ) ;
#2161 = ORIENTED_EDGE ( 'NONE', *, *, #2452, .T. ) ;
#2162 = CARTESIAN_POINT ( 'NONE',  ( 43.33922438573340941, 54.83872570542749258, 27.59868714818677660 ) ) ;
#2163 = AXIS2_PLACEMENT_3D ( 'NONE', #88, #439, #1409 ) ;
#2164 = ORIENTED_EDGE ( 'NONE', *, *, #2544, .F. ) ;
#2165 = CARTESIAN_POINT ( 'NONE',  ( 0.000000000000000000, 0.000000000000000000, 0.000000000000000000 ) ) ;
#2166 = DIRECTION ( 'NONE',  ( -0.000000000000000000, -0.000000000000000000, 1.000000000000000000 ) ) ;
#2167 = AXIS2_PLACEMENT_3D ( 'NONE', #680, #374, #355 ) ;
#2168 = VERTEX_POINT ( 'NONE', #2422 ) ;
#2169 = DIRECTION ( 'NONE',  ( 0.000000000000000000, 0.000000000000000000, 1.000000000000000000 ) ) ;
#2170 = VECTOR ( 'NONE', #746, 1000.000000000000000 ) ;
#2171 = ADVANCED_FACE ( 'NONE', ( #2658 ), #1734, .F. ) ;
#2172 = VECTOR ( 'NONE', #3920, 1000.000000000000000 ) ;
#2173 = CARTESIAN_POINT ( 'NONE',  ( 68.00000000000000000, 85.77040896118793967, 24.11479547632988485 ) ) ;
#2174 = FACE_OUTER_BOUND ( 'NONE', #1379, .T. ) ;
#2175 = EDGE_CURVE ( 'NONE', #428, #127, #356, .T. ) ;
#2176 = EDGE_CURVE ( 'NONE', #2310, #4048, #553, .T. ) ;
#2177 = AXIS2_PLACEMENT_3D ( 'NONE', #3751, #1225, #3731 ) ;
#2178 = ORIENTED_EDGE ( 'NONE', *, *, #3550, .T. ) ;
#2179 = CARTESIAN_POINT ( 'NONE',  ( 68.00000000000000000, 118.0000000000000000, 32.00000000000001421 ) ) ;
#2180 = ORIENTED_EDGE ( 'NONE', *, *, #3206, .T. ) ;
#2181 = DIRECTION ( 'NONE',  ( -0.000000000000000000, 0.000000000000000000, 1.000000000000000000 ) ) ;
#2182 = LINE ( 'NONE', #4011, #2926 ) ;
#2183 = ORIENTED_EDGE ( 'NONE', *, *, #1319, .F. ) ;
#2184 = FACE_OUTER_BOUND ( 'NONE', #1933, .T. ) ;
#2185 = VERTEX_POINT ( 'NONE', #822 ) ;
#2186 = DIRECTION ( 'NONE',  ( -0.000000000000000000, -0.000000000000000000, -1.000000000000000000 ) ) ;
#2187 = CARTESIAN_POINT ( 'NONE',  ( 3.679584924826704295, 60.16796342617104898, -31.80108767770078160 ) ) ;
#2188 = ORIENTED_EDGE ( 'NONE', *, *, #1188, .F. ) ;
#2189 = CARTESIAN_POINT ( 'NONE',  ( -26.00000000000001776, 109.9999999999999716, 0.000000000000000000 ) ) ;
#2190 = DIRECTION ( 'NONE',  ( -0.000000000000000000, 1.000000000000000000, -0.000000000000000000 ) ) ;
#2191 = CIRCLE ( 'NONE', #3893, 24.00000000000001421 ) ;
#2192 = DIRECTION ( 'NONE',  ( 1.000000000000000000, 0.000000000000000000, 0.000000000000000000 ) ) ;
#2193 = AXIS2_PLACEMENT_3D ( 'NONE', #1777, #453, #2992 ) ;
#2194 = CARTESIAN_POINT ( 'NONE',  ( 0.000000000000000000, -1.999999999999997335, 0.000000000000000000 ) ) ;
#2195 = AXIS2_PLACEMENT_3D ( 'NONE', #1102, #441, #3897 ) ;
#2196 = CIRCLE ( 'NONE', #152, 2.000000000000002220 ) ;
#2197 = ORIENTED_EDGE ( 'NONE', *, *, #2641, .T. ) ;
#2198 = DIRECTION ( 'NONE',  ( -1.000000000000000000, -2.312964634635742464E-16, 0.000000000000000000 ) ) ;
#2199 = EDGE_CURVE ( 'NONE', #4030, #97, #1934, .T. ) ;
#2200 = VERTEX_POINT ( 'NONE', #1072 ) ;
#2201 = DIRECTION ( 'NONE',  ( 1.000000000000000000, 0.000000000000000000, 0.000000000000000000 ) ) ;
#2202 = CONICAL_SURFACE ( 'NONE', #25, 26.00000000000001421, 0.3587706702705721340 ) ;
#2203 = CARTESIAN_POINT ( 'NONE',  ( 67.36241044114711940, 92.42345109203976961, 27.16469001155711993 ) ) ;
#2204 = ORIENTED_EDGE ( 'NONE', *, *, #2687, .F. ) ;
#2205 = EDGE_CURVE ( 'NONE', #3017, #67, #2656, .T. ) ;
#2206 = CARTESIAN_POINT ( 'NONE',  ( 0.000000000000000000, 118.0000000000000000, -32.00000000000000711 ) ) ;
#2207 = EDGE_LOOP ( 'NONE', ( #3469, #2610, #2314, #791 ) ) ;
#2208 = DIRECTION ( 'NONE',  ( 0.000000000000000000, -1.000000000000000000, 0.000000000000000000 ) ) ;
#2209 = TOROIDAL_SURFACE ( 'NONE', #949, 24.00000000000001421, 2.000000000000000000 ) ;
#2210 = DIRECTION ( 'NONE',  ( 0.000000000000000000, 0.000000000000000000, 1.000000000000000000 ) ) ;
#2211 = CIRCLE ( 'NONE', #950, 6.000000000000007105 ) ;
#2212 = LINE ( 'NONE', #3496, #1610 ) ;
#2213 = CARTESIAN_POINT ( 'NONE',  ( 56.38541108193159346, 110.6884239677963251, 32.00000000000002132 ) ) ;
#2214 = DIRECTION ( 'NONE',  ( -1.000000000000000000, 0.000000000000000000, 0.000000000000000000 ) ) ;
#2215 = VECTOR ( 'NONE', #1635, 1000.000000000000000 ) ;
#2216 = CYLINDRICAL_SURFACE ( 'NONE', #2688, 24.00000000000000000 ) ;
#2217 = CYLINDRICAL_SURFACE ( 'NONE', #3815, 2.000000000000001776 ) ;
#2218 = CARTESIAN_POINT ( 'NONE',  ( 0.000000000000000000, 133.0000000000000000, 32.00000000000001421 ) ) ;
#2219 = AXIS2_PLACEMENT_3D ( 'NONE', #3414, #3013, #2399 ) ;
#2220 = DIRECTION ( 'NONE',  ( -0.000000000000000000, -0.000000000000000000, 1.000000000000000000 ) ) ;
#2221 = VERTEX_POINT ( 'NONE', #2993 ) ;
#2222 = CARTESIAN_POINT ( 'NONE',  ( 60.00000000000000711, 62.00000000000000711, -24.00000000000002487 ) ) ;
#2223 = CARTESIAN_POINT ( 'NONE',  ( 4.000000000000005329, 86.00000000000000000, -61.00000000000000000 ) ) ;
#2224 = CIRCLE ( 'NONE', #697, 22.99999999999998934 ) ;
#2225 = EDGE_CURVE ( 'NONE', #352, #2536, #875, .T. ) ;
#2226 = ADVANCED_FACE ( 'NONE', ( #3623 ), #798, .F. ) ;
#2227 = EDGE_LOOP ( 'NONE', ( #2810, #760 ) ) ;
#2228 = CARTESIAN_POINT ( 'NONE',  ( 42.42345109203978382, 54.63758955885292323, 27.16469001155711638 ) ) ;
#2229 = ORIENTED_EDGE ( 'NONE', *, *, #3376, .T. ) ;
#2230 = DIRECTION ( 'NONE',  ( 0.000000000000000000, 0.000000000000000000, -1.000000000000000000 ) ) ;
#2231 = AXIS2_PLACEMENT_3D ( 'NONE', #3716, #299, #2468 ) ;
#2232 = EDGE_CURVE ( 'NONE', #2345, #3288, #1818, .T. ) ;
#2233 =( LENGTH_UNIT ( ) NAMED_UNIT ( * ) SI_UNIT ( .MILLI., .METRE. ) );
#2234 = EDGE_CURVE ( 'NONE', #249, #3214, #1868, .T. ) ;
#2235 = CIRCLE ( 'NONE', #3472, 12.49999999999999289 ) ;
#2236 = DIRECTION ( 'NONE',  ( 1.000000000000000000, 0.000000000000000000, 0.000000000000000000 ) ) ;
#2237 = DIRECTION ( 'NONE',  ( -0.000000000000000000, -0.000000000000000000, 1.000000000000000000 ) ) ;
#2238 = AXIS2_PLACEMENT_3D ( 'NONE', #1242, #994, #925 ) ;
#2239 = CYLINDRICAL_SURFACE ( 'NONE', #776, 2.000000000000002220 ) ;
#2240 = DIRECTION ( 'NONE',  ( -0.000000000000000000, 0.000000000000000000, 1.000000000000000000 ) ) ;
#2241 = CYLINDRICAL_SURFACE ( 'NONE', #1163, 18.49999999999998934 ) ;
#2242 = CIRCLE ( 'NONE', #2036, 2.000000000000001776 ) ;
#2243 = CARTESIAN_POINT ( 'NONE',  ( 60.00000000000000711, 61.99999999999999289, 24.00000000000000355 ) ) ;
#2244 = ORIENTED_EDGE ( 'NONE', *, *, #3106, .T. ) ;
#2245 = CARTESIAN_POINT ( 'NONE',  ( 0.000000000000000000, 44.00000000000000711, -16.52499999999999858 ) ) ;
#2246 = VERTEX_POINT ( 'NONE', #287 ) ;
#2247 = DIRECTION ( 'NONE',  ( -1.000000000000000000, 0.000000000000000000, 0.000000000000000000 ) ) ;
#2248 = ORIENTED_EDGE ( 'NONE', *, *, #3250, .F. ) ;
#2249 = CARTESIAN_POINT ( 'NONE',  ( 33.69700661615782877, 117.9203438661562444, 25.14955855666567430 ) ) ;
#2250 = CARTESIAN_POINT ( 'NONE',  ( 0.000000000000000000, 16.00000000000000000, -28.77200187265877673 ) ) ;
#2251 = EDGE_LOOP ( 'NONE', ( #1052, #1381, #1577, #816, #1331, #2423, #3410, #1879 ) ) ;
#2252 = DIRECTION ( 'NONE',  ( -0.3684210526315782608, -0.9296590385608264340, 0.000000000000000000 ) ) ;
#2253 = EDGE_CURVE ( 'NONE', #192, #2648, #1601, .T. ) ;
#2254 = DIRECTION ( 'NONE',  ( -0.000000000000000000, -1.000000000000000000, -0.000000000000000000 ) ) ;
#2255 = DIRECTION ( 'NONE',  ( -1.000000000000000000, 0.000000000000000000, 0.000000000000000000 ) ) ;
#2256 = CARTESIAN_POINT ( 'NONE',  ( 7.347880794884120722E-16, 11.99999999999999822, -43.50000000000000711 ) ) ;
#2257 = CARTESIAN_POINT ( 'NONE',  ( 60.00000000000000711, 64.83398951148326717, 32.00000000000001421 ) ) ;
#2258 = CONICAL_SURFACE ( 'NONE', #482, 19.52500000000000213, 0.7853981633974583820 ) ;
#2259 = CARTESIAN_POINT ( 'NONE',  ( -2.611263123337466034E-13, 0.000000000000000000, 31.50000000000000711 ) ) ;
#2260 = VERTEX_POINT ( 'NONE', #1520 ) ;
#2261 = FACE_OUTER_BOUND ( 'NONE', #2251, .T. ) ;
#2262 = DIRECTION ( 'NONE',  ( -1.000000000000000000, 0.000000000000000000, 0.000000000000000000 ) ) ;
#2263 = AXIS2_PLACEMENT_3D ( 'NONE', #3518, #1940, #1608 ) ;
#2264 = AXIS2_PLACEMENT_3D ( 'NONE', #2119, #4049, #1873 ) ;
#2265 = ORIENTED_EDGE ( 'NONE', *, *, #2452, .F. ) ;
#2266 = CIRCLE ( 'NONE', #1408, 24.02499999999999858 ) ;
#2267 = DIRECTION ( 'NONE',  ( 1.000000000000000000, 0.000000000000000000, 0.000000000000000000 ) ) ;
#2268 = EDGE_LOOP ( 'NONE', ( #572, #2372, #3434, #2161, #3110 ) ) ;
#2269 = CARTESIAN_POINT ( 'NONE',  ( 15.61458963466801109, 110.6884245997776617, 32.00000000000000711 ) ) ;
#2270 =( NAMED_UNIT ( * ) PLANE_ANGLE_UNIT ( ) SI_UNIT ( $, .RADIAN. ) );
#2271 = ORIENTED_EDGE ( 'NONE', *, *, #437, .F. ) ;
#2272 = CARTESIAN_POINT ( 'NONE',  ( 60.00000000000000711, 62.00000000000000711, -24.00000000000002487 ) ) ;
#2273 = ORIENTED_EDGE ( 'NONE', *, *, #1370, .T. ) ;
#2274 = EDGE_CURVE ( 'NONE', #3679, #2780, #3393, .T. ) ;
#2275 = EDGE_CURVE ( 'NONE', #3645, #276, #2990, .T. ) ;
#2276 = ORIENTED_EDGE ( 'NONE', *, *, #80, .T. ) ;
#2277 = DIRECTION ( 'NONE',  ( 1.000000000000000000, 0.000000000000000000, 0.000000000000000000 ) ) ;
#2278 = DIRECTION ( 'NONE',  ( -0.000000000000000000, -1.000000000000000000, -0.000000000000000000 ) ) ;
#2279 = CYLINDRICAL_SURFACE ( 'NONE', #2350, 28.00000000000000000 ) ;
#2280 = EDGE_CURVE ( 'NONE', #276, #3645, #2266, .T. ) ;
#2281 = CARTESIAN_POINT ( 'NONE',  ( 60.00000000000000711, 109.9999999999999858, 24.00000000000000355 ) ) ;
#2282 = EDGE_LOOP ( 'NONE', ( #672, #2204, #2571, #3741 ) ) ;
#2283 = DIRECTION ( 'NONE',  ( -1.000000000000000000, 0.000000000000000000, 0.000000000000000000 ) ) ;
#2284 = DIRECTION ( 'NONE',  ( 1.000000000000000000, 0.000000000000000000, -1.224646799147353207E-16 ) ) ;
#2285 = AXIS2_PLACEMENT_3D ( 'NONE', #948, #2214, #2845 ) ;
#2286 = ORIENTED_EDGE ( 'NONE', *, *, #1647, .F. ) ;
#2287 = CARTESIAN_POINT ( 'NONE',  ( 36.00000000000000000, 86.00000000000000000, -73.00000000000000000 ) ) ;
#2288 = ORIENTED_EDGE ( 'NONE', *, *, #585, .F. ) ;
#2289 = CARTESIAN_POINT ( 'NONE',  ( 60.00000000000000000, 109.9999999999999858, -26.00000000000000000 ) ) ;
#2290 = ORIENTED_EDGE ( 'NONE', *, *, #3478, .F. ) ;
#2291 = VECTOR ( 'NONE', #1753, 1000.000000000000114 ) ;
#2292 = CARTESIAN_POINT ( 'NONE',  ( 0.000000000000000000, -2.000000000000000000, 0.000000000000000000 ) ) ;
#2293 = VECTOR ( 'NONE', #4020, 1000.000000000000000 ) ;
#2294 = ORIENTED_EDGE ( 'NONE', *, *, #4, .T. ) ;
#2295 = FACE_OUTER_BOUND ( 'NONE', #3267, .T. ) ;
#2296 = CIRCLE ( 'NONE', #1571, 50.00000000000001421 ) ;
#2297 = DIRECTION ( 'NONE',  ( 0.000000000000000000, 1.000000000000000000, 0.000000000000000000 ) ) ;
#2298 = CARTESIAN_POINT ( 'NONE',  ( 60.00000000000000711, 62.00000000000000711, 24.00000000000001421 ) ) ;
#2299 = DIRECTION ( 'NONE',  ( -2.312964634635742464E-16, 1.000000000000000000, 0.000000000000000000 ) ) ;
#2300 = CARTESIAN_POINT ( 'NONE',  ( 60.00000000000000711, 61.99999999999999289, 26.00000000000000000 ) ) ;
#2301 = ADVANCED_FACE ( 'NONE', ( #3761 ), #2764, .T. ) ;
#2302 = EDGE_LOOP ( 'NONE', ( #3389, #3597, #2967, #1465, #3809 ) ) ;
#2303 = LINE ( 'NONE', #1681, #251 ) ;
#2304 = CARTESIAN_POINT ( 'NONE',  ( 18.00000000000000000, 86.00000000000000000, -75.00000000000000000 ) ) ;
#2305 = EDGE_CURVE ( 'NONE', #2511, #147, #3507, .T. ) ;
#2306 = VECTOR ( 'NONE', #2548, 1000.000000000000000 ) ;
#2307 = ORIENTED_EDGE ( 'NONE', *, *, #3501, .F. ) ;
#2308 = CARTESIAN_POINT ( 'NONE',  ( 33.69698848713407813, 54.07965744783486883, 25.14956756961930395 ) ) ;
#2309 = EDGE_CURVE ( 'NONE', #3541, #2660, #491, .T. ) ;
#2310 = VERTEX_POINT ( 'NONE', #3413 ) ;
#2311 = DIRECTION ( 'NONE',  ( 1.000000000000000000, 0.000000000000000000, 0.000000000000000000 ) ) ;
#2312 = EDGE_LOOP ( 'NONE', ( #3002, #2882 ) ) ;
#2313 = CARTESIAN_POINT ( 'NONE',  ( 6.123233995736767663E-15, 9.999999999999994671, -50.00000000000001421 ) ) ;
#2314 = ORIENTED_EDGE ( 'NONE', *, *, #2017, .T. ) ;
#2315 = DIRECTION ( 'NONE',  ( -0.000000000000000000, 1.000000000000000000, -0.000000000000000000 ) ) ;
#2316 = LINE ( 'NONE', #3260, #121 ) ;
#2317 = DIRECTION ( 'NONE',  ( 0.000000000000000000, 0.000000000000000000, -1.000000000000000000 ) ) ;
#2318 = FACE_BOUND ( 'NONE', #3216, .T. ) ;
#2319 = VERTEX_POINT ( 'NONE', #2744 ) ;
#2320 = DIRECTION ( 'NONE',  ( -0.000000000000000000, 1.000000000000000000, -0.000000000000000000 ) ) ;
#2321 = DIRECTION ( 'NONE',  ( 0.000000000000000000, 0.000000000000000000, -1.000000000000000000 ) ) ;
#2322 = AXIS2_PLACEMENT_3D ( 'NONE', #3694, #1846, #240 ) ;
#2323 = VERTEX_POINT ( 'NONE', #3093 ) ;
#2324 = ADVANCED_FACE ( 'NONE', ( #2781 ), #860, .T. ) ;
#2325 = ORIENTED_EDGE ( 'NONE', *, *, #2724, .F. ) ;
#2326 = DIRECTION ( 'NONE',  ( -0.000000000000000000, -0.000000000000000000, -1.000000000000000000 ) ) ;
#2327 = VECTOR ( 'NONE', #1011, 1000.000000000000000 ) ;
#2328 = CARTESIAN_POINT ( 'NONE',  ( 36.00000000000000000, 86.00000000000000000, -75.00000000000000000 ) ) ;
#2329 = AXIS2_PLACEMENT_3D ( 'NONE', #3975, #3887, #1756 ) ;
#2330 = AXIS2_PLACEMENT_3D ( 'NONE', #522, #3910, #3666 ) ;
#2331 = ORIENTED_EDGE ( 'NONE', *, *, #3381, .T. ) ;
#2332 = DIRECTION ( 'NONE',  ( 1.000000000000000000, 0.000000000000000000, 0.000000000000000000 ) ) ;
#2333 = DIRECTION ( 'NONE',  ( -0.000000000000000000, -1.000000000000000000, -0.000000000000000000 ) ) ;
#2334 = CIRCLE ( 'NONE', #2858, 1.999999999999997335 ) ;
#2335 = VERTEX_POINT ( 'NONE', #3997 ) ;
#2336 = VERTEX_POINT ( 'NONE', #2455 ) ;
#2337 = DIRECTION ( 'NONE',  ( -1.000000000000000000, 0.000000000000000000, 0.000000000000000000 ) ) ;
#2338 = AXIS2_PLACEMENT_3D ( 'NONE', #396, #3056, #2537 ) ;
#2339 = FACE_OUTER_BOUND ( 'NONE', #1652, .T. ) ;
#2340 = UNCERTAINTY_MEASURE_WITH_UNIT (LENGTH_MEASURE( 1.000000000000000082E-05 ), #2233, 'distance_accuracy_value', 'NONE');
#2341 = DIRECTION ( 'NONE',  ( 1.000000000000000000, 0.000000000000000000, 0.000000000000000000 ) ) ;
#2342 = EDGE_LOOP ( 'NONE', ( #796, #1582, #3795, #194 ) ) ;
#2343 = DIRECTION ( 'NONE',  ( -0.000000000000000000, -1.000000000000000000, -3.252606517456514288E-16 ) ) ;
#2344 = CARTESIAN_POINT ( 'NONE',  ( 68.00000000000000000, 54.00000000000000711, 24.00000000000001421 ) ) ;
#2345 = VERTEX_POINT ( 'NONE', #557 ) ;
#2346 = CARTESIAN_POINT ( 'NONE',  ( 0.000000000000000000, 52.97999199359360034, 0.000000000000000000 ) ) ;
#2347 = ORIENTED_EDGE ( 'NONE', *, *, #3255, .F. ) ;
#2348 = DIRECTION ( 'NONE',  ( 0.000000000000000000, 0.000000000000000000, 1.000000000000000000 ) ) ;
#2349 = DIRECTION ( 'NONE',  ( 1.445602896647339656E-16, -1.000000000000000000, -0.000000000000000000 ) ) ;
#2350 = AXIS2_PLACEMENT_3D ( 'NONE', #685, #2832, #7 ) ;
#2351 = EDGE_CURVE ( 'NONE', #3416, #1627, #3312, .T. ) ;
#2352 = ORIENTED_EDGE ( 'NONE', *, *, #3629, .T. ) ;
#2353 = FACE_OUTER_BOUND ( 'NONE', #1174, .T. ) ;
#2354 = CARTESIAN_POINT ( 'NONE',  ( 37.50000000000000711, 0.000000000000000000, 6.000000000000130562 ) ) ;
#2355 = EDGE_CURVE ( 'NONE', #446, #2723, #3644, .T. ) ;
#2356 = ADVANCED_FACE ( 'NONE', ( #3685 ), #2143, .T. ) ;
#2357 = AXIS2_PLACEMENT_3D ( 'NONE', #390, #2921, #3170 ) ;
#2358 = ORIENTED_EDGE ( 'NONE', *, *, #1441, .F. ) ;
#2359 = CARTESIAN_POINT ( 'NONE',  ( 24.21052631578948322, 56.25091076605355767, -63.00000000000000000 ) ) ;
#2360 = ORIENTED_EDGE ( 'NONE', *, *, #1922, .T. ) ;
#2361 = CYLINDRICAL_SURFACE ( 'NONE', #2493, 15.49999999999999289 ) ;
#2362 = CIRCLE ( 'NONE', #3667, 32.00000000000000711 ) ;
#2363 = CARTESIAN_POINT ( 'NONE',  ( 60.00000000000000711, 111.9999999999999858, -24.00000000000000000 ) ) ;
#2364 = CIRCLE ( 'NONE', #521, 2.000000000000001776 ) ;
#2365 = DIRECTION ( 'NONE',  ( -0.000000000000000000, 1.000000000000000000, -0.000000000000000000 ) ) ;
#2366 = ORIENTED_EDGE ( 'NONE', *, *, #2925, .T. ) ;
#2367 = CARTESIAN_POINT ( 'NONE',  ( 60.00000000000000711, 61.99999999999999289, -26.00000000000000000 ) ) ;
#2368 = CARTESIAN_POINT ( 'NONE',  ( 0.000000000000000000, -2.000000000000000000, -37.50000000000000711 ) ) ;
#2369 = AXIS2_PLACEMENT_3D ( 'NONE', #338, #2808, #1905 ) ;
#2370 = ORIENTED_EDGE ( 'NONE', *, *, #1013, .F. ) ;
#2371 = CARTESIAN_POINT ( 'NONE',  ( 34.15646204739284286, 54.04982594021340958, 24.92079890088571048 ) ) ;
#2372 = ORIENTED_EDGE ( 'NONE', *, *, #1116, .T. ) ;
#2373 = DIRECTION ( 'NONE',  ( 1.000000000000000000, 0.000000000000000000, 0.000000000000000000 ) ) ;
#2374 = DIRECTION ( 'NONE',  ( -1.000000000000000000, 0.000000000000000000, 0.000000000000000000 ) ) ;
#2375 = ORIENTED_EDGE ( 'NONE', *, *, #3983, .T. ) ;
#2376 = CARTESIAN_POINT ( 'NONE',  ( 60.00000000000000711, 62.00000000000000711, 24.00000000000001421 ) ) ;
#2377 = DIRECTION ( 'NONE',  ( 0.000000000000000000, 0.000000000000000000, -1.000000000000000000 ) ) ;
#2378 = AXIS2_PLACEMENT_3D ( 'NONE', #890, #547, #1246 ) ;
#2379 = ORIENTED_EDGE ( 'NONE', *, *, #660, .F. ) ;
#2380 = CARTESIAN_POINT ( 'NONE',  ( -8.631578947368437227, 102.7338626940948672, -63.00000000000000000 ) ) ;
#2381 = EDGE_CURVE ( 'NONE', #1314, #3556, #91, .T. ) ;
#2382 = ORIENTED_EDGE ( 'NONE', *, *, #968, .T. ) ;
#2383 = DIRECTION ( 'NONE',  ( -1.000000000000000000, -2.312964634635742464E-16, 0.000000000000000000 ) ) ;
#2384 = EDGE_CURVE ( 'NONE', #2345, #826, #1150, .T. ) ;
#2385 = DIRECTION ( 'NONE',  ( -1.000000000000000000, 0.000000000000000000, 0.000000000000000000 ) ) ;
#2386 = ORIENTED_EDGE ( 'NONE', *, *, #961, .T. ) ;
#2387 = CARTESIAN_POINT ( 'NONE',  ( 0.000000000000000000, 45.02500000000001990, 0.000000000000000000 ) ) ;
#2388 = DIRECTION ( 'NONE',  ( 1.000000000000000000, 0.000000000000000000, -0.000000000000000000 ) ) ;
#2389 = ORIENTED_EDGE ( 'NONE', *, *, #1802, .F. ) ;
#2390 = CARTESIAN_POINT ( 'NONE',  ( 14.83398951148327072, 62.00000000000000711, 32.00000000000001421 ) ) ;
#2391 = VERTEX_POINT ( 'NONE', #2799 ) ;
#2392 = DIRECTION ( 'NONE',  ( -1.000000000000000000, 0.000000000000000000, 0.000000000000000000 ) ) ;
#2393 = DIRECTION ( 'NONE',  ( -0.000000000000000000, -1.000000000000000000, -0.000000000000000000 ) ) ;
#2394 = ORIENTED_EDGE ( 'NONE', *, *, #1058, .F. ) ;
#2395 = CIRCLE ( 'NONE', #733, 32.00000000000001421 ) ;
#2396 = FACE_OUTER_BOUND ( 'NONE', #3609, .T. ) ;
#2397 = AXIS2_PLACEMENT_3D ( 'NONE', #3011, #3665, #143 ) ;
#2398 = CONICAL_SURFACE ( 'NONE', #2528, 16.52499999999999858, 0.7853981633974466137 ) ;
#2399 = DIRECTION ( 'NONE',  ( 1.000000000000000000, 0.000000000000000000, 0.000000000000000000 ) ) ;
#2400 = CIRCLE ( 'NONE', #1009, 8.000000000000000000 ) ;
#2401 = ORIENTED_EDGE ( 'NONE', *, *, #1864, .T. ) ;
#2402 = CARTESIAN_POINT ( 'NONE',  ( -36.35855978686628021, 91.74574442333913282, -63.00000000000000000 ) ) ;
#2403 = ORIENTED_EDGE ( 'NONE', *, *, #3323, .F. ) ;
#2404 = AXIS2_PLACEMENT_3D ( 'NONE', #2083, #2377, #1445 ) ;
#2405 = DIRECTION ( 'NONE',  ( 0.000000000000000000, 1.000000000000000000, 3.016910393003141873E-16 ) ) ;
#2406 = ADVANCED_FACE ( 'NONE', ( #920 ), #3109, .T. ) ;
#2407 = ADVANCED_FACE ( 'NONE', ( #1975 ), #357, .T. ) ;
#2408 = ORIENTED_EDGE ( 'NONE', *, *, #1535, .T. ) ;
#2409 = CARTESIAN_POINT ( 'NONE',  ( 61.32767485934206064, 66.41582036440313175, 31.91286866691101665 ) ) ;
#2410 = FACE_OUTER_BOUND ( 'NONE', #1190, .T. ) ;
#2411 = EDGE_CURVE ( 'NONE', #819, #3606, #2334, .T. ) ;
#2412 = EDGE_CURVE ( 'NONE', #1607, #957, #2659, .T. ) ;
#2413 = CIRCLE ( 'NONE', #2597, 8.000000000000000000 ) ;
#2414 = EDGE_LOOP ( 'NONE', ( #3084, #3055, #942, #2632 ) ) ;
#2415 = CARTESIAN_POINT ( 'NONE',  ( 68.00000000000000000, 62.00000000000000711, 24.00000000000001421 ) ) ;
#2416 = EDGE_LOOP ( 'NONE', ( #1480, #3585, #3759, #302 ) ) ;
#2417 = CYLINDRICAL_SURFACE ( 'NONE', #4059, 32.00000000000001421 ) ;
#2418 = CARTESIAN_POINT ( 'NONE',  ( 55.52500000000001279, 86.00000000000000000, 41.00000000000000711 ) ) ;
#2419 = EDGE_LOOP ( 'NONE', ( #2818, #3721 ) ) ;
#2420 = DIRECTION ( 'NONE',  ( -0.000000000000000000, 1.000000000000000000, -0.000000000000000000 ) ) ;
#2421 = AXIS2_PLACEMENT_3D ( 'NONE', #1630, #1546, #2888 ) ;
#2422 = CARTESIAN_POINT ( 'NONE',  ( 0.000000000000000000, 129.4749999999999943, 22.99999999999998579 ) ) ;
#2423 = ORIENTED_EDGE ( 'NONE', *, *, #1263, .F. ) ;
#2424 = DIRECTION ( 'NONE',  ( 0.000000000000000000, -1.000000000000000000, -0.000000000000000000 ) ) ;
#2425 = CARTESIAN_POINT ( 'NONE',  ( 12.73437628453971904, 115.9503719034122042, 29.37307068894228479 ) ) ;
#2426 = B_SPLINE_CURVE_WITH_KNOTS ( 'NONE', 3,
 ( #2768, #2087, #865, #3342, #1202, #4019, #561, #1784, #2727, #4001, #2129, #543, #3981, #1805, #2425, #232, #1162, #3059, #1486, #1820, #3382, #252 ),
 .UNSPECIFIED., .F., .F.,
 ( 4, 2, 2, 2, 2, 2, 2, 2, 2, 2, 4 ),
 ( -3.577709121775650615E-05, 0.0007342945286952055894, 0.001504366148608167692, 0.003044509388434092113, 0.006124795868085940523, 0.009205082347737789800, 0.01228536882738963387, 0.01536565530704148141, 0.01844594178669332549, 0.02152622826634517650, 0.02460651474599702404 ),
 .UNSPECIFIED. ) ;
#2427 = CARTESIAN_POINT ( 'NONE',  ( 67.95017405978659042, 84.15646204739283576, 24.92079890088574601 ) ) ;
#2428 = DIRECTION ( 'NONE',  ( -0.000000000000000000, -0.000000000000000000, -1.000000000000000000 ) ) ;
#2429 = CIRCLE ( 'NONE', #974, 26.00000000000001776 ) ;
#2430 = EDGE_LOOP ( 'NONE', ( #257, #1946, #3942, #674 ) ) ;
#2431 = EDGE_CURVE ( 'NONE', #2335, #180, #3186, .T. ) ;
#2432 = FACE_OUTER_BOUND ( 'NONE', #3870, .T. ) ;
#2433 = ADVANCED_FACE ( 'NONE', ( #3866 ), #3493, .F. ) ;
#2434 = ORIENTED_EDGE ( 'NONE', *, *, #306, .F. ) ;
#2435 = DIRECTION ( 'NONE',  ( 1.000000000000000000, 1.734723475976806700E-15, 0.000000000000000000 ) ) ;
#2436 = VECTOR ( 'NONE', #646, 1000.000000000000114 ) ;
#2437 = CARTESIAN_POINT ( 'NONE',  ( 14.49075955455388787, 116.6028098394168211, -28.54749569003875820 ) ) ;
#2438 = ORIENTED_EDGE ( 'NONE', *, *, #1058, .T. ) ;
#2439 = ADVANCED_FACE ( 'NONE', ( #370 ), #3477, .F. ) ;
#2440 = DIRECTION ( 'NONE',  ( -0.3684210526315782608, 0.9296590385608264340, 0.000000000000000000 ) ) ;
#2441 = DIRECTION ( 'NONE',  ( -0.3684210526315797041, 0.9296590385608257678, 0.000000000000000000 ) ) ;
#2442 = ORIENTED_EDGE ( 'NONE', *, *, #1540, .F. ) ;
#2443 = CARTESIAN_POINT ( 'NONE',  ( 36.00000000000001421, 86.00000000000000000, 32.00000000000001421 ) ) ;
#2444 = CARTESIAN_POINT ( 'NONE',  ( 0.000000000000000000, 34.00000000000000000, 0.000000000000000000 ) ) ;
#2445 = DIRECTION ( 'NONE',  ( 0.000000000000000000, -1.000000000000000000, 0.000000000000000000 ) ) ;
#2446 = CARTESIAN_POINT ( 'NONE',  ( 67.98004665323597351, 84.84688260996874476, 24.57631585209119862 ) ) ;
#2447 = DIRECTION ( 'NONE',  ( -0.000000000000000000, -1.000000000000000000, -0.000000000000000000 ) ) ;
#2448 = ORIENTED_EDGE ( 'NONE', *, *, #2948, .F. ) ;
#2449 = ORIENTED_EDGE ( 'NONE', *, *, #462, .F. ) ;
#2450 = LINE ( 'NONE', #914, #2944 ) ;
#2451 = CARTESIAN_POINT ( 'NONE',  ( 12.73436818540869808, 115.9503687427719854, -29.37307422724299855 ) ) ;
#2452 = EDGE_CURVE ( 'NONE', #1003, #269, #348, .T. ) ;
#2453 = ORIENTED_EDGE ( 'NONE', *, *, #494, .F. ) ;
#2454 = DIRECTION ( 'NONE',  ( 0.000000000000000000, 0.000000000000000000, -1.000000000000000000 ) ) ;
#2455 = CARTESIAN_POINT ( 'NONE',  ( 53.99999999999999289, 86.00000000000000000, -75.00000000000000000 ) ) ;
#2456 = VECTOR ( 'NONE', #3348, 1000.000000000000000 ) ;
#2457 = VERTEX_POINT ( 'NONE', #2289 ) ;
#2458 = CARTESIAN_POINT ( 'NONE',  ( 60.00000000000000711, 109.9999999999999858, -24.00000000000000000 ) ) ;
#2459 = CIRCLE ( 'NONE', #2397, 20.97367342568099602 ) ;
#2460 = AXIS2_PLACEMENT_3D ( 'NONE', #3173, #3540, #412 ) ;
#2461 = CARTESIAN_POINT ( 'NONE',  ( 36.00000000000000000, 85.99999999999998579, -32.00000000000002132 ) ) ;
#2462 = AXIS2_PLACEMENT_3D ( 'NONE', #3337, #1794, #3052 ) ;
#2463 = DIRECTION ( 'NONE',  ( 0.000000000000000000, -1.000000000000000000, 0.000000000000000000 ) ) ;
#2464 = FACE_OUTER_BOUND ( 'NONE', #2976, .T. ) ;
#2465 = ORIENTED_EDGE ( 'NONE', *, *, #2305, .F. ) ;
#2466 = DIRECTION ( 'NONE',  ( -0.000000000000000000, 1.000000000000000000, -0.000000000000000000 ) ) ;
#2467 = ORIENTED_EDGE ( 'NONE', *, *, #2641, .F. ) ;
#2468 = DIRECTION ( 'NONE',  ( 0.000000000000000000, 0.000000000000000000, -1.000000000000000000 ) ) ;
#2469 = CARTESIAN_POINT ( 'NONE',  ( 67.98752425667494492, 86.92275598443886508, 24.46125653099121422 ) ) ;
#2470 = VECTOR ( 'NONE', #3708, 1000.000000000000000 ) ;
#2471 = EDGE_LOOP ( 'NONE', ( #1099, #3412, #4012, #2736 ) ) ;
#2472 = FACE_BOUND ( 'NONE', #1894, .T. ) ;
#2473 = EDGE_LOOP ( 'NONE', ( #4051, #799, #2265, #2370 ) ) ;
#2474 = EDGE_CURVE ( 'NONE', #2513, #269, #877, .T. ) ;
#2475 = DIRECTION ( 'NONE',  ( -0.000000000000000000, 1.000000000000000000, -0.000000000000000000 ) ) ;
#2476 = ORIENTED_EDGE ( 'NONE', *, *, #62, .T. ) ;
#2477 = EDGE_CURVE ( 'NONE', #1459, #3288, #1367, .T. ) ;
#2478 = DIRECTION ( 'NONE',  ( -0.000000000000000000, 1.000000000000000000, -0.000000000000000000 ) ) ;
#2479 = EDGE_CURVE ( 'NONE', #677, #3592, #1937, .T. ) ;
#2480 = CIRCLE ( 'NONE', #2014, 18.00000000000000000 ) ;
#2481 = AXIS2_PLACEMENT_3D ( 'NONE', #250, #1782, #1450 ) ;
#2482 = CARTESIAN_POINT ( 'NONE',  ( 0.000000000000000000, 0.000000000000000000, 0.000000000000000000 ) ) ;
#2483 = CARTESIAN_POINT ( 'NONE',  ( 80.63157894736841058, 69.26613730590511864, -73.00000000000000000 ) ) ;
#2484 = ORIENTED_EDGE ( 'NONE', *, *, #2412, .F. ) ;
#2485 = CIRCLE ( 'NONE', #3467, 2.000000000000001776 ) ;
#2486 = DIRECTION ( 'NONE',  ( -0.000000000000000000, 1.000000000000000000, -0.000000000000000000 ) ) ;
#2487 = ORIENTED_EDGE ( 'NONE', *, *, #1673, .T. ) ;
#2488 = DIRECTION ( 'NONE',  ( -0.000000000000000000, 1.000000000000000000, -0.000000000000000000 ) ) ;
#2489 = CARTESIAN_POINT ( 'NONE',  ( 1.843519382951195995, 110.9207896489745480, -31.95017513750638471 ) ) ;
#2490 = AXIS2_PLACEMENT_3D ( 'NONE', #93, #402, #3449 ) ;
#2491 = ORIENTED_EDGE ( 'NONE', *, *, #1775, .T. ) ;
#2492 = DIRECTION ( 'NONE',  ( 0.9296590385608259899, 0.3684210526315789269, -1.373825579081080029E-16 ) ) ;
#2493 = AXIS2_PLACEMENT_3D ( 'NONE', #3611, #3875, #1980 ) ;
#2494 = VERTEX_POINT ( 'NONE', #3191 ) ;
#2495 = CARTESIAN_POINT ( 'NONE',  ( 0.000000000000000000, 130.5000000000000000, 0.000000000000000000 ) ) ;
#2496 = CARTESIAN_POINT ( 'NONE',  ( 1.153117390031116907, 61.42368414790869480, -31.98004665323598417 ) ) ;
#2497 = CIRCLE ( 'NONE', #907, 12.50000000000000000 ) ;
#2498 = CARTESIAN_POINT ( 'NONE',  ( 60.00000000000000711, 109.9999999999999858, 24.00000000000001421 ) ) ;
#2499 = FACE_OUTER_BOUND ( 'NONE', #1505, .T. ) ;
#2500 = CIRCLE ( 'NONE', #3029, 2.000000000000001776 ) ;
#2501 = EDGE_CURVE ( 'NONE', #2310, #2984, #1625, .T. ) ;
#2502 = CARTESIAN_POINT ( 'NONE',  ( 36.00000000000001421, 86.00000000000000000, 32.00000000000001421 ) ) ;
#2503 = FACE_OUTER_BOUND ( 'NONE', #1412, .T. ) ;
#2504 = EDGE_CURVE ( 'NONE', #2246, #1425, #1004, .T. ) ;
#2505 = VERTEX_POINT ( 'NONE', #2012 ) ;
#2506 = ORIENTED_EDGE ( 'NONE', *, *, #457, .T. ) ;
#2507 = LINE ( 'NONE', #3736, #1305 ) ;
#2508 = CARTESIAN_POINT ( 'NONE',  ( 67.16127429457250742, 93.33922438573337388, 27.59868714818677304 ) ) ;
#2509 = VERTEX_POINT ( 'NONE', #794 ) ;
#2510 = DIRECTION ( 'NONE',  ( 0.000000000000000000, 0.000000000000000000, -1.000000000000000000 ) ) ;
#2511 = VERTEX_POINT ( 'NONE', #202 ) ;
#2512 = DIRECTION ( 'NONE',  ( -1.000000000000000000, 0.000000000000000000, 0.000000000000000000 ) ) ;
#2513 = VERTEX_POINT ( 'NONE', #837 ) ;
#2514 = DIRECTION ( 'NONE',  ( -0.000000000000000000, -0.000000000000000000, -1.000000000000000000 ) ) ;
#2515 = LINE ( 'NONE', #3767, #506 ) ;
#2516 = AXIS2_PLACEMENT_3D ( 'NONE', #362, #1615, #1289 ) ;
#2517 = DIRECTION ( 'NONE',  ( -0.000000000000000000, -0.000000000000000000, 1.000000000000000000 ) ) ;
#2518 = DIRECTION ( 'NONE',  ( 1.000000000000000000, 0.000000000000000000, 0.000000000000000000 ) ) ;
#2519 = ADVANCED_FACE ( 'NONE', ( #3575 ), #1729, .T. ) ;
#2520 = EDGE_CURVE ( 'NONE', #3921, #2669, #2098, .T. ) ;
#2521 = FACE_OUTER_BOUND ( 'NONE', #2282, .T. ) ;
#2522 = CIRCLE ( 'NONE', #739, 30.00000000000000711 ) ;
#2523 = VERTEX_POINT ( 'NONE', #817 ) ;
#2524 = LINE ( 'NONE', #3775, #3502 ) ;
#2525 = EDGE_CURVE ( 'NONE', #3367, #3668, #3968, .T. ) ;
#2526 = VERTEX_POINT ( 'NONE', #750 ) ;
#2527 = CARTESIAN_POINT ( 'NONE',  ( 79.89473684210526017, 100.8745446169732389, -63.00000000000000000 ) ) ;
#2528 = AXIS2_PLACEMENT_3D ( 'NONE', #1629, #1650, #2887 ) ;
#2529 = DIRECTION ( 'NONE',  ( -0.000000000000000000, 1.000000000000000000, 0.000000000000000000 ) ) ;
#2530 = ADVANCED_FACE ( 'NONE', ( #1154 ), #2417, .T. ) ;
#2531 = ORIENTED_EDGE ( 'NONE', *, *, #581, .F. ) ;
#2532 = LINE ( 'NONE', #941, #288 ) ;
#2533 = EDGE_LOOP ( 'NONE', ( #3621, #2403, #738, #637 ) ) ;
#2534 = CARTESIAN_POINT ( 'NONE',  ( 36.00000000000000711, 118.0000000000000000, 24.00000000000001421 ) ) ;
#2535 = DIRECTION ( 'NONE',  ( -0.000000000000000000, 0.000000000000000000, 1.000000000000000000 ) ) ;
#2536 = VERTEX_POINT ( 'NONE', #1686 ) ;
#2537 = DIRECTION ( 'NONE',  ( 1.000000000000000000, 0.000000000000000000, 0.000000000000000000 ) ) ;
#2538 = CARTESIAN_POINT ( 'NONE',  ( 36.00000000000001421, 86.00000000000000000, 32.00000000000001421 ) ) ;
#2539 = CIRCLE ( 'NONE', #1550, 18.49999999999998224 ) ;
#2540 = DIRECTION ( 'NONE',  ( 0.000000000000000000, 0.000000000000000000, 1.000000000000000000 ) ) ;
#2541 = DIRECTION ( 'NONE',  ( 0.000000000000000000, 0.000000000000000000, 1.000000000000000000 ) ) ;
#2542 = DIRECTION ( 'NONE',  ( 0.000000000000000000, 0.000000000000000000, 1.000000000000000000 ) ) ;
#2543 =( GEOMETRIC_REPRESENTATION_CONTEXT ( 3 ) GLOBAL_UNCERTAINTY_ASSIGNED_CONTEXT ( ( #2340 ) ) GLOBAL_UNIT_ASSIGNED_CONTEXT ( ( #2233, #2270, #61 ) ) REPRESENTATION_CONTEXT ( 'NONE', 'WORKASPACE' ) );
#2544 = EDGE_CURVE ( 'NONE', #1826, #1147, #49, .T. ) ;
#2545 = DIRECTION ( 'NONE',  ( -0.000000000000000000, -0.000000000000000000, -1.000000000000000000 ) ) ;
#2546 = EDGE_LOOP ( 'NONE', ( #1343, #2774, #1417, #1053 ) ) ;
#2547 = DIRECTION ( 'NONE',  ( 0.9296590385608265450, -0.3684210526315774281, 0.000000000000000000 ) ) ;
#2548 = DIRECTION ( 'NONE',  ( -0.000000000000000000, -0.000000000000000000, -1.000000000000000000 ) ) ;
#2549 = ORIENTED_EDGE ( 'NONE', *, *, #3202, .F. ) ;
#2550 = ADVANCED_FACE ( 'NONE', ( #470, #3662 ), #1772, .T. ) ;
#2551 = SPHERICAL_SURFACE ( 'NONE', #17, 2.000000000000000000 ) ;
#2552 = EDGE_LOOP ( 'NONE', ( #946, #2549, #2484, #2325 ) ) ;
#2553 = CARTESIAN_POINT ( 'NONE',  ( 34.84690184678549940, 117.9800473484204986, 24.57630624726632362 ) ) ;
#2554 = AXIS2_PLACEMENT_3D ( 'NONE', #2793, #2814, #1478 ) ;
#2555 = CARTESIAN_POINT ( 'NONE',  ( 9.161455246868893454, 57.56395655623252594, -30.67502186458215263 ) ) ;
#2556 = EDGE_CURVE ( 'NONE', #1850, #1113, #3268, .T. ) ;
#2557 = VECTOR ( 'NONE', #2711, 1000.000000000000000 ) ;
#2558 = ORIENTED_EDGE ( 'NONE', *, *, #3076, .F. ) ;
#2559 = FACE_OUTER_BOUND ( 'NONE', #2546, .T. ) ;
#2560 = LINE ( 'NONE', #3134, #3088 ) ;
#2561 = DIRECTION ( 'NONE',  ( 0.000000000000000000, 0.000000000000000000, 1.000000000000000000 ) ) ;
#2562 = DIRECTION ( 'NONE',  ( -1.000000000000000000, 0.000000000000000000, 0.000000000000000000 ) ) ;
#2563 = CARTESIAN_POINT ( 'NONE',  ( 0.000000000000000000, 44.00000000000000711, 0.000000000000000000 ) ) ;
#2564 = AXIS2_PLACEMENT_3D ( 'NONE', #2936, #768, #1375 ) ;
#2565 = ORIENTED_EDGE ( 'NONE', *, *, #3003, .T. ) ;
#2566 = CARTESIAN_POINT ( 'NONE',  ( 36.00000000000000000, 86.00000000000000000, -32.00000000000002132 ) ) ;
#2567 = DIRECTION ( 'NONE',  ( -1.224646799147353454E-16, 0.000000000000000000, -1.000000000000000000 ) ) ;
#2568 = AXIS2_PLACEMENT_3D ( 'NONE', #3118, #295, #2892 ) ;
#2569 = EDGE_LOOP ( 'NONE', ( #2964, #4016, #2375, #304, #3359, #395 ) ) ;
#2570 = LINE ( 'NONE', #1973, #2787 ) ;
#2571 = ORIENTED_EDGE ( 'NONE', *, *, #2225, .F. ) ;
#2572 = CARTESIAN_POINT ( 'NONE',  ( 47.05263157894734860, 58.11022884317520010, -63.00000000000000000 ) ) ;
#2573 = EDGE_CURVE ( 'NONE', #1588, #2200, #3332, .T. ) ;
#2574 = ORIENTED_EDGE ( 'NONE', *, *, #2525, .F. ) ;
#2575 = CYLINDRICAL_SURFACE ( 'NONE', #3438, 5.999999999999998224 ) ;
#2576 = DIRECTION ( 'NONE',  ( 0.000000000000000000, 0.000000000000000000, 1.000000000000000000 ) ) ;
#2577 = ORIENTED_EDGE ( 'NONE', *, *, #1091, .F. ) ;
#2578 = CARTESIAN_POINT ( 'NONE',  ( -36.35855978686628021, 91.74574442333913282, -73.00000000000000000 ) ) ;
#2579 = CARTESIAN_POINT ( 'NONE',  ( 2.816709595225127535E-15, 25.40353753151737237, 20.97367342568099602 ) ) ;
#2580 = CARTESIAN_POINT ( 'NONE',  ( 68.00000000000000000, 118.0000000000000000, 32.00000000000001421 ) ) ;
#2581 = CIRCLE ( 'NONE', #1857, 2.000000000000001776 ) ;
#2582 = AXIS2_PLACEMENT_3D ( 'NONE', #1181, #526, #2749 ) ;
#2583 = DIRECTION ( 'NONE',  ( -2.402780199220338623E-16, 1.000000000000000000, 0.000000000000000000 ) ) ;
#2584 = EDGE_LOOP ( 'NONE', ( #1688, #2972, #552, #72 ) ) ;
#2585 = CYLINDRICAL_SURFACE ( 'NONE', #701, 8.000000000000000000 ) ;
#2586 = DIRECTION ( 'NONE',  ( -1.000000000000000000, 0.000000000000000000, 0.000000000000000000 ) ) ;
#2587 = CIRCLE ( 'NONE', #1861, 2.000000000000000000 ) ;
#2588 = VECTOR ( 'NONE', #654, 1000.000000000000000 ) ;
#2589 = ORIENTED_EDGE ( 'NONE', *, *, #3101, .T. ) ;
#2590 = AXIS2_PLACEMENT_3D ( 'NONE', #2165, #638, #1218 ) ;
#2591 = CARTESIAN_POINT ( 'NONE',  ( 68.00000000000000000, 54.00000000000000711, -32.00000000000002842 ) ) ;
#2592 = ORIENTED_EDGE ( 'NONE', *, *, #8, .T. ) ;
#2593 = CARTESIAN_POINT ( 'NONE',  ( 29.57654890796024105, 117.3624104411470910, 27.16469001155712348 ) ) ;
#2594 = EDGE_LOOP ( 'NONE', ( #1334, #1728 ) ) ;
#2595 = EDGE_CURVE ( 'NONE', #801, #1390, #574, .T. ) ;
#2596 = CYLINDRICAL_SURFACE ( 'NONE', #2726, 12.49999999999999645 ) ;
#2597 = AXIS2_PLACEMENT_3D ( 'NONE', #344, #2529, #1619 ) ;
#2598 = VERTEX_POINT ( 'NONE', #2696 ) ;
#2599 = EDGE_CURVE ( 'NONE', #1607, #3679, #140, .T. ) ;
#2600 = ORIENTED_EDGE ( 'NONE', *, *, #2384, .T. ) ;
#2601 = EDGE_CURVE ( 'NONE', #426, #2310, #164, .T. ) ;
#2602 = DIRECTION ( 'NONE',  ( 0.000000000000000000, 0.000000000000000000, 1.000000000000000000 ) ) ;
#2603 = DIRECTION ( 'NONE',  ( -0.000000000000000000, -1.000000000000000000, -0.000000000000000000 ) ) ;
#2604 = CARTESIAN_POINT ( 'NONE',  ( 0.000000000000000000, 0.000000000000000000, 0.000000000000000000 ) ) ;
#2605 = DIRECTION ( 'NONE',  ( 0.000000000000000000, 0.7071067811865427988, 0.7071067811865522357 ) ) ;
#2606 = ORIENTED_EDGE ( 'NONE', *, *, #2753, .F. ) ;
#2607 = DIRECTION ( 'NONE',  ( -0.9296590385608261009, 0.3684210526315787049, -0.000000000000000000 ) ) ;
#2608 = DIRECTION ( 'NONE',  ( 1.000000000000000000, 0.000000000000000000, 0.000000000000000000 ) ) ;
#2609 = AXIS2_PLACEMENT_3D ( 'NONE', #2250, #3807, #657 ) ;
#2610 = ORIENTED_EDGE ( 'NONE', *, *, #2520, .T. ) ;
#2611 = PRESENTATION_STYLE_ASSIGNMENT (( #1046 ) ) ;
#2612 = VERTEX_POINT ( 'NONE', #1089 ) ;
#2613 = CARTESIAN_POINT ( 'NONE',  ( 26.83855637438648856, 116.6750253616918087, 28.43603822497069444 ) ) ;
#2614 = ORIENTED_EDGE ( 'NONE', *, *, #786, .F. ) ;
#2615 = FACE_OUTER_BOUND ( 'NONE', #290, .T. ) ;
#2616 = CIRCLE ( 'NONE', #2490, 6.000000000000005329 ) ;
#2617 = ORIENTED_EDGE ( 'NONE', *, *, #2355, .F. ) ;
#2618 = AXIS2_PLACEMENT_3D ( 'NONE', #2971, #1098, #1959 ) ;
#2619 = CYLINDRICAL_SURFACE ( 'NONE', #316, 18.00000000000000000 ) ;
#2620 = VECTOR ( 'NONE', #2603, 1000.000000000000000 ) ;
#2621 = CIRCLE ( 'NONE', #3869, 31.99999999999999289 ) ;
#2622 = CARTESIAN_POINT ( 'NONE',  ( 60.00000000000000711, 61.99999999999999289, 24.00000000000000355 ) ) ;
#2623 = LINE ( 'NONE', #195, #1142 ) ;
#2624 = EDGE_CURVE ( 'NONE', #3958, #3921, #839, .T. ) ;
#2625 = CARTESIAN_POINT ( 'NONE',  ( 0.000000000000000000, 130.5000000000000000, 22.99999999999998934 ) ) ;
#2626 = VERTEX_POINT ( 'NONE', #2715 ) ;
#2627 = CARTESIAN_POINT ( 'NONE',  ( 6.123233995736767663E-15, 133.0000000000000000, -50.00000000000001421 ) ) ;
#2628 = FACE_OUTER_BOUND ( 'NONE', #201, .T. ) ;
#2629 = EDGE_CURVE ( 'NONE', #2994, #1588, #3338, .T. ) ;
#2630 = ORIENTED_EDGE ( 'NONE', *, *, #1620, .T. ) ;
#2631 = FILL_AREA_STYLE ('',( #1750 ) ) ;
#2632 = ORIENTED_EDGE ( 'NONE', *, *, #2728, .F. ) ;
#2633 = CARTESIAN_POINT ( 'NONE',  ( 36.00000000000001421, 86.00000000000000000, 41.00000000000000711 ) ) ;
#2634 = VERTEX_POINT ( 'NONE', #3289 ) ;
#2635 = CARTESIAN_POINT ( 'NONE',  ( 0.000000000000000000, 109.9999999999999858, 32.00000000000001421 ) ) ;
#2636 = CARTESIAN_POINT ( 'NONE',  ( 24.94736842105264074, 58.11022884317520720, -61.00000000000000000 ) ) ;
#2637 = ORIENTED_EDGE ( 'NONE', *, *, #283, .T. ) ;
#2638 = ORIENTED_EDGE ( 'NONE', *, *, #3726, .F. ) ;
#2639 = CYLINDRICAL_SURFACE ( 'NONE', #3344, 1.999999999999994893 ) ;
#2640 = DIRECTION ( 'NONE',  ( 0.000000000000000000, 0.000000000000000000, -1.000000000000000000 ) ) ;
#2641 = EDGE_CURVE ( 'NONE', #4048, #2494, #1235, .T. ) ;
#2642 = ORIENTED_EDGE ( 'NONE', *, *, #3281, .F. ) ;
#2643 = CARTESIAN_POINT ( 'NONE',  ( 68.00000000000000000, 109.9999999999999858, 0.000000000000000000 ) ) ;
#2644 = ADVANCED_FACE ( 'NONE', ( #496 ), #3308, .F. ) ;
#2645 = LINE ( 'NONE', #1724, #2170 ) ;
#2646 = CIRCLE ( 'NONE', #544, 2.000000000000001776 ) ;
#2647 = CIRCLE ( 'NONE', #3053, 23.00000000000000711 ) ;
#2648 = VERTEX_POINT ( 'NONE', #1229 ) ;
#2649 = DIRECTION ( 'NONE',  ( -0.000000000000000000, 1.000000000000000000, -0.000000000000000000 ) ) ;
#2650 = EDGE_CURVE ( 'NONE', #296, #1543, #874, .T. ) ;
#2651 = EDGE_LOOP ( 'NONE', ( #2600, #3229, #1892, #629 ) ) ;
#2652 = DIRECTION ( 'NONE',  ( -0.000000000000000000, -0.000000000000000000, -1.000000000000000000 ) ) ;
#2653 = AXIS2_PLACEMENT_3D ( 'NONE', #885, #2478, #2169 ) ;
#2654 = CARTESIAN_POINT ( 'NONE',  ( 36.00000000000001421, 86.00000000000000000, 41.00000000000000711 ) ) ;
#2655 = AXIS2_PLACEMENT_3D ( 'NONE', #150, #1388, #764 ) ;
#2656 = CIRCLE ( 'NONE', #3441, 17.99999999999999645 ) ;
#2657 = CARTESIAN_POINT ( 'NONE',  ( -37.50000000000001421, 11.99999999999999822, 5.999999999999605649 ) ) ;
#2658 = FACE_OUTER_BOUND ( 'NONE', #3639, .T. ) ;
#2659 = CIRCLE ( 'NONE', #878, 2.000000000000001332 ) ;
#2660 = VERTEX_POINT ( 'NONE', #589 ) ;
#2661 = CARTESIAN_POINT ( 'NONE',  ( 0.000000000000000000, 14.59550623364643407, 0.000000000000000000 ) ) ;
#2662 = ORIENTED_EDGE ( 'NONE', *, *, #2805, .T. ) ;
#2663 = DIRECTION ( 'NONE',  ( -1.000000000000000000, 0.000000000000000000, 0.000000000000000000 ) ) ;
#2664 = DIRECTION ( 'NONE',  ( -1.000000000000000000, 0.000000000000000000, -0.000000000000000000 ) ) ;
#2665 = DIRECTION ( 'NONE',  ( 0.000000000000000000, 0.000000000000000000, 1.000000000000000000 ) ) ;
#2666 = VERTEX_POINT ( 'NONE', #3408 ) ;
#2667 = CARTESIAN_POINT ( 'NONE',  ( 60.00000000000000711, 61.99999999999999289, -26.00000000000000000 ) ) ;
#2668 = FACE_OUTER_BOUND ( 'NONE', #3847, .T. ) ;
#2669 = VERTEX_POINT ( 'NONE', #3387 ) ;
#2670 = DIRECTION ( 'NONE',  ( 0.000000000000000000, 0.000000000000000000, 1.000000000000000000 ) ) ;
#2671 = ORIENTED_EDGE ( 'NONE', *, *, #1779, .T. ) ;
#2672 = CARTESIAN_POINT ( 'NONE',  ( -2.000000000000001776, 86.00000000000000000, -73.00000000000000000 ) ) ;
#2673 = DIRECTION ( 'NONE',  ( 1.000000000000000000, 0.000000000000000000, 0.000000000000000000 ) ) ;
#2674 = CIRCLE ( 'NONE', #2932, 30.00000000000000000 ) ;
#2675 = EDGE_CURVE ( 'NONE', #3989, #550, #2507, .T. ) ;
#2676 = VERTEX_POINT ( 'NONE', #1813 ) ;
#2677 = DIRECTION ( 'NONE',  ( -0.000000000000000000, 1.000000000000000000, -0.000000000000000000 ) ) ;
#2678 = CARTESIAN_POINT ( 'NONE',  ( 0.000000000000000000, 11.99999999999999645, 0.000000000000000000 ) ) ;
#2679 = ADVANCED_FACE ( 'NONE', ( #261 ), #1848, .T. ) ;
#2680 = VECTOR ( 'NONE', #2941, 1000.000000000000000 ) ;
#2681 = ORIENTED_EDGE ( 'NONE', *, *, #2199, .F. ) ;
#2682 = CARTESIAN_POINT ( 'NONE',  ( 15.36250172255641999, 55.10049301011216016, 28.08920837379757174 ) ) ;
#2683 = EDGE_LOOP ( 'NONE', ( #3188, #810, #3430, #3548 ) ) ;
#2684 = CYLINDRICAL_SURFACE ( 'NONE', #4002, 5.999999999999998224 ) ;
#2685 = CIRCLE ( 'NONE', #705, 18.49999999999998224 ) ;
#2686 = CARTESIAN_POINT ( 'NONE',  ( 0.000000000000000000, 44.00000000000000711, 0.000000000000000000 ) ) ;
#2687 = EDGE_CURVE ( 'NONE', #2536, #1648, #277, .T. ) ;
#2688 = AXIS2_PLACEMENT_3D ( 'NONE', #1611, #2517, #1573 ) ;
#2689 = LINE ( 'NONE', #1743, #1598 ) ;
#2690 = EDGE_LOOP ( 'NONE', ( #3687, #4022 ) ) ;
#2691 = DIRECTION ( 'NONE',  ( 0.000000000000000000, 0.000000000000000000, 1.000000000000000000 ) ) ;
#2692 = FACE_OUTER_BOUND ( 'NONE', #592, .T. ) ;
#2693 = AXIS2_PLACEMENT_3D ( 'NONE', #661, #1921, #1325 ) ;
#2694 = VERTEX_POINT ( 'NONE', #2138 ) ;
#2695 = ORIENTED_EDGE ( 'NONE', *, *, #1651, .F. ) ;
#2696 = CARTESIAN_POINT ( 'NONE',  ( 1.040834085586084257E-14, 26.80803129787094008, 20.71899013595717776 ) ) ;
#2697 = AXIS2_PLACEMENT_3D ( 'NONE', #2155, #927, #273 ) ;
#2698 = LINE ( 'NONE', #997, #695 ) ;
#2699 = EDGE_LOOP ( 'NONE', ( #2286, #1252, #2401, #3146 ) ) ;
#2700 = CARTESIAN_POINT ( 'NONE',  ( 1.530808498934191521E-15, -1.999999999999997335, 12.50000000000000000 ) ) ;
#2701 = PLANE ( 'NONE',  #742 ) ;
#2702 = EDGE_CURVE ( 'NONE', #2676, #1220, #2450, .T. ) ;
#2703 = ADVANCED_FACE ( 'NONE', ( #1532 ), #934, .F. ) ;
#2704 = FACE_OUTER_BOUND ( 'NONE', #3009, .T. ) ;
#2705 = ORIENTED_EDGE ( 'NONE', *, *, #3808, .F. ) ;
#2706 = CARTESIAN_POINT ( 'NONE',  ( 0.000000000000000000, 0.000000000000000000, 30.00000000000000000 ) ) ;
#2707 = EDGE_CURVE ( 'NONE', #2984, #3592, #2362, .T. ) ;
#2708 = VERTEX_POINT ( 'NONE', #1171 ) ;
#2709 = CARTESIAN_POINT ( 'NONE',  ( 60.00000000000000711, 109.9999999999999858, 24.00000000000000355 ) ) ;
#2710 = ORIENTED_EDGE ( 'NONE', *, *, #104, .F. ) ;
#2711 = DIRECTION ( 'NONE',  ( 1.000000000000000000, 1.156482317317871725E-16, 0.000000000000000000 ) ) ;
#2712 = ORIENTED_EDGE ( 'NONE', *, *, #3857, .T. ) ;
#2713 = DIRECTION ( 'NONE',  ( 0.9296590385608261009, 0.3684210526315787049, -0.000000000000000000 ) ) ;
#2714 = ORIENTED_EDGE ( 'NONE', *, *, #1223, .F. ) ;
#2715 = CARTESIAN_POINT ( 'NONE',  ( 62.00000000000000000, 109.9999999999999858, 23.99999999999998934 ) ) ;
#2716 = DIRECTION ( 'NONE',  ( -1.224646799147353454E-16, 0.000000000000000000, -1.000000000000000000 ) ) ;
#2717 = VERTEX_POINT ( 'NONE', #3426 ) ;
#2718 = AXIS2_PLACEMENT_3D ( 'NONE', #2281, #2198, #50 ) ;
#2719 = CARTESIAN_POINT ( 'NONE',  ( 17.50000000000002842, 86.00000000000000000, 39.97500000000000853 ) ) ;
#2720 = DIRECTION ( 'NONE',  ( -0.000000000000000000, 1.000000000000000000, -0.000000000000000000 ) ) ;
#2721 = AXIS2_PLACEMENT_3D ( 'NONE', #505, #3019, #440 ) ;
#2722 = CIRCLE ( 'NONE', #1993, 21.97243567640638062 ) ;
#2723 = VERTEX_POINT ( 'NONE', #4046 ) ;
#2724 = EDGE_CURVE ( 'NONE', #352, #1607, #3793, .T. ) ;
#2725 = LINE ( 'NONE', #1485, #2470 ) ;
#2726 = AXIS2_PLACEMENT_3D ( 'NONE', #2292, #2867, #1324 ) ;
#2727 = CARTESIAN_POINT ( 'NONE',  ( 4.594830329277530545, 112.2819388877423989, 31.68199875953957445 ) ) ;
#2728 = EDGE_CURVE ( 'NONE', #2246, #3119, #3532, .T. ) ;
#2729 = EDGE_CURVE ( 'NONE', #180, #1220, #46, .T. ) ;
#2730 = CARTESIAN_POINT ( 'NONE',  ( 67.98752369369506710, 85.07722455532052663, 24.46126625253169351 ) ) ;
#2731 = CYLINDRICAL_SURFACE ( 'NONE', #590, 22.99999999999998934 ) ;
#2732 = EDGE_CURVE ( 'NONE', #3989, #1632, #3014, .T. ) ;
#2733 = CIRCLE ( 'NONE', #293, 26.00000000000001776 ) ;
#2734 = EDGE_LOOP ( 'NONE', ( #2899, #2630, #3517, #558 ) ) ;
#2735 = CARTESIAN_POINT ( 'NONE',  ( 74.00000000000000000, 86.00000000000000000, -61.00000000000000000 ) ) ;
#2736 = ORIENTED_EDGE ( 'NONE', *, *, #3927, .F. ) ;
#2737 = DIRECTION ( 'NONE',  ( -0.000000000000000000, 0.000000000000000000, 1.000000000000000000 ) ) ;
#2738 = CARTESIAN_POINT ( 'NONE',  ( 60.00000000000000711, 62.00000000000000711, 0.000000000000000000 ) ) ;
#2739 = EDGE_CURVE ( 'NONE', #650, #2626, #3727, .T. ) ;
#2740 = APPLICATION_CONTEXT ( 'automotive_design' ) ;
#2741 = ORIENTED_EDGE ( 'NONE', *, *, #1922, .F. ) ;
#2742 = DIRECTION ( 'NONE',  ( 1.000000000000000000, 0.000000000000000000, 0.000000000000000000 ) ) ;
#2743 = CIRCLE ( 'NONE', #1950, 18.00000000000000000 ) ;
#2744 = CARTESIAN_POINT ( 'NONE',  ( 3.673940397442059178E-15, 0.000000000000000000, -30.00000000000000000 ) ) ;
#2745 = CARTESIAN_POINT ( 'NONE',  ( 68.00000000000000000, 109.9999999999999858, -24.00000000000001066 ) ) ;
#2746 = AXIS2_PLACEMENT_3D ( 'NONE', #1257, #3743, #307 ) ;
#2747 = DIRECTION ( 'NONE',  ( 0.000000000000000000, 0.000000000000000000, 1.000000000000000000 ) ) ;
#2748 = VECTOR ( 'NONE', #1138, 1000.000000000000000 ) ;
#2749 = DIRECTION ( 'NONE',  ( 0.000000000000000000, 0.000000000000000000, -1.000000000000000000 ) ) ;
#2750 = AXIS2_PLACEMENT_3D ( 'NONE', #2527, #3840, #709 ) ;
#2751 = DIRECTION ( 'NONE',  ( -0.000000000000000000, -0.000000000000000000, 1.000000000000000000 ) ) ;
#2752 = PLANE ( 'NONE',  #662 ) ;
#2753 = EDGE_CURVE ( 'NONE', #1117, #274, #3350, .T. ) ;
#2754 = CIRCLE ( 'NONE', #1306, 30.00000000000000000 ) ;
#2755 = ORIENTED_EDGE ( 'NONE', *, *, #131, .F. ) ;
#2756 = DIRECTION ( 'NONE',  ( -1.000000000000000000, 0.000000000000000000, 0.000000000000000000 ) ) ;
#2757 = EDGE_CURVE ( 'NONE', #627, #3541, #1790, .T. ) ;
#2758 = ORIENTED_EDGE ( 'NONE', *, *, #4057, .T. ) ;
#2759 = CARTESIAN_POINT ( 'NONE',  ( 0.000000000000000000, 130.5000000000000000, 28.00000000000000000 ) ) ;
#2760 = AXIS2_PLACEMENT_3D ( 'NONE', #292, #1903, #1590 ) ;
#2761 = CARTESIAN_POINT ( 'NONE',  ( 0.9227559844388228960, 110.4612565309912213, -31.98752425667494848 ) ) ;
#2762 = EDGE_LOOP ( 'NONE', ( #477, #244, #2006, #3445, #1088 ) ) ;
#2763 = DIRECTION ( 'NONE',  ( 0.000000000000000000, 0.000000000000000000, 1.000000000000000000 ) ) ;
#2764 = CYLINDRICAL_SURFACE ( 'NONE', #3705, 24.00000000000000000 ) ;
#2765 = CIRCLE ( 'NONE', #1183, 16.00000000000000000 ) ;
#2766 = ORIENTED_EDGE ( 'NONE', *, *, #3857, .F. ) ;
#2767 = CARTESIAN_POINT ( 'NONE',  ( 0.000000000000000000, 130.5000000000000000, 0.000000000000000000 ) ) ;
#2768 = CARTESIAN_POINT ( 'NONE',  ( 0.000000000000000000, 109.9999999999999858, 32.00000000000001421 ) ) ;
#2769 = CARTESIAN_POINT ( 'NONE',  ( 67.92034255216515248, 83.69698848713407813, 25.14956756961931461 ) ) ;
#2770 = CARTESIAN_POINT ( 'NONE',  ( 0.000000000000000000, 130.5000000000000000, 0.000000000000000000 ) ) ;
#2771 = VERTEX_POINT ( 'NONE', #3046 ) ;
#2772 = ADVANCED_FACE ( 'NONE', ( #1191 ), #2088, .T. ) ;
#2773 = CARTESIAN_POINT ( 'NONE',  ( 5.838011697998869787E-15, 61.99999999999998579, -26.00000000000000000 ) ) ;
#2774 = ORIENTED_EDGE ( 'NONE', *, *, #2732, .F. ) ;
#2775 = CARTESIAN_POINT ( 'NONE',  ( 60.00000000000000711, 54.00000000000000711, -32.00000000000002842 ) ) ;
#2776 = EDGE_CURVE ( 'NONE', #1199, #3574, #1103, .T. ) ;
#2777 = ORIENTED_EDGE ( 'NONE', *, *, #512, .T. ) ;
#2778 = ADVANCED_FACE ( 'NONE', ( #1332 ), #2585, .T. ) ;
#2779 = LINE ( 'NONE', #303, #617 ) ;
#2780 = VERTEX_POINT ( 'NONE', #343 ) ;
#2781 = FACE_OUTER_BOUND ( 'NONE', #137, .T. ) ;
#2782 = STYLED_ITEM ( 'NONE', ( #2611 ), #1386 ) ;
#2783 = DIRECTION ( 'NONE',  ( 1.156482317317871725E-16, -1.000000000000000000, 0.000000000000000000 ) ) ;
#2784 = CIRCLE ( 'NONE', #1469, 2.000000000000001776 ) ;
#2785 = CARTESIAN_POINT ( 'NONE',  ( 60.00000000000000711, 109.9999999999999858, -26.00000000000000000 ) ) ;
#2786 = CIRCLE ( 'NONE', #3832, 2.000000000000001776 ) ;
#2787 = VECTOR ( 'NONE', #1024, 1000.000000000000000 ) ;
#2788 = CARTESIAN_POINT ( 'NONE',  ( 68.00000000000000000, 86.00000000000000000, 24.00000000000002132 ) ) ;
#2789 = DIRECTION ( 'NONE',  ( 0.000000000000000000, 0.000000000000000000, -1.000000000000000000 ) ) ;
#2790 = VERTEX_POINT ( 'NONE', #3860 ) ;
#2791 = DIRECTION ( 'NONE',  ( 1.000000000000000000, 0.000000000000000000, 0.000000000000000000 ) ) ;
#2792 = ORIENTED_EDGE ( 'NONE', *, *, #3399, .F. ) ;
#2793 = CARTESIAN_POINT ( 'NONE',  ( 74.00000000000000000, 86.00000000000000000, -61.00000000000000000 ) ) ;
#2794 = CARTESIAN_POINT ( 'NONE',  ( 0.2294461703547320264, 110.1147230421448455, -32.00000000000000711 ) ) ;
#2795 = AXIS2_PLACEMENT_3D ( 'NONE', #1682, #13, #3841 ) ;
#2796 = EDGE_LOOP ( 'NONE', ( #694, #3263, #1209, #1579 ) ) ;
#2797 = CARTESIAN_POINT ( 'NONE',  ( 0.000000000000000000, 131.0000000000000000, -30.00000000000001421 ) ) ;
#2798 = VERTEX_POINT ( 'NONE', #1596 ) ;
#2799 = CARTESIAN_POINT ( 'NONE',  ( -32.00000000000000000, 52.97999199359360034, -3.918869757271532630E-15 ) ) ;
#2800 = EDGE_CURVE ( 'NONE', #3695, #1494, #2485, .T. ) ;
#2801 = PRODUCT_CONTEXT ( 'NONE', #2740, 'mechanical' ) ;
#2802 = ORIENTED_EDGE ( 'NONE', *, *, #929, .F. ) ;
#2803 = CARTESIAN_POINT ( 'NONE',  ( 0.000000000000000000, 111.9999999999999716, -26.00000000000000000 ) ) ;
#2804 = CARTESIAN_POINT ( 'NONE',  ( 60.00000000000000711, 59.99999999999999289, 23.99999999999998934 ) ) ;
#2805 = EDGE_CURVE ( 'NONE', #3679, #2612, #1697, .T. ) ;
#2806 = FACE_OUTER_BOUND ( 'NONE', #176, .T. ) ;
#2807 = VECTOR ( 'NONE', #1653, 1000.000000000000000 ) ;
#2808 = DIRECTION ( 'NONE',  ( 0.000000000000000000, 0.000000000000000000, 1.000000000000000000 ) ) ;
#2809 = CARTESIAN_POINT ( 'NONE',  ( 1.040834085586084257E-14, 29.71602693072901502, 0.000000000000000000 ) ) ;
#2810 = ORIENTED_EDGE ( 'NONE', *, *, #910, .F. ) ;
#2811 = AXIS2_PLACEMENT_3D ( 'NONE', #3028, #3885, #119 ) ;
#2812 = DIRECTION ( 'NONE',  ( -0.000000000000000000, 0.000000000000000000, 1.000000000000000000 ) ) ;
#2813 = EDGE_LOOP ( 'NONE', ( #382, #724, #719, #1852 ) ) ;
#2814 = DIRECTION ( 'NONE',  ( -0.000000000000000000, -0.000000000000000000, -1.000000000000000000 ) ) ;
#2815 = CARTESIAN_POINT ( 'NONE',  ( 64.08920837379760371, 101.3625017225563880, 30.89950698988786115 ) ) ;
#2816 = AXIS2_PLACEMENT_3D ( 'NONE', #2387, #3633, #811 ) ;
#2817 = CLOSED_SHELL ( 'NONE', ( #546, #1061, #3889, #1420, #3453, #812, #3604, #3035, #710, #1666, #906, #2046, #3403, #2072, #56, #707, #2226, #209, #3577, #3826, #3249, #2406, #1642, #366, #921, #2898, #1751, #3781, #2324, #2679, #928, #2100, #1720, #2530, #3555, #37, #3420, #1918, #686, #2433, #481, #3036, #1803, #3256, #33, #1492, #1949, #3880, #3424, #1572, #682, #861, #833, #2519, #758, #1143, #3960, #1219, #1272, #2093, #1825, #963, #3497, #1280, #3081, #79, #381, #3500, #3709, #2880, #1290, #2778, #835, #2356, #1536, #1169, #2826, #3040, #2122, #1010, #2076, #3531, #456, #2949, #1037, #2439, #668, #3625, #2703, #1415, #336, #4013, #2095, #2301, #936, #2929, #2550, #663, #1064, #3902, #136, #633, #3298, #3806, #1215, #154, #1923, #886, #1694, #2772, #1997, #3851, #1591, #1844, #3328, #1972, #259, #2171, #1364, #160, #3982, #1616, #3660, #932, #2644, #757, #410, #3676, #3482, #2407, #988, #513, #4053, #1968, #1513, #536 ) ) ;
#2818 = ORIENTED_EDGE ( 'NONE', *, *, #4007, .F. ) ;
#2819 = FACE_BOUND ( 'NONE', #1600, .T. ) ;
#2820 = AXIS2_PLACEMENT_3D ( 'NONE', #2444, #3058, #230 ) ;
#2821 = ORIENTED_EDGE ( 'NONE', *, *, #228, .T. ) ;
#2822 = DIRECTION ( 'NONE',  ( 0.000000000000000000, -0.000000000000000000, -1.000000000000000000 ) ) ;
#2823 = CARTESIAN_POINT ( 'NONE',  ( 4.594830329277541203, 59.71806111225755131, -31.68199875953958156 ) ) ;
#2824 = ORIENTED_EDGE ( 'NONE', *, *, #805, .F. ) ;
#2825 = EDGE_CURVE ( 'NONE', #3699, #2626, #2896, .T. ) ;
#2826 = ADVANCED_FACE ( 'NONE', ( #2261 ), #3510, .T. ) ;
#2827 = CARTESIAN_POINT ( 'NONE',  ( 0.000000000000000000, 133.0000000000000000, 50.00000000000001421 ) ) ;
#2828 = EDGE_CURVE ( 'NONE', #385, #3367, #2616, .T. ) ;
#2829 = EDGE_CURVE ( 'NONE', #2723, #677, #999, .T. ) ;
#2830 = CYLINDRICAL_SURFACE ( 'NONE', #2889, 26.00000000000001776 ) ;
#2831 = CARTESIAN_POINT ( 'NONE',  ( 0.000000000000000000, 9.999999999999994671, -48.00000000000001421 ) ) ;
#2832 = DIRECTION ( 'NONE',  ( -0.000000000000000000, 1.000000000000000000, -0.000000000000000000 ) ) ;
#2833 = ORIENTED_EDGE ( 'NONE', *, *, #3629, .F. ) ;
#2834 = DIRECTION ( 'NONE',  ( 1.000000000000000000, 0.000000000000000000, 0.000000000000000000 ) ) ;
#2835 = VERTEX_POINT ( 'NONE', #689 ) ;
#2836 = DIRECTION ( 'NONE',  ( -0.000000000000000000, -0.000000000000000000, -1.000000000000000000 ) ) ;
#2837 = CARTESIAN_POINT ( 'NONE',  ( 11.84939431314387548, 115.5943040149999064, -29.74047199718389578 ) ) ;
#2838 = ORIENTED_EDGE ( 'NONE', *, *, #457, .F. ) ;
#2839 = CARTESIAN_POINT ( 'NONE',  ( 0.000000000000000000, 11.99999999999999645, 0.000000000000000000 ) ) ;
#2840 = ORIENTED_EDGE ( 'NONE', *, *, #3004, .T. ) ;
#2841 = CARTESIAN_POINT ( 'NONE',  ( 35.07724401556120597, 117.9875242566749023, 24.46125653099128527 ) ) ;
#2842 = APPLICATION_PROTOCOL_DEFINITION ( 'draft international standard', 'automotive_design', 1998, #2740 ) ;
#2843 = ORIENTED_EDGE ( 'NONE', *, *, #1992, .F. ) ;
#2844 = LINE ( 'NONE', #1763, #807 ) ;
#2845 = DIRECTION ( 'NONE',  ( 0.000000000000000000, 0.000000000000000000, 1.000000000000000000 ) ) ;
#2846 = CIRCLE ( 'NONE', #349, 50.00000000000001421 ) ;
#2847 = AXIS2_PLACEMENT_3D ( 'NONE', #3858, #1701, #1082 ) ;
#2848 = CARTESIAN_POINT ( 'NONE',  ( 1.530808498934190930E-15, 34.00000000000000000, 12.49999999999999289 ) ) ;
#2849 = VECTOR ( 'NONE', #520, 1000.000000000000000 ) ;
#2850 = DIRECTION ( 'NONE',  ( 0.000000000000000000, -3.252606517456514288E-16, 1.000000000000000000 ) ) ;
#2851 = EDGE_CURVE ( 'NONE', #2612, #957, #2857, .T. ) ;
#2852 = CARTESIAN_POINT ( 'NONE',  ( 68.00000000000000000, 7.806255641895649280E-15, -24.00000000000004619 ) ) ;
#2853 = EDGE_CURVE ( 'NONE', #716, #2717, #1501, .T. ) ;
#2854 = AXIS2_PLACEMENT_3D ( 'NONE', #1714, #3888, #3931 ) ;
#2855 = DIRECTION ( 'NONE',  ( -0.000000000000000000, 1.000000000000000000, -0.000000000000000000 ) ) ;
#2856 = ORIENTED_EDGE ( 'NONE', *, *, #494, .T. ) ;
#2857 = LINE ( 'NONE', #670, #576 ) ;
#2858 = AXIS2_PLACEMENT_3D ( 'NONE', #2572, #656, #3845 ) ;
#2859 = CARTESIAN_POINT ( 'NONE',  ( 36.00000000000000000, 86.00000000000000000, -75.00000000000000000 ) ) ;
#2860 = EDGE_CURVE ( 'NONE', #147, #2494, #1890, .T. ) ;
#2861 = EDGE_LOOP ( 'NONE', ( #2802, #1680, #727, #3946 ) ) ;
#2862 = FACE_OUTER_BOUND ( 'NONE', #3514, .T. ) ;
#2863 = EDGE_LOOP ( 'NONE', ( #3533, #1097, #1674, #3190 ) ) ;
#2864 = DIRECTION ( 'NONE',  ( 1.000000000000000000, 0.000000000000000000, 0.000000000000000000 ) ) ;
#2865 = DIRECTION ( 'NONE',  ( 1.000000000000000000, -0.000000000000000000, -0.000000000000000000 ) ) ;
#2866 = ORIENTED_EDGE ( 'NONE', *, *, #2381, .T. ) ;
#2867 = DIRECTION ( 'NONE',  ( -0.000000000000000000, -1.000000000000000000, -0.000000000000000000 ) ) ;
#2868 = DIRECTION ( 'NONE',  ( 1.000000000000000000, -0.000000000000000000, -0.000000000000000000 ) ) ;
#2869 = AXIS2_PLACEMENT_3D ( 'NONE', #3686, #3723, #862 ) ;
#2870 = CARTESIAN_POINT ( 'NONE',  ( 0.000000000000000000, 109.9999999999999716, 0.000000000000000000 ) ) ;
#2871 = CARTESIAN_POINT ( 'NONE',  ( 74.00000000000000000, 86.00000000000000000, -61.00000000000000000 ) ) ;
#2872 = FACE_OUTER_BOUND ( 'NONE', #3624, .T. ) ;
#2873 = AXIS2_PLACEMENT_3D ( 'NONE', #328, #2535, #3151 ) ;
#2874 = EDGE_CURVE ( 'NONE', #2200, #1199, #2364, .T. ) ;
#2875 = ORIENTED_EDGE ( 'NONE', *, *, #462, .T. ) ;
#2876 = FACE_OUTER_BOUND ( 'NONE', #4076, .T. ) ;
#2877 = DIRECTION ( 'NONE',  ( 1.156482317317871725E-16, -1.000000000000000000, 0.000000000000000000 ) ) ;
#2878 = VECTOR ( 'NONE', #532, 1000.000000000000000 ) ;
#2879 = ORIENTED_EDGE ( 'NONE', *, *, #1446, .T. ) ;
#2880 = ADVANCED_FACE ( 'NONE', ( #3778 ), #1312, .T. ) ;
#2881 = DIRECTION ( 'NONE',  ( -0.000000000000000000, 1.000000000000000000, -0.000000000000000000 ) ) ;
#2882 = ORIENTED_EDGE ( 'NONE', *, *, #3883, .F. ) ;
#2883 = CARTESIAN_POINT ( 'NONE',  ( 22.55246560404075495, 56.90799518884923458, -73.00000000000000000 ) ) ;
#2884 = CIRCLE ( 'NONE', #1038, 2.000000000000001332 ) ;
#2885 = CARTESIAN_POINT ( 'NONE',  ( 15.36250737036139391, 55.10049119824598307, -28.08920525217168773 ) ) ;
#2886 = ORIENTED_EDGE ( 'NONE', *, *, #1965, .F. ) ;
#2887 = DIRECTION ( 'NONE',  ( 0.000000000000000000, 0.000000000000000000, -1.000000000000000000 ) ) ;
#2888 = DIRECTION ( 'NONE',  ( 0.000000000000000000, 0.000000000000000000, 1.000000000000000000 ) ) ;
#2889 = AXIS2_PLACEMENT_3D ( 'NONE', #926, #3770, #3219 ) ;
#2890 = ORIENTED_EDGE ( 'NONE', *, *, #1991, .F. ) ;
#2891 = DIRECTION ( 'NONE',  ( 0.000000000000000000, 0.000000000000000000, 1.000000000000000000 ) ) ;
#2892 = DIRECTION ( 'NONE',  ( 0.000000000000000000, 0.000000000000000000, -1.000000000000000000 ) ) ;
#2893 = CARTESIAN_POINT ( 'NONE',  ( 36.00000000000001421, 86.00000000000000000, 41.00000000000000711 ) ) ;
#2894 = CYLINDRICAL_SURFACE ( 'NONE', #3562, 18.00000000000001421 ) ;
#2895 = VERTEX_POINT ( 'NONE', #383 ) ;
#2896 = LINE ( 'NONE', #52, #3272 ) ;
#2897 = FACE_OUTER_BOUND ( 'NONE', #1128, .T. ) ;
#2898 = ADVANCED_FACE ( 'NONE', ( #3185 ), #3400, .T. ) ;
#2899 = ORIENTED_EDGE ( 'NONE', *, *, #2556, .F. ) ;
#2900 = FACE_OUTER_BOUND ( 'NONE', #603, .T. ) ;
#2901 = VERTEX_POINT ( 'NONE', #1639 ) ;
#2902 = DIRECTION ( 'NONE',  ( -0.000000000000000000, -0.000000000000000000, 1.000000000000000000 ) ) ;
#2903 = EDGE_CURVE ( 'NONE', #342, #426, #2884, .T. ) ;
#2904 = DIRECTION ( 'NONE',  ( 1.000000000000000000, 0.000000000000000000, 0.000000000000000000 ) ) ;
#2905 = ORIENTED_EDGE ( 'NONE', *, *, #1396, .T. ) ;
#2906 = CARTESIAN_POINT ( 'NONE',  ( 0.000000000000000000, 62.00000000000000711, 32.00000000000001421 ) ) ;
#2907 = LINE ( 'NONE', #478, #1836 ) ;
#2908 = DIRECTION ( 'NONE',  ( 0.000000000000000000, 0.000000000000000000, 1.000000000000000000 ) ) ;
#2909 = FACE_OUTER_BOUND ( 'NONE', #755, .T. ) ;
#2910 = VECTOR ( 'NONE', #1811, 1000.000000000000000 ) ;
#2911 = AXIS2_PLACEMENT_3D ( 'NONE', #1574, #1925, #2908 ) ;
#2912 = DIRECTION ( 'NONE',  ( -1.000000000000000000, 0.000000000000000000, 0.000000000000000000 ) ) ;
#2913 = ORIENTED_EDGE ( 'NONE', *, *, #109, .T. ) ;
#2914 = CARTESIAN_POINT ( 'NONE',  ( 36.00000000000001421, 86.00000000000000000, 45.00000000000001421 ) ) ;
#2915 = CARTESIAN_POINT ( 'NONE',  ( -8.631578947368424792, 69.26613730590510443, -63.00000000000000000 ) ) ;
#2916 = AXIS2_PLACEMENT_3D ( 'NONE', #614, #225, #534 ) ;
#2917 = ORIENTED_EDGE ( 'NONE', *, *, #3728, .F. ) ;
#2918 = AXIS2_PLACEMENT_3D ( 'NONE', #535, #3647, #1778 ) ;
#2919 = PLANE ( 'NONE',  #1339 ) ;
#2920 = ORIENTED_EDGE ( 'NONE', *, *, #333, .T. ) ;
#2921 = DIRECTION ( 'NONE',  ( -0.3684210526315787049, -0.9296590385608261009, 0.000000000000000000 ) ) ;
#2922 = ORIENTED_EDGE ( 'NONE', *, *, #208, .F. ) ;
#2923 = AXIS2_PLACEMENT_3D ( 'NONE', #2458, #193, #2085 ) ;
#2924 = DIRECTION ( 'NONE',  ( -0.000000000000000000, 1.000000000000000000, -0.000000000000000000 ) ) ;
#2925 = EDGE_CURVE ( 'NONE', #249, #692, #2429, .T. ) ;
#2926 = VECTOR ( 'NONE', #3738, 1000.000000000000000 ) ;
#2927 = ORIENTED_EDGE ( 'NONE', *, *, #3277, .F. ) ;
#2928 = CARTESIAN_POINT ( 'NONE',  ( 20.38541036533199957, 54.00000000000000711, 24.68842459977775050 ) ) ;
#2929 = ADVANCED_FACE ( 'NONE', ( #2876 ), #73, .F. ) ;
#2930 = DIRECTION ( 'NONE',  ( 1.000000000000000000, 0.000000000000000000, 0.000000000000000000 ) ) ;
#2931 = FACE_OUTER_BOUND ( 'NONE', #871, .T. ) ;
#2932 = AXIS2_PLACEMENT_3D ( 'NONE', #2604, #1349, #3221 ) ;
#2933 = DIRECTION ( 'NONE',  ( -0.000000000000000000, 0.000000000000000000, 1.000000000000000000 ) ) ;
#2934 = ORIENTED_EDGE ( 'NONE', *, *, #2351, .F. ) ;
#2935 = DIRECTION ( 'NONE',  ( 0.000000000000000000, 0.000000000000000000, -1.000000000000000000 ) ) ;
#2936 = CARTESIAN_POINT ( 'NONE',  ( 36.00000000000000000, 86.00000000000000000, -25.99999999999999645 ) ) ;
#2937 = EDGE_LOOP ( 'NONE', ( #1437, #1179, #2637, #3244 ) ) ;
#2938 = CYLINDRICAL_SURFACE ( 'NONE', #3370, 6.000000000000007105 ) ;
#2939 = AXIS2_PLACEMENT_3D ( 'NONE', #2661, #2315, #1118 ) ;
#2940 = ORIENTED_EDGE ( 'NONE', *, *, #1369, .F. ) ;
#2941 = DIRECTION ( 'NONE',  ( 0.1028991510855054720, 1.260151160118441661E-17, -0.9946917938265512626 ) ) ;
#2942 = ORIENTED_EDGE ( 'NONE', *, *, #3202, .T. ) ;
#2943 = CARTESIAN_POINT ( 'NONE',  ( 60.00000000000000711, 54.00000000000000711, -24.00000000000002487 ) ) ;
#2944 = VECTOR ( 'NONE', #1515, 1000.000000000000000 ) ;
#2945 = FACE_OUTER_BOUND ( 'NONE', #854, .T. ) ;
#2946 = AXIS2_PLACEMENT_3D ( 'NONE', #3529, #3470, #2201 ) ;
#2947 = ORIENTED_EDGE ( 'NONE', *, *, #1319, .T. ) ;
#2948 = EDGE_CURVE ( 'NONE', #2598, #826, #1899, .T. ) ;
#2949 = ADVANCED_FACE ( 'NONE', ( #3285 ), #177, .T. ) ;
#2950 = DIRECTION ( 'NONE',  ( -0.000000000000000000, -0.000000000000000000, -1.000000000000000000 ) ) ;
#2951 = ORIENTED_EDGE ( 'NONE', *, *, #806, .F. ) ;
#2952 = AXIS2_PLACEMENT_3D ( 'NONE', #3689, #2127, #1839 ) ;
#2953 = CARTESIAN_POINT ( 'NONE',  ( 0.000000000000000000, 111.9999999999999716, 26.00000000000000000 ) ) ;
#2954 = CARTESIAN_POINT ( 'NONE',  ( 36.00000000000001421, 86.00000000000000000, 41.00000000000000711 ) ) ;
#2955 = EDGE_CURVE ( 'NONE', #772, #4005, #1041, .T. ) ;
#2956 = EDGE_CURVE ( 'NONE', #345, #913, #2303, .T. ) ;
#2957 = CARTESIAN_POINT ( 'NONE',  ( 24.21052631578947967, 115.7490892339464352, -61.00000000000000000 ) ) ;
#2958 = EDGE_LOOP ( 'NONE', ( #3804, #4067 ) ) ;
#2959 = DIRECTION ( 'NONE',  ( 1.000000000000000000, 0.000000000000000000, -0.000000000000000000 ) ) ;
#2960 = CARTESIAN_POINT ( 'NONE',  ( 60.00000000000000711, 109.9999999999999858, -24.00000000000000000 ) ) ;
#2961 = AXIS2_PLACEMENT_3D ( 'NONE', #113, #157, #1149 ) ;
#2962 = ORIENTED_EDGE ( 'NONE', *, *, #639, .T. ) ;
#2963 = CARTESIAN_POINT ( 'NONE',  ( 60.00000000000000711, 118.0000000000000000, -24.00000000000001066 ) ) ;
#2964 = ORIENTED_EDGE ( 'NONE', *, *, #1749, .T. ) ;
#2965 = DIRECTION ( 'NONE',  ( -1.000000000000000000, 0.000000000000000000, 0.000000000000000000 ) ) ;
#2966 = CARTESIAN_POINT ( 'NONE',  ( 60.00000000000000711, 61.99999999999999289, 24.00000000000000355 ) ) ;
#2967 = ORIENTED_EDGE ( 'NONE', *, *, #1489, .T. ) ;
#2968 = CARTESIAN_POINT ( 'NONE',  ( 36.00000000000001421, 86.00000000000000000, 41.00000000000000711 ) ) ;
#2969 = CARTESIAN_POINT ( 'NONE',  ( 36.00000000000000000, 86.00000000000000000, -63.00000000000000000 ) ) ;
#2970 = EDGE_LOOP ( 'NONE', ( #455, #3863, #2886, #1752 ) ) ;
#2971 = CARTESIAN_POINT ( 'NONE',  ( 60.00000000000000711, 61.99999999999999289, -24.00000000000000000 ) ) ;
#2972 = ORIENTED_EDGE ( 'NONE', *, *, #1667, .T. ) ;
#2973 = FACE_OUTER_BOUND ( 'NONE', #2302, .T. ) ;
#2974 = DIRECTION ( 'NONE',  ( 1.000000000000000000, 0.000000000000000000, 0.000000000000000000 ) ) ;
#2975 = DIRECTION ( 'NONE',  ( -0.000000000000000000, 1.000000000000000000, -0.000000000000000000 ) ) ;
#2976 = EDGE_LOOP ( 'NONE', ( #3913, #92, #1511, #1454 ) ) ;
#2977 = LINE ( 'NONE', #725, #3274 ) ;
#2978 = LINE ( 'NONE', #2344, #2172 ) ;
#2979 = EDGE_CURVE ( 'NONE', #1494, #1130, #3549, .T. ) ;
#2980 = PRESENTATION_LAYER_ASSIGNMENT (  '', '', ( #2782 ) ) ;
#2981 = AXIS2_PLACEMENT_3D ( 'NONE', #1055, #2317, #2664 ) ;
#2982 = ORIENTED_EDGE ( 'NONE', *, *, #3163, .T. ) ;
#2983 = CARTESIAN_POINT ( 'NONE',  ( 35.53836092951864600, 54.00249891093662313, 24.23081950414718477 ) ) ;
#2984 = VERTEX_POINT ( 'NONE', #488 ) ;
#2985 = DIRECTION ( 'NONE',  ( 0.000000000000000000, 0.000000000000000000, 1.000000000000000000 ) ) ;
#2986 = CIRCLE ( 'NONE', #2263, 24.00000000000000000 ) ;
#2987 = LINE ( 'NONE', #2418, #174 ) ;
#2988 = AXIS2_PLACEMENT_3D ( 'NONE', #1519, #571, #2510 ) ;
#2989 = SHAPE_DEFINITION_REPRESENTATION ( #1057, #825 ) ;
#2990 = CIRCLE ( 'NONE', #944, 24.02499999999999858 ) ;
#2991 = ORIENTED_EDGE ( 'NONE', *, *, #1265, .F. ) ;
#2992 = DIRECTION ( 'NONE',  ( 1.000000000000000000, 0.000000000000000000, 0.000000000000000000 ) ) ;
#2993 = CARTESIAN_POINT ( 'NONE',  ( 54.49999999999999289, 86.00000000000000000, 39.97500000000000853 ) ) ;
#2994 = VERTEX_POINT ( 'NONE', #1374 ) ;
#2995 = FACE_OUTER_BOUND ( 'NONE', #1109, .T. ) ;
#2996 = DIRECTION ( 'NONE',  ( 1.000000000000000000, 1.156482317317871725E-16, 0.000000000000000000 ) ) ;
#2997 = CARTESIAN_POINT ( 'NONE',  ( 74.00000000000000000, 86.00000000000000000, -61.00000000000000000 ) ) ;
#2998 = PLANE ( 'NONE',  #3570 ) ;
#2999 = EDGE_LOOP ( 'NONE', ( #1832, #363 ) ) ;
#3000 = CARTESIAN_POINT ( 'NONE',  ( 1.040834085586084257E-14, 26.80803129787094008, 24.71899013595717776 ) ) ;
#3001 = DIRECTION ( 'NONE',  ( -0.000000000000000000, -0.000000000000000000, -1.000000000000000000 ) ) ;
#3002 = ORIENTED_EDGE ( 'NONE', *, *, #3375, .F. ) ;
#3003 = EDGE_CURVE ( 'NONE', #1020, #3291, #2235, .T. ) ;
#3004 = EDGE_CURVE ( 'NONE', #2835, #1092, #2977, .T. ) ;
#3005 = ORIENTED_EDGE ( 'NONE', *, *, #961, .F. ) ;
#3006 = DIRECTION ( 'NONE',  ( 0.000000000000000000, 0.000000000000000000, 1.000000000000000000 ) ) ;
#3007 = CARTESIAN_POINT ( 'NONE',  ( 0.000000000000000000, 118.0000000000000000, 32.00000000000001421 ) ) ;
#3008 = EDGE_CURVE ( 'NONE', #1627, #2077, #1746, .T. ) ;
#3009 = EDGE_LOOP ( 'NONE', ( #4043, #1291, #2856, #863, #2942, #181, #3559, #3132, #577 ) ) ;
#3010 = CIRCLE ( 'NONE', #1230, 31.99999999999999289 ) ;
#3011 = CARTESIAN_POINT ( 'NONE',  ( 1.040834085586084257E-14, 25.40353753151737237, 0.000000000000000000 ) ) ;
#3012 = CARTESIAN_POINT ( 'NONE',  ( 0.000000000000000000, 130.5000000000000000, 0.000000000000000000 ) ) ;
#3013 = DIRECTION ( 'NONE',  ( 0.000000000000000000, -0.000000000000000000, -1.000000000000000000 ) ) ;
#3014 = CIRCLE ( 'NONE', #1430, 5.999999999999998224 ) ;
#3015 = EDGE_LOOP ( 'NONE', ( #1668, #3595, #495, #2714 ) ) ;
#3016 = LINE ( 'NONE', #2402, #2002 ) ;
#3017 = VERTEX_POINT ( 'NONE', #2050 ) ;
#3018 = AXIS2_PLACEMENT_3D ( 'NONE', #3363, #3041, #214 ) ;
#3019 = DIRECTION ( 'NONE',  ( -0.000000000000000000, 0.000000000000000000, 1.000000000000000000 ) ) ;
#3020 = CONICAL_SURFACE ( 'NONE', #3404, 24.02499999999999858, 0.7853981633974549403 ) ;
#3021 = FACE_OUTER_BOUND ( 'NONE', #2101, .T. ) ;
#3022 = ORIENTED_EDGE ( 'NONE', *, *, #1920, .T. ) ;
#3023 = CARTESIAN_POINT ( 'NONE',  ( -12.77961241844522533, 32.24756595544628368, -61.00000000000000000 ) ) ;
#3024 = CARTESIAN_POINT ( 'NONE',  ( 36.00000000000000000, 86.00000000000000000, -61.00000000000000000 ) ) ;
#3025 = ORIENTED_EDGE ( 'NONE', *, *, #2732, .T. ) ;
#3026 =( NAMED_UNIT ( * ) SI_UNIT ( $, .STERADIAN. ) SOLID_ANGLE_UNIT ( ) );
#3027 = ORIENTED_EDGE ( 'NONE', *, *, #2853, .T. ) ;
#3028 = CARTESIAN_POINT ( 'NONE',  ( 0.000000000000000000, 11.99999999999999822, -37.50000000000000711 ) ) ;
#3029 = AXIS2_PLACEMENT_3D ( 'NONE', #2960, #3634, #510 ) ;
#3030 = CARTESIAN_POINT ( 'NONE',  ( 60.00000000000000711, 62.00000000000000711, 32.00000000000001421 ) ) ;
#3031 = PRODUCT_RELATED_PRODUCT_CATEGORY ( 'part', '', ( #1133 ) ) ;
#3032 = EDGE_LOOP ( 'NONE', ( #3859, #1151, #1715, #3105 ) ) ;
#3033 = CARTESIAN_POINT ( 'NONE',  ( 0.000000000000000000, 133.0000000000000000, 32.00000000000001421 ) ) ;
#3034 = CARTESIAN_POINT ( 'NONE',  ( -8.000000000000008882, 86.00000000000000000, -73.00000000000000000 ) ) ;
#3035 = ADVANCED_FACE ( 'NONE', ( #3242 ), #774, .T. ) ;
#3036 = ADVANCED_FACE ( 'NONE', ( #1391, #3568 ), #424, .F. ) ;
#3037 = DIRECTION ( 'NONE',  ( 0.000000000000000000, 0.000000000000000000, 1.000000000000000000 ) ) ;
#3038 = ORIENTED_EDGE ( 'NONE', *, *, #3501, .T. ) ;
#3039 = FACE_OUTER_BOUND ( 'NONE', #2268, .T. ) ;
#3040 = ADVANCED_FACE ( 'NONE', ( #3264, #443 ), #1455, .T. ) ;
#3041 = DIRECTION ( 'NONE',  ( 0.000000000000000000, -1.000000000000000000, 0.000000000000000000 ) ) ;
#3042 = CYLINDRICAL_SURFACE ( 'NONE', #3749, 8.000000000000000000 ) ;
#3043 = EDGE_LOOP ( 'NONE', ( #2018, #3786, #2118, #567 ) ) ;
#3044 = LINE ( 'NONE', #604, #1927 ) ;
#3045 = EDGE_LOOP ( 'NONE', ( #688, #1863, #2156, #324 ) ) ;
#3046 = CARTESIAN_POINT ( 'NONE',  ( 0.000000000000000000, -1.999999999999997335, -12.50000000000000000 ) ) ;
#3047 = DIRECTION ( 'NONE',  ( 0.000000000000000000, 0.000000000000000000, 1.000000000000000000 ) ) ;
#3048 = CIRCLE ( 'NONE', #1989, 6.000000000000005329 ) ;
#3049 = ORIENTED_EDGE ( 'NONE', *, *, #3589, .F. ) ;
#3050 = CIRCLE ( 'NONE', #1665, 18.49999999999998934 ) ;
#3051 = CARTESIAN_POINT ( 'NONE',  ( 57.16601048851675415, 62.00000000000000711, 32.00000000000001421 ) ) ;
#3052 = DIRECTION ( 'NONE',  ( 1.000000000000000000, 0.000000000000000000, 0.000000000000000000 ) ) ;
#3053 = AXIS2_PLACEMENT_3D ( 'NONE', #2461, #3362, #2405 ) ;
#3054 = VECTOR ( 'NONE', #3612, 1000.000000000000000 ) ;
#3055 = ORIENTED_EDGE ( 'NONE', *, *, #1897, .T. ) ;
#3056 = DIRECTION ( 'NONE',  ( -0.000000000000000000, 0.000000000000000000, 1.000000000000000000 ) ) ;
#3057 = EDGE_CURVE ( 'NONE', #2185, #829, #2754, .T. ) ;
#3058 = DIRECTION ( 'NONE',  ( -0.000000000000000000, -1.000000000000000000, -0.000000000000000000 ) ) ;
#3059 = CARTESIAN_POINT ( 'NONE',  ( 17.09489613309775535, 117.4095268529918172, 27.06980994764529314 ) ) ;
#3060 = EDGE_CURVE ( 'NONE', #3991, #2666, #1126, .T. ) ;
#3061 = LINE ( 'NONE', #235, #2293 ) ;
#3062 = DIRECTION ( 'NONE',  ( 1.000000000000000000, 0.000000000000000000, -0.000000000000000000 ) ) ;
#3063 = CIRCLE ( 'NONE', #1481, 28.00000000000000000 ) ;
#3064 = VERTEX_POINT ( 'NONE', #3899 ) ;
#3065 = DIRECTION ( 'NONE',  ( 2.312964634635742464E-16, -1.000000000000000000, -0.000000000000000000 ) ) ;
#3066 = ORIENTED_EDGE ( 'NONE', *, *, #2126, .T. ) ;
#3067 = CARTESIAN_POINT ( 'NONE',  ( 60.00000000000000711, 61.99999999999999289, -24.00000000000000000 ) ) ;
#3068 = CARTESIAN_POINT ( 'NONE',  ( 17.93890044926151361, 117.6179871889368656, -26.51842865466741728 ) ) ;
#3069 = ORIENTED_EDGE ( 'NONE', *, *, #1822, .F. ) ;
#3070 = CARTESIAN_POINT ( 'NONE',  ( 60.00000000000000711, 109.9999999999999858, -24.00000000000000711 ) ) ;
#3071 = TOROIDAL_SURFACE ( 'NONE', #3334, 24.71899013595717776, 4.000000000000000000 ) ;
#3072 = CARTESIAN_POINT ( 'NONE',  ( 0.000000000000000000, 130.5000000000000000, 0.000000000000000000 ) ) ;
#3073 = ORIENTED_EDGE ( 'NONE', *, *, #910, .T. ) ;
#3074 = PLANE ( 'NONE',  #2481 ) ;
#3075 = FACE_OUTER_BOUND ( 'NONE', #1986, .T. ) ;
#3076 = EDGE_CURVE ( 'NONE', #1712, #2901, #580, .T. ) ;
#3077 = EDGE_CURVE ( 'NONE', #1722, #2505, #1631, .T. ) ;
#3078 = AXIS2_PLACEMENT_3D ( 'NONE', #3067, #3103, #3992 ) ;
#3079 = CARTESIAN_POINT ( 'NONE',  ( -2.470355719241135683E-16, 111.9999999999999716, -24.00000000000000000 ) ) ;
#3080 = FACE_OUTER_BOUND ( 'NONE', #2699, .T. ) ;
#3081 = ADVANCED_FACE ( 'NONE', ( #2071, #3325 ), #1524, .F. ) ;
#3082 = EDGE_CURVE ( 'NONE', #1373, #2221, #2132, .T. ) ;
#3083 = AXIS2_PLACEMENT_3D ( 'NONE', #2367, #509, #2007 ) ;
#3084 = ORIENTED_EDGE ( 'NONE', *, *, #3553, .F. ) ;
#3085 = FACE_OUTER_BOUND ( 'NONE', #227, .T. ) ;
#3086 = EDGE_LOOP ( 'NONE', ( #1258, #832, #3300, #9 ) ) ;
#3087 = DIRECTION ( 'NONE',  ( 0.000000000000000000, 0.000000000000000000, 1.000000000000000000 ) ) ;
#3088 = VECTOR ( 'NONE', #2868, 1000.000000000000000 ) ;
#3089 = CARTESIAN_POINT ( 'NONE',  ( 19.58417816448598003, 117.9128685095398481, -25.32767603359754460 ) ) ;
#3090 = ORIENTED_EDGE ( 'NONE', *, *, #3227, .T. ) ;
#3091 = CARTESIAN_POINT ( 'NONE',  ( 46.06292207907494429, 55.60853048248387864, 28.83718653448045899 ) ) ;
#3092 = ORIENTED_EDGE ( 'NONE', *, *, #1488, .T. ) ;
#3093 = CARTESIAN_POINT ( 'NONE',  ( 60.00000000000000000, 86.00000000000000000, -73.00000000000000000 ) ) ;
#3094 = ORIENTED_EDGE ( 'NONE', *, *, #4057, .F. ) ;
#3095 = DIRECTION ( 'NONE',  ( -1.000000000000000000, 0.000000000000000000, 0.000000000000000000 ) ) ;
#3096 = DIRECTION ( 'NONE',  ( 0.000000000000000000, 0.000000000000000000, 1.000000000000000000 ) ) ;
#3097 = CARTESIAN_POINT ( 'NONE',  ( 68.00000000000000000, 118.0000000000000000, -32.00000000000000711 ) ) ;
#3098 = DIRECTION ( 'NONE',  ( 0.000000000000000000, 0.000000000000000000, 1.000000000000000000 ) ) ;
#3099 = ORIENTED_EDGE ( 'NONE', *, *, #2707, .T. ) ;
#3100 = DIRECTION ( 'NONE',  ( -1.000000000000000000, 0.000000000000000000, 0.000000000000000000 ) ) ;
#3101 = EDGE_CURVE ( 'NONE', #85, #2319, #2160, .T. ) ;
#3102 = ORIENTED_EDGE ( 'NONE', *, *, #1535, .F. ) ;
#3103 = DIRECTION ( 'NONE',  ( -1.000000000000000000, -1.156482317317871725E-16, 0.000000000000000000 ) ) ;
#3104 = CARTESIAN_POINT ( 'NONE',  ( 0.000000000000000000, 133.0000000000000000, 0.000000000000000000 ) ) ;
#3105 = ORIENTED_EDGE ( 'NONE', *, *, #2601, .F. ) ;
#3106 = EDGE_CURVE ( 'NONE', #4070, #2345, #379, .T. ) ;
#3107 = DIRECTION ( 'NONE',  ( 0.000000000000000000, -0.000000000000000000, -1.000000000000000000 ) ) ;
#3108 = ORIENTED_EDGE ( 'NONE', *, *, #2544, .T. ) ;
#3109 = CYLINDRICAL_SURFACE ( 'NONE', #3903, 24.00000000000000000 ) ;
#3110 = ORIENTED_EDGE ( 'NONE', *, *, #3553, .T. ) ;
#3111 = AXIS2_PLACEMENT_3D ( 'NONE', #2068, #3321, #3563 ) ;
#3112 = CARTESIAN_POINT ( 'NONE',  ( 37.15311739003127656, 117.9800466532359309, 24.57631585209119152 ) ) ;
#3113 = CARTESIAN_POINT ( 'NONE',  ( 47.78947368421050612, 56.25091076605355767, -73.00000000000000000 ) ) ;
#3114 = CIRCLE ( 'NONE', #613, 6.000000000000005329 ) ;
#3115 = AXIS2_PLACEMENT_3D ( 'NONE', #2797, #245, #3719 ) ;
#3116 = AXIS2_PLACEMENT_3D ( 'NONE', #168, #3582, #756 ) ;
#3117 = DIRECTION ( 'NONE',  ( 0.000000000000000000, -1.000000000000000000, -3.252606517456514288E-16 ) ) ;
#3118 = CARTESIAN_POINT ( 'NONE',  ( 0.000000000000000000, 9.999999999999994671, 0.000000000000000000 ) ) ;
#3119 = VERTEX_POINT ( 'NONE', #2154 ) ;
#3120 = CARTESIAN_POINT ( 'NONE',  ( -37.50000000000001421, 0.000000000000000000, -3.927916506198525466E-13 ) ) ;
#3121 = ORIENTED_EDGE ( 'NONE', *, *, #1822, .T. ) ;
#3122 = DIRECTION ( 'NONE',  ( 0.000000000000000000, 0.000000000000000000, -1.000000000000000000 ) ) ;
#3123 = CARTESIAN_POINT ( 'NONE',  ( 63.06981244092087024, 103.0948922387809858, 31.40952585564119204 ) ) ;
#3124 = EDGE_CURVE ( 'NONE', #1113, #2221, #2685, .T. ) ;
#3125 = EDGE_CURVE ( 'NONE', #899, #345, #1224, .T. ) ;
#3126 = ORIENTED_EDGE ( 'NONE', *, *, #612, .T. ) ;
#3127 = CARTESIAN_POINT ( 'NONE',  ( 36.00000000000000000, 86.00000000000000000, -61.00000000000000000 ) ) ;
#3128 = EDGE_LOOP ( 'NONE', ( #1645, #3203 ) ) ;
#3129 = DIRECTION ( 'NONE',  ( 0.000000000000000000, -0.9363291775690446572, -0.3511234415883916493 ) ) ;
#3130 = EDGE_CURVE ( 'NONE', #3251, #3865, #3135, .T. ) ;
#3131 = CARTESIAN_POINT ( 'NONE',  ( 1.309918815791906234E-14, 29.71602693072901502, -21.97243567640638062 ) ) ;
#3132 = ORIENTED_EDGE ( 'NONE', *, *, #3199, .T. ) ;
#3133 = AXIS2_PLACEMENT_3D ( 'NONE', #2563, #953, #90 ) ;
#3134 = CARTESIAN_POINT ( 'NONE',  ( 68.00000000000000000, 118.0000000000000000, 24.00000000000001421 ) ) ;
#3135 = B_SPLINE_CURVE_WITH_KNOTS ( 'NONE', 3,
 ( #2788, #2173, #3401, #2730, #2446, #2427, #2769, #3418, #601, #3345, #889, #1548, #2111, #3962, #4041, #1842, #527, #3383, #1858, #2409, #3654, #3673 ),
 .UNSPECIFIED., .F., .F.,
 ( 4, 2, 2, 2, 2, 2, 2, 2, 2, 2, 4 ),
 ( -3.577709121766512823E-05, 0.0007342945286952725931, 0.001504366148608210193, 0.003044509388434123772, 0.006124795868085953533, 0.009205082347737784595, 0.01228536882738961479, 0.01536565530704144325, 0.01844594178669327345, 0.02152622826634510364, 0.02460651474599691996 ),
 .UNSPECIFIED. ) ;
#3136 = LINE ( 'NONE', #2578, #2436 ) ;
#3137 = FACE_OUTER_BOUND ( 'NONE', #2141, .T. ) ;
#3138 = PLANE ( 'NONE',  #3133 ) ;
#3139 = EDGE_LOOP ( 'NONE', ( #3339, #983, #1998, #3455 ) ) ;
#3140 = AXIS2_PLACEMENT_3D ( 'NONE', #1829, #4025, #3087 ) ;
#3141 = DIRECTION ( 'NONE',  ( 1.000000000000000000, 0.000000000000000000, 0.000000000000000000 ) ) ;
#3142 = ORIENTED_EDGE ( 'NONE', *, *, #83, .F. ) ;
#3143 = DIRECTION ( 'NONE',  ( 0.000000000000000000, -1.000000000000000000, 0.000000000000000000 ) ) ;
#3144 = CARTESIAN_POINT ( 'NONE',  ( 67.95017513750636340, 87.84351938295120021, 24.92078964897459414 ) ) ;
#3145 = CIRCLE ( 'NONE', #120, 30.00000000000000711 ) ;
#3146 = ORIENTED_EDGE ( 'NONE', *, *, #3525, .T. ) ;
#3147 = DIRECTION ( 'NONE',  ( 8.659560562354918067E-17, -0.7071067811865487940, 0.7071067811865463515 ) ) ;
#3148 = VECTOR ( 'NONE', #1718, 1000.000000000000000 ) ;
#3149 = ORIENTED_EDGE ( 'NONE', *, *, #162, .F. ) ;
#3150 = DIRECTION ( 'NONE',  ( -1.000000000000000000, 0.000000000000000000, 0.000000000000000000 ) ) ;
#3151 = DIRECTION ( 'NONE',  ( 1.000000000000000000, 0.000000000000000000, 0.000000000000000000 ) ) ;
#3152 = EDGE_LOOP ( 'NONE', ( #1269, #836, #923, #3881 ) ) ;
#3153 = EDGE_CURVE ( 'NONE', #1220, #180, #1957, .T. ) ;
#3154 = CARTESIAN_POINT ( 'NONE',  ( 39.67958492482673449, 117.8010876777007638, 25.83203657382891905 ) ) ;
#3155 = EDGE_CURVE ( 'NONE', #1543, #1108, #1236, .T. ) ;
#3156 = DIRECTION ( 'NONE',  ( -0.000000000000000000, -1.000000000000000000, -0.000000000000000000 ) ) ;
#3157 = TOROIDAL_SURFACE ( 'NONE', #4010, 24.71899013595717776, 4.000000000000000000 ) ;
#3158 = EDGE_CURVE ( 'NONE', #3064, #1003, #1768, .T. ) ;
#3159 = CARTESIAN_POINT ( 'NONE',  ( 2.942213934951516036E-15, 130.5000000000000000, -24.02499999999999858 ) ) ;
#3160 = DIRECTION ( 'NONE',  ( 0.000000000000000000, 0.000000000000000000, 1.000000000000000000 ) ) ;
#3161 = CARTESIAN_POINT ( 'NONE',  ( 36.00000000000001421, 86.00000000000000000, 39.97500000000000853 ) ) ;
#3162 = DIRECTION ( 'NONE',  ( 0.000000000000000000, -0.000000000000000000, -1.000000000000000000 ) ) ;
#3163 = EDGE_CURVE ( 'NONE', #1314, #2260, #3061, .T. ) ;
#3164 = ORIENTED_EDGE ( 'NONE', *, *, #1166, .F. ) ;
#3165 = DIRECTION ( 'NONE',  ( -1.156482317317870246E-16, 1.000000000000000000, 0.000000000000000000 ) ) ;
#3166 = CARTESIAN_POINT ( 'NONE',  ( 80.00000000000000000, 86.00000000000000000, -61.00000000000000000 ) ) ;
#3167 = EDGE_LOOP ( 'NONE', ( #515, #1759, #1641, #1765 ) ) ;
#3168 = DIRECTION ( 'NONE',  ( 0.000000000000000000, 0.000000000000000000, -1.000000000000000000 ) ) ;
#3169 = VERTEX_POINT ( 'NONE', #1490 ) ;
#3170 = DIRECTION ( 'NONE',  ( 0.9296590385608261009, -0.3684210526315787049, 0.000000000000000000 ) ) ;
#3171 = CARTESIAN_POINT ( 'NONE',  ( 21.16601048851671862, 54.00000000000000711, -24.00000000000002487 ) ) ;
#3172 = ORIENTED_EDGE ( 'NONE', *, *, #968, .F. ) ;
#3173 = CARTESIAN_POINT ( 'NONE',  ( 2.155573550030355655E-16, 109.9999999999999716, 24.00000000000001421 ) ) ;
#3174 = CARTESIAN_POINT ( 'NONE',  ( 47.78947368421050612, 56.25091076605355767, -63.00000000000000000 ) ) ;
#3175 = TOROIDAL_SURFACE ( 'NONE', #149, 30.00000000000000000, 2.000000000000000000 ) ;
#3176 = TOROIDAL_SURFACE ( 'NONE', #2329, 24.71899013595717776, 4.000000000000000000 ) ;
#3177 = EDGE_CURVE ( 'NONE', #3715, #3396, #4003, .T. ) ;
#3178 = AXIS2_PLACEMENT_3D ( 'NONE', #679, #43, #992 ) ;
#3179 = FACE_OUTER_BOUND ( 'NONE', #1955, .T. ) ;
#3180 = DIRECTION ( 'NONE',  ( 0.000000000000000000, 1.000000000000000000, 0.000000000000000000 ) ) ;
#3181 = FACE_OUTER_BOUND ( 'NONE', #3872, .T. ) ;
#3182 = EDGE_CURVE ( 'NONE', #3958, #1531, #867, .T. ) ;
#3183 = CIRCLE ( 'NONE', #2854, 17.99999999999999645 ) ;
#3184 = VERTEX_POINT ( 'NONE', #3079 ) ;
#3185 = FACE_OUTER_BOUND ( 'NONE', #2416, .T. ) ;
#3186 = CIRCLE ( 'NONE', #1081, 2.000000000000001776 ) ;
#3187 = CARTESIAN_POINT ( 'NONE',  ( 5.878304635907297367E-15, 9.999999999999994671, 48.00000000000001421 ) ) ;
#3188 = ORIENTED_EDGE ( 'NONE', *, *, #275, .F. ) ;
#3189 = LINE ( 'NONE', #368, #479 ) ;
#3190 = ORIENTED_EDGE ( 'NONE', *, *, #2675, .F. ) ;
#3191 = CARTESIAN_POINT ( 'NONE',  ( -8.631578947368437227, 102.7338626940948672, -73.00000000000000000 ) ) ;
#3192 = FACE_BOUND ( 'NONE', #200, .T. ) ;
#3193 = DIRECTION ( 'NONE',  ( 0.000000000000000000, 1.000000000000000000, 0.000000000000000000 ) ) ;
#3194 = DIRECTION ( 'NONE',  ( 0.000000000000000000, 0.000000000000000000, 1.000000000000000000 ) ) ;
#3195 = CARTESIAN_POINT ( 'NONE',  ( 10.18560707218919781, 86.00000000000000000, -59.20579830217100437 ) ) ;
#3196 = AXIS2_PLACEMENT_3D ( 'NONE', #818, #165, #2716 ) ;
#3197 = DIRECTION ( 'NONE',  ( 0.9296590385608262119, -0.3684210526315783718, 0.000000000000000000 ) ) ;
#3198 = LINE ( 'NONE', #377, #1403 ) ;
#3199 = EDGE_CURVE ( 'NONE', #342, #2084, #254, .T. ) ;
#3200 = LINE ( 'NONE', #378, #301 ) ;
#3201 = CARTESIAN_POINT ( 'NONE',  ( -7.894736842105278818, 100.8745446169732105, -61.00000000000000000 ) ) ;
#3202 = EDGE_CURVE ( 'NONE', #957, #2536, #3145, .T. ) ;
#3203 = ORIENTED_EDGE ( 'NONE', *, *, #386, .T. ) ;
#3204 = CARTESIAN_POINT ( 'NONE',  ( 63.80377651546390183, 86.00000000000000000, -59.00000000000000000 ) ) ;
#3205 = DIRECTION ( 'NONE',  ( 0.000000000000000000, -0.000000000000000000, -1.000000000000000000 ) ) ;
#3206 = EDGE_CURVE ( 'NONE', #3664, #1538, #3670, .T. ) ;
#3207 = VECTOR ( 'NONE', #2488, 1000.000000000000000 ) ;
#3208 = ORIENTED_EDGE ( 'NONE', *, *, #2629, .F. ) ;
#3209 = CARTESIAN_POINT ( 'NONE',  ( 36.00000000000001421, 54.00000000000000000, 24.00000000000002132 ) ) ;
#3210 = ORIENTED_EDGE ( 'NONE', *, *, #1775, .F. ) ;
#3211 = DIRECTION ( 'NONE',  ( 0.000000000000000000, 0.000000000000000000, -1.000000000000000000 ) ) ;
#3212 = VECTOR ( 'NONE', #789, 1000.000000000000000 ) ;
#3213 = AXIS2_PLACEMENT_3D ( 'NONE', #2870, #3790, #975 ) ;
#3214 = VERTEX_POINT ( 'NONE', #1327 ) ;
#3215 = LINE ( 'NONE', #1977, #2327 ) ;
#3216 = EDGE_LOOP ( 'NONE', ( #1397, #3756 ) ) ;
#3217 = CYLINDRICAL_SURFACE ( 'NONE', #179, 17.99999999999999645 ) ;
#3218 = VECTOR ( 'NONE', #2112, 1000.000000000000000 ) ;
#3219 = DIRECTION ( 'NONE',  ( 0.000000000000000000, 0.000000000000000000, -1.000000000000000000 ) ) ;
#3220 = FACE_OUTER_BOUND ( 'NONE', #611, .T. ) ;
#3221 = DIRECTION ( 'NONE',  ( 0.000000000000000000, 0.000000000000000000, -1.000000000000000000 ) ) ;
#3222 = ORIENTED_EDGE ( 'NONE', *, *, #2275, .T. ) ;
#3223 = CARTESIAN_POINT ( 'NONE',  ( 68.00000000000000000, 109.9999999999999858, -24.00000000000001066 ) ) ;
#3224 = FACE_OUTER_BOUND ( 'NONE', #586, .T. ) ;
#3225 = AXIS2_PLACEMENT_3D ( 'NONE', #702, #6, #1885 ) ;
#3226 = EDGE_LOOP ( 'NONE', ( #1978, #321 ) ) ;
#3227 = EDGE_CURVE ( 'NONE', #1874, #3645, #700, .T. ) ;
#3228 = CARTESIAN_POINT ( 'NONE',  ( 40.59481437143036686, 54.31799890311699386, 26.28193109463218846 ) ) ;
#3229 = ORIENTED_EDGE ( 'NONE', *, *, #256, .T. ) ;
#3230 = CARTESIAN_POINT ( 'NONE',  ( 36.00000000000000000, 86.00000000000000000, -75.00000000000000000 ) ) ;
#3231 = EDGE_CURVE ( 'NONE', #2676, #2835, #1960, .T. ) ;
#3232 = ORIENTED_EDGE ( 'NONE', *, *, #3124, .T. ) ;
#3233 = CARTESIAN_POINT ( 'NONE',  ( 36.00000000000000000, 86.00000000000000000, -32.00000000000002132 ) ) ;
#3234 = ORIENTED_EDGE ( 'NONE', *, *, #605, .F. ) ;
#3235 = DIRECTION ( 'NONE',  ( -0.000000000000000000, 1.000000000000000000, -0.000000000000000000 ) ) ;
#3236 = FACE_OUTER_BOUND ( 'NONE', #3422, .T. ) ;
#3237 = DIRECTION ( 'NONE',  ( -1.000000000000000000, 0.000000000000000000, 0.000000000000000000 ) ) ;
#3238 = AXIS2_PLACEMENT_3D ( 'NONE', #4023, #1865, #3406 ) ;
#3239 = CIRCLE ( 'NONE', #1274, 21.97243567640638062 ) ;
#3240 = FACE_OUTER_BOUND ( 'NONE', #2552, .T. ) ;
#3241 = EDGE_LOOP ( 'NONE', ( #3405, #2271, #2360, #2487 ) ) ;
#3242 = FACE_OUTER_BOUND ( 'NONE', #3015, .T. ) ;
#3243 = FACE_OUTER_BOUND ( 'NONE', #3637, .T. ) ;
#3244 = ORIENTED_EDGE ( 'NONE', *, *, #2757, .F. ) ;
#3245 = AXIS2_PLACEMENT_3D ( 'NONE', #3012, #2016, #4033 ) ;
#3246 = SURFACE_SIDE_STYLE ('',( #3554 ) ) ;
#3247 = ORIENTED_EDGE ( 'NONE', *, *, #3656, .F. ) ;
#3248 = CARTESIAN_POINT ( 'NONE',  ( 31.40518562856966511, 117.6820010968829564, 26.28193109463219912 ) ) ;
#3249 = ADVANCED_FACE ( 'NONE', ( #1307 ), #2216, .F. ) ;
#3250 = EDGE_CURVE ( 'NONE', #4070, #2598, #1178, .T. ) ;
#3251 = VERTEX_POINT ( 'NONE', #1884 ) ;
#3252 = VECTOR ( 'NONE', #1200, 1000.000000000000000 ) ;
#3253 = DIRECTION ( 'NONE',  ( -0.000000000000000000, 1.000000000000000000, 0.000000000000000000 ) ) ;
#3254 = DIRECTION ( 'NONE',  ( -0.000000000000000000, -0.000000000000000000, -1.000000000000000000 ) ) ;
#3255 = EDGE_CURVE ( 'NONE', #2494, #3347, #3136, .T. ) ;
#3256 = ADVANCED_FACE ( 'NONE', ( #3484 ), #2830, .F. ) ;
#3257 = VERTEX_POINT ( 'NONE', #5 ) ;
#3258 = CARTESIAN_POINT ( 'NONE',  ( 0.2294461703486254389, 61.88527695784294025, 32.00000000000000711 ) ) ;
#3259 = ORIENTED_EDGE ( 'NONE', *, *, #1749, .F. ) ;
#3260 = CARTESIAN_POINT ( 'NONE',  ( -8.631578947368426569, 69.26613730590510443, -63.00000000000000000 ) ) ;
#3261 = CARTESIAN_POINT ( 'NONE',  ( -2.618611004132350648E-13, 0.000000000000000000, 37.50000000000000711 ) ) ;
#3262 = VECTOR ( 'NONE', #48, 1000.000000000000000 ) ;
#3263 = ORIENTED_EDGE ( 'NONE', *, *, #1137, .T. ) ;
#3264 = FACE_BOUND ( 'NONE', #3392, .T. ) ;
#3265 = DIRECTION ( 'NONE',  ( -0.000000000000000000, 0.000000000000000000, 1.000000000000000000 ) ) ;
#3266 = EDGE_LOOP ( 'NONE', ( #1769, #1233, #3126, #965 ) ) ;
#3267 = EDGE_LOOP ( 'NONE', ( #367, #3108, #2506, #3724 ) ) ;
#3268 = LINE ( 'NONE', #449, #248 ) ;
#3269 = DIRECTION ( 'NONE',  ( 0.000000000000000000, 0.000000000000000000, -1.000000000000000000 ) ) ;
#3270 = ORIENTED_EDGE ( 'NONE', *, *, #106, .T. ) ;
#3271 = FACE_BOUND ( 'NONE', #95, .T. ) ;
#3272 = VECTOR ( 'NONE', #1021, 1000.000000000000000 ) ;
#3273 = FACE_BOUND ( 'NONE', #2419, .T. ) ;
#3274 = VECTOR ( 'NONE', #2343, 1000.000000000000000 ) ;
#3275 = ORIENTED_EDGE ( 'NONE', *, *, #1945, .F. ) ;
#3276 = DIRECTION ( 'NONE',  ( 0.000000000000000000, 0.000000000000000000, -1.000000000000000000 ) ) ;
#3277 = EDGE_CURVE ( 'NONE', #426, #2511, #3934, .T. ) ;
#3278 = CIRCLE ( 'NONE', #2029, 31.99999999999999289 ) ;
#3279 = DIRECTION ( 'NONE',  ( 0.000000000000000000, -0.000000000000000000, -1.000000000000000000 ) ) ;
#3280 = CARTESIAN_POINT ( 'NONE',  ( 47.05263157894735571, 113.8897711568247786, -61.00000000000000000 ) ) ;
#3281 = EDGE_CURVE ( 'NONE', #3600, #2200, #1439, .T. ) ;
#3282 = PRODUCT_DEFINITION_CONTEXT ( 'detailed design', #1795, 'design' ) ;
#3283 = CARTESIAN_POINT ( 'NONE',  ( 0.000000000000000000, 133.0000000000000000, 0.000000000000000000 ) ) ;
#3284 = ORIENTED_EDGE ( 'NONE', *, *, #83, .T. ) ;
#3285 = FACE_OUTER_BOUND ( 'NONE', #2342, .T. ) ;
#3286 = LINE ( 'NONE', #3615, #1050 ) ;
#3287 = EDGE_LOOP ( 'NONE', ( #3937, #2054 ) ) ;
#3288 = VERTEX_POINT ( 'NONE', #1592 ) ;
#3289 = CARTESIAN_POINT ( 'NONE',  ( 0.000000000000000000, 133.0000000000000000, -30.00000000000001421 ) ) ;
#3290 = DIRECTION ( 'NONE',  ( 0.000000000000000000, 0.000000000000000000, 1.000000000000000000 ) ) ;
#3291 = VERTEX_POINT ( 'NONE', #2848 ) ;
#3292 = CARTESIAN_POINT ( 'NONE',  ( 18.00000000000000000, 86.00000000000000000, -25.99999999999999645 ) ) ;
#3293 = FACE_OUTER_BOUND ( 'NONE', #2135, .T. ) ;
#3294 = ORIENTED_EDGE ( 'NONE', *, *, #2121, .F. ) ;
#3295 = CYLINDRICAL_SURFACE ( 'NONE', #1361, 18.00000000000000000 ) ;
#3296 = CARTESIAN_POINT ( 'NONE',  ( 0.000000000000000000, 9.999999999999994671, 0.000000000000000000 ) ) ;
#3297 = DIRECTION ( 'NONE',  ( -0.000000000000000000, -0.000000000000000000, 1.000000000000000000 ) ) ;
#3298 = ADVANCED_FACE ( 'NONE', ( #1924 ), #3020, .F. ) ;
#3299 = FACE_BOUND ( 'NONE', #2065, .T. ) ;
#3300 = ORIENTED_EDGE ( 'NONE', *, *, #2384, .F. ) ;
#3301 = DIRECTION ( 'NONE',  ( 0.3684210526315787049, -0.9296590385608261009, 0.000000000000000000 ) ) ;
#3302 = CARTESIAN_POINT ( 'NONE',  ( 36.00000000000001421, 54.00000000000000000, 24.00000000000002132 ) ) ;
#3303 = AXIS2_PLACEMENT_3D ( 'NONE', #566, #1210, #2791 ) ;
#3304 = AXIS2_PLACEMENT_3D ( 'NONE', #1713, #187, #1733 ) ;
#3305 = EDGE_LOOP ( 'NONE', ( #3675, #565, #2382, #1706 ) ) ;
#3306 = DIRECTION ( 'NONE',  ( -0.000000000000000000, 1.000000000000000000, -0.000000000000000000 ) ) ;
#3307 = EDGE_LOOP ( 'NONE', ( #2638, #1622, #1228, #3094 ) ) ;
#3308 = CYLINDRICAL_SURFACE ( 'NONE', #3078, 2.000000000000001776 ) ;
#3309 = AXIS2_PLACEMENT_3D ( 'NONE', #22, #579, #1453 ) ;
#3310 = DIRECTION ( 'NONE',  ( -1.000000000000000000, 0.000000000000000000, 0.000000000000000000 ) ) ;
#3311 = VECTOR ( 'NONE', #3373, 1000.000000000000000 ) ;
#3312 = CIRCLE ( 'NONE', #2590, 50.00000000000001421 ) ;
#3313 = ORIENTED_EDGE ( 'NONE', *, *, #1671, .F. ) ;
#3314 = FACE_OUTER_BOUND ( 'NONE', #873, .T. ) ;
#3315 = DIRECTION ( 'NONE',  ( 1.000000000000000000, 0.000000000000000000, 0.000000000000000000 ) ) ;
#3316 = ORIENTED_EDGE ( 'NONE', *, *, #212, .F. ) ;
#3317 = CARTESIAN_POINT ( 'NONE',  ( 0.000000000000000000, 131.0000000000000000, 32.00000000000001421 ) ) ;
#3318 = ORIENTED_EDGE ( 'NONE', *, *, #605, .T. ) ;
#3319 = CYLINDRICAL_SURFACE ( 'NONE', #3538, 8.000000000000000000 ) ;
#3320 = AXIS2_PLACEMENT_3D ( 'NONE', #2859, #1022, #1271 ) ;
#3321 = DIRECTION ( 'NONE',  ( 0.000000000000000000, -1.000000000000000000, 0.000000000000000000 ) ) ;
#3322 = CARTESIAN_POINT ( 'NONE',  ( -2.611263123337466034E-13, 11.99999999999999822, 31.50000000000000711 ) ) ;
#3323 = EDGE_CURVE ( 'NONE', #3169, #249, #4064, .T. ) ;
#3324 = EDGE_LOOP ( 'NONE', ( #1557, #1216, #319, #2843 ) ) ;
#3325 = FACE_OUTER_BOUND ( 'NONE', #1248, .T. ) ;
#3326 = DIRECTION ( 'NONE',  ( -0.000000000000000000, -0.000000000000000000, -1.000000000000000000 ) ) ;
#3327 = ORIENTED_EDGE ( 'NONE', *, *, #185, .T. ) ;
#3328 = ADVANCED_FACE ( 'NONE', ( #3179 ), #2239, .T. ) ;
#3329 = CARTESIAN_POINT ( 'NONE',  ( 29.57653464904952756, 54.63759250249665911, 27.16469680532985720 ) ) ;
#3330 = EDGE_CURVE ( 'NONE', #2509, #3396, #2621, .T. ) ;
#3331 = ORIENTED_EDGE ( 'NONE', *, *, #541, .F. ) ;
#3332 = LINE ( 'NONE', #1709, #2680 ) ;
#3333 = DIRECTION ( 'NONE',  ( 0.000000000000000000, 0.000000000000000000, -1.000000000000000000 ) ) ;
#3334 = AXIS2_PLACEMENT_3D ( 'NONE', #3599, #775, #3290 ) ;
#3335 = VERTEX_POINT ( 'NONE', #3812 ) ;
#3336 = DIRECTION ( 'NONE',  ( 0.000000000000000000, 0.000000000000000000, 1.000000000000000000 ) ) ;
#3337 = CARTESIAN_POINT ( 'NONE',  ( -2.000000000000001776, 86.00000000000000000, -73.00000000000000000 ) ) ;
#3338 = CIRCLE ( 'NONE', #901, 23.00000000000000711 ) ;
#3339 = ORIENTED_EDGE ( 'NONE', *, *, #955, .F. ) ;
#3340 = DIRECTION ( 'NONE',  ( -2.312964634635742464E-16, 1.000000000000000000, 0.000000000000000000 ) ) ;
#3341 = VECTOR ( 'NONE', #1967, 1000.000000000000000 ) ;
#3342 = CARTESIAN_POINT ( 'NONE',  ( 0.9227754446794260712, 110.4612662525316722, 31.98752369369509907 ) ) ;
#3343 = CIRCLE ( 'NONE', #2094, 30.00000000000001421 ) ;
#3344 = AXIS2_PLACEMENT_3D ( 'NONE', #2622, #2996, #3892 ) ;
#3345 = CARTESIAN_POINT ( 'NONE',  ( 67.36240749750332668, 79.57653464904950624, 27.16469680532987496 ) ) ;
#3346 = DIRECTION ( 'NONE',  ( 1.000000000000000000, 0.000000000000000000, 0.000000000000000000 ) ) ;
#3347 = VERTEX_POINT ( 'NONE', #3750 ) ;
#3348 = DIRECTION ( 'NONE',  ( -1.000000000000000000, 0.000000000000000000, 0.000000000000000000 ) ) ;
#3349 = VERTEX_POINT ( 'NONE', #1942 ) ;
#3350 = LINE ( 'NONE', #2775, #2878 ) ;
#3351 = SPHERICAL_SURFACE ( 'NONE', #3916, 2.000000000000000000 ) ;
#3352 = EDGE_CURVE ( 'NONE', #3214, #3184, #978, .T. ) ;
#3353 = ORIENTED_EDGE ( 'NONE', *, *, #1119, .T. ) ;
#3354 = FACE_BOUND ( 'NONE', #2312, .T. ) ;
#3355 = DIRECTION ( 'NONE',  ( 1.000000000000000000, 0.000000000000000000, 0.000000000000000000 ) ) ;
#3356 = EDGE_CURVE ( 'NONE', #2526, #347, #1705, .T. ) ;
#3357 = CARTESIAN_POINT ( 'NONE',  ( 60.00000000000000711, 61.99999999999999289, -24.00000000000000000 ) ) ;
#3358 = AXIS2_PLACEMENT_3D ( 'NONE', #852, #2428, #3402 ) ;
#3359 = ORIENTED_EDGE ( 'NONE', *, *, #2148, .F. ) ;
#3360 = LINE ( 'NONE', #540, #3773 ) ;
#3361 = CARTESIAN_POINT ( 'NONE',  ( 68.00000000000000000, 62.00000000000000711, -24.00000000000002487 ) ) ;
#3362 = DIRECTION ( 'NONE',  ( 0.000000000000000000, 3.252606517456514288E-16, -1.000000000000000000 ) ) ;
#3363 = CARTESIAN_POINT ( 'NONE',  ( 0.000000000000000000, 131.0000000000000000, 0.000000000000000000 ) ) ;
#3364 = CARTESIAN_POINT ( 'NONE',  ( 0.000000000000000000, 130.5000000000000000, 0.000000000000000000 ) ) ;
#3365 = ORIENTED_EDGE ( 'NONE', *, *, #560, .F. ) ;
#3366 = CARTESIAN_POINT ( 'NONE',  ( 59.00000000000000000, 86.00000000000000000, -32.00000000000002132 ) ) ;
#3367 = VERTEX_POINT ( 'NONE', #721 ) ;
#3368 = DIRECTION ( 'NONE',  ( -0.000000000000000000, 1.000000000000000000, -0.000000000000000000 ) ) ;
#3369 = CARTESIAN_POINT ( 'NONE',  ( 0.000000000000000000, 109.9999999999999858, -32.00000000000000711 ) ) ;
#3370 = AXIS2_PLACEMENT_3D ( 'NONE', #117, #3573, #748 ) ;
#3371 = ORIENTED_EDGE ( 'NONE', *, *, #4035, .F. ) ;
#3372 = CIRCLE ( 'NONE', #1804, 31.99999999999999289 ) ;
#3373 = DIRECTION ( 'NONE',  ( -0.000000000000000000, -0.000000000000000000, -1.000000000000000000 ) ) ;
#3374 = CARTESIAN_POINT ( 'NONE',  ( 79.89473684210526017, 71.12545538302676107, -63.00000000000000000 ) ) ;
#3375 = EDGE_CURVE ( 'NONE', #550, #1871, #846, .T. ) ;
#3376 = EDGE_CURVE ( 'NONE', #692, #3519, #1122, .T. ) ;
#3377 = AXIS2_PLACEMENT_3D ( 'NONE', #327, #2822, #1256 ) ;
#3378 = ORIENTED_EDGE ( 'NONE', *, *, #754, .T. ) ;
#3379 = FACE_OUTER_BOUND ( 'NONE', #1755, .T. ) ;
#3380 = EDGE_CURVE ( 'NONE', #2666, #3251, #2907, .T. ) ;
#3381 = EDGE_CURVE ( 'NONE', #3664, #2723, #523, .T. ) ;
#3382 = CARTESIAN_POINT ( 'NONE',  ( 20.38541108193156504, 118.0000000000000142, 24.68842396779632864 ) ) ;
#3383 = CARTESIAN_POINT ( 'NONE',  ( 63.06980994764531090, 68.90510386690223754, 31.40952685299189184 ) ) ;
#3384 = ORIENTED_EDGE ( 'NONE', *, *, #3681, .T. ) ;
#3385 = SPHERICAL_SURFACE ( 'NONE', #3303, 8.000000000000000000 ) ;
#3386 = ORIENTED_EDGE ( 'NONE', *, *, #2828, .F. ) ;
#3387 = CARTESIAN_POINT ( 'NONE',  ( 12.00000000000000711, 86.00000000000000000, 45.00000000000001421 ) ) ;
#3388 = CARTESIAN_POINT ( 'NONE',  ( 60.68842459977773984, 106.3854103653320067, 32.00000000000001421 ) ) ;
#3389 = ORIENTED_EDGE ( 'NONE', *, *, #3125, .T. ) ;
#3390 = CYLINDRICAL_SURFACE ( 'NONE', #2988, 17.99999999999999645 ) ;
#3391 = AXIS2_PLACEMENT_3D ( 'NONE', #2738, #838, #1399 ) ;
#3392 = EDGE_LOOP ( 'NONE', ( #2158, #930 ) ) ;
#3393 = LINE ( 'NONE', #4074, #1078 ) ;
#3394 = CARTESIAN_POINT ( 'NONE',  ( 60.00000000000000711, 109.9999999999999858, -24.00000000000001066 ) ) ;
#3395 = CIRCLE ( 'NONE', #2609, 4.000000000000000000 ) ;
#3396 = VERTEX_POINT ( 'NONE', #1387 ) ;
#3397 = DIRECTION ( 'NONE',  ( 1.000000000000000000, 0.000000000000000000, 0.000000000000000000 ) ) ;
#3398 = AXIS2_PLACEMENT_3D ( 'NONE', #2055, #1438, #2392 ) ;
#3399 = EDGE_CURVE ( 'NONE', #34, #426, #2316, .T. ) ;
#3400 = CONICAL_SURFACE ( 'NONE', #645, 23.00000000000000355, 0.1030816085227004020 ) ;
#3401 = CARTESIAN_POINT ( 'NONE',  ( 67.99750108906337687, 85.53836092951871706, 24.23081950414738373 ) ) ;
#3402 = DIRECTION ( 'NONE',  ( -1.000000000000000000, 0.000000000000000000, 0.000000000000000000 ) ) ;
#3403 = ADVANCED_FACE ( 'NONE', ( #1079 ), #2361, .F. ) ;
#3404 = AXIS2_PLACEMENT_3D ( 'NONE', #26, #1286, #2540 ) ;
#3405 = ORIENTED_EDGE ( 'NONE', *, *, #3163, .F. ) ;
#3406 = DIRECTION ( 'NONE',  ( 1.000000000000000000, 0.000000000000000000, 0.000000000000000000 ) ) ;
#3407 = ORIENTED_EDGE ( 'NONE', *, *, #62, .F. ) ;
#3408 = CARTESIAN_POINT ( 'NONE',  ( 68.00000000000000000, 109.9999999999999858, 24.00000000000001421 ) ) ;
#3409 = CARTESIAN_POINT ( 'NONE',  ( 6.423451092039782928, 113.1646900115570986, -31.36241044114709808 ) ) ;
#3410 = ORIENTED_EDGE ( 'NONE', *, *, #104, .T. ) ;
#3411 = FACE_OUTER_BOUND ( 'NONE', #2813, .T. ) ;
#3412 = ORIENTED_EDGE ( 'NONE', *, *, #537, .T. ) ;
#3413 = CARTESIAN_POINT ( 'NONE',  ( -8.631578947368424792, 69.26613730590510443, -73.00000000000000000 ) ) ;
#3414 = CARTESIAN_POINT ( 'NONE',  ( -2.000000000000001776, 86.00000000000000000, -73.00000000000000000 ) ) ;
#3415 = CIRCLE ( 'NONE', #1644, 28.00000000000000000 ) ;
#3416 = VERTEX_POINT ( 'NONE', #3939 ) ;
#3417 = FACE_OUTER_BOUND ( 'NONE', #1077, .T. ) ;
#3418 = CARTESIAN_POINT ( 'NONE',  ( 67.80108767770079226, 82.32041507517324419, 25.83203657382891549 ) ) ;
#3419 = DIRECTION ( 'NONE',  ( 0.000000000000000000, 0.000000000000000000, -1.000000000000000000 ) ) ;
#3420 = ADVANCED_FACE ( 'NONE', ( #784, #2973 ), #2044, .F. ) ;
#3421 = EDGE_CURVE ( 'NONE', #145, #1092, #1243, .T. ) ;
#3422 = EDGE_LOOP ( 'NONE', ( #401, #3448, #77, #2379 ) ) ;
#3423 = DIRECTION ( 'NONE',  ( -0.000000000000000000, 0.000000000000000000, 1.000000000000000000 ) ) ;
#3424 = ADVANCED_FACE ( 'NONE', ( #3236 ), #3319, .T. ) ;
#3425 = ORIENTED_EDGE ( 'NONE', *, *, #337, .T. ) ;
#3426 = CARTESIAN_POINT ( 'NONE',  ( 32.00000000000001421, 52.97999199359360034, 0.000000000000000000 ) ) ;
#3427 = DIRECTION ( 'NONE',  ( 0.000000000000000000, 1.000000000000000000, 0.000000000000000000 ) ) ;
#3428 = ORIENTED_EDGE ( 'NONE', *, *, #2047, .T. ) ;
#3429 = DIRECTION ( 'NONE',  ( 0.000000000000000000, -1.000000000000000000, 0.000000000000000000 ) ) ;
#3430 = ORIENTED_EDGE ( 'NONE', *, *, #1195, .F. ) ;
#3431 = CARTESIAN_POINT ( 'NONE',  ( 0.000000000000000000, 11.99999999999999645, -26.00000000000001421 ) ) ;
#3432 = CARTESIAN_POINT ( 'NONE',  ( 7.339237856738826338, 58.40130654014861733, -31.16127109594835787 ) ) ;
#3433 = AXIS2_PLACEMENT_3D ( 'NONE', #3838, #3755, #3508 ) ;
#3434 = ORIENTED_EDGE ( 'NONE', *, *, #3158, .T. ) ;
#3435 = AXIS2_PLACEMENT_3D ( 'NONE', #1593, #1348, #2850 ) ;
#3436 = CARTESIAN_POINT ( 'NONE',  ( 36.92277544467947337, 117.9875236936950671, 24.46126625253168285 ) ) ;
#3437 = CARTESIAN_POINT ( 'NONE',  ( -36.35855978686628021, 91.74574442333913282, -61.00000000000000000 ) ) ;
#3438 = AXIS2_PLACEMENT_3D ( 'NONE', #1670, #2924, #3194 ) ;
#3439 = AXIS2_PLACEMENT_3D ( 'NONE', #2839, #387, #3168 ) ;
#3440 = B_SPLINE_CURVE_WITH_KNOTS ( 'NONE', 3,
 ( #1172, #1830, #3089, #3068, #1251, #554, #2437, #2451, #2837, #1891, #1849, #2117, #3409, #935, #3697, #3717, #2489, #876, #2761, #1814, #2794, #3369 ),
 .UNSPECIFIED., .F., .F.,
 ( 4, 2, 2, 2, 2, 2, 2, 2, 2, 2, 4 ),
 ( 0.000000000000000000, 0.003078342865769894982, 0.006156685731539789964, 0.009235028597309685380, 0.01231337146307957993, 0.01539171432884947448, 0.01847005719461937076, 0.02154840006038926531, 0.02308757149327421085, 0.02385715720971668535, 0.02462674292615915986 ),
 .UNSPECIFIED. ) ;
#3441 = AXIS2_PLACEMENT_3D ( 'NONE', #501, #2333, #1757 ) ;
#3442 = DIRECTION ( 'NONE',  ( -0.000000000000000000, 1.000000000000000000, -0.000000000000000000 ) ) ;
#3443 = CARTESIAN_POINT ( 'NONE',  ( 2.335204679199550439E-16, 109.9999999999999716, 26.00000000000000000 ) ) ;
#3444 = AXIS2_PLACEMENT_3D ( 'NONE', #2125, #2783, #1506 ) ;
#3445 = ORIENTED_EDGE ( 'NONE', *, *, #3177, .T. ) ;
#3446 = PRODUCT_DEFINITION ( 'UNKNOWN', '', #2153, #3282 ) ;
#3447 = CARTESIAN_POINT ( 'NONE',  ( 6.123233995736767663E-15, 0.000000000000000000, -50.00000000000001421 ) ) ;
#3448 = ORIENTED_EDGE ( 'NONE', *, *, #1263, .T. ) ;
#3449 = DIRECTION ( 'NONE',  ( 1.000000000000000000, 0.000000000000000000, 0.000000000000000000 ) ) ;
#3450 = CARTESIAN_POINT ( 'NONE',  ( 67.80108964775452307, 89.67956810701912218, 25.83202828611742774 ) ) ;
#3451 = EDGE_CURVE ( 'NONE', #145, #1117, #1111, .T. ) ;
#3452 = EDGE_LOOP ( 'NONE', ( #2695, #1953, #116, #3149 ) ) ;
#3453 = ADVANCED_FACE ( 'NONE', ( #2067 ), #2684, .F. ) ;
#3454 = CARTESIAN_POINT ( 'NONE',  ( 60.00000000000000000, 109.9999999999999858, -26.00000000000000000 ) ) ;
#3455 = ORIENTED_EDGE ( 'NONE', *, *, #3799, .T. ) ;
#3456 = DIRECTION ( 'NONE',  ( -0.000000000000000000, 1.000000000000000000, -0.000000000000000000 ) ) ;
#3457 = DIRECTION ( 'NONE',  ( 1.000000000000000000, 0.000000000000000000, 0.000000000000000000 ) ) ;
#3458 = EDGE_CURVE ( 'NONE', #899, #2457, #1773, .T. ) ;
#3459 = ORIENTED_EDGE ( 'NONE', *, *, #4035, .T. ) ;
#3460 = VECTOR ( 'NONE', #2349, 1000.000000000000000 ) ;
#3461 = DIRECTION ( 'NONE',  ( 0.000000000000000000, 0.000000000000000000, 1.000000000000000000 ) ) ;
#3462 = FACE_OUTER_BOUND ( 'NONE', #3512, .T. ) ;
#3463 = DIRECTION ( 'NONE',  ( -0.000000000000000000, 1.000000000000000000, -0.000000000000000000 ) ) ;
#3464 = CARTESIAN_POINT ( 'NONE',  ( 36.00000000000000000, 86.00000000000000000, -61.00000000000000000 ) ) ;
#3465 = DIRECTION ( 'NONE',  ( -0.000000000000000000, 1.000000000000000000, -0.000000000000000000 ) ) ;
#3466 = DIRECTION ( 'NONE',  ( 0.000000000000000000, 0.000000000000000000, -1.000000000000000000 ) ) ;
#3467 = AXIS2_PLACEMENT_3D ( 'NONE', #1270, #322, #3165 ) ;
#3468 = DIRECTION ( 'NONE',  ( -1.000000000000000000, 0.000000000000000000, 0.000000000000000000 ) ) ;
#3469 = ORIENTED_EDGE ( 'NONE', *, *, #728, .F. ) ;
#3470 = DIRECTION ( 'NONE',  ( 0.000000000000000000, 0.000000000000000000, 1.000000000000000000 ) ) ;
#3471 = CARTESIAN_POINT ( 'NONE',  ( 4.000000000000010658, 86.00000000000000000, 45.00000000000001421 ) ) ;
#3472 = AXIS2_PLACEMENT_3D ( 'NONE', #3878, #3593, #1060 ) ;
#3473 = ORIENTED_EDGE ( 'NONE', *, *, #634, .F. ) ;
#3474 = CARTESIAN_POINT ( 'NONE',  ( 60.00000000000001421, 107.1660104885167186, 32.00000000000001421 ) ) ;
#3475 = VECTOR ( 'NONE', #358, 1000.000000000000000 ) ;
#3476 = ORIENTED_EDGE ( 'NONE', *, *, #3356, .F. ) ;
#3477 = PLANE ( 'NONE',  #2357 ) ;
#3478 = EDGE_CURVE ( 'NONE', #3713, #2077, #2296, .T. ) ;
#3479 = CARTESIAN_POINT ( 'NONE',  ( 17.09489613309776246, 54.59047314700811881, -27.06980994764529669 ) ) ;
#3480 = DIRECTION ( 'NONE',  ( -0.000000000000000000, -0.000000000000000000, -1.000000000000000000 ) ) ;
#3481 = DIRECTION ( 'NONE',  ( -0.9296590385608263229, 0.3684210526315783718, 0.000000000000000000 ) ) ;
#3482 = ADVANCED_FACE ( 'NONE', ( #1346 ), #2639, .F. ) ;
#3483 = DIRECTION ( 'NONE',  ( 1.000000000000000000, 0.000000000000000000, 0.000000000000000000 ) ) ;
#3484 = FACE_OUTER_BOUND ( 'NONE', #155, .T. ) ;
#3485 = DIRECTION ( 'NONE',  ( 1.000000000000000000, 0.000000000000000000, 0.000000000000000000 ) ) ;
#3486 = LINE ( 'NONE', #1329, #3262 ) ;
#3487 = EDGE_LOOP ( 'NONE', ( #1120, #1929 ) ) ;
#3488 = CARTESIAN_POINT ( 'NONE',  ( 0.000000000000000000, 109.9999999999999716, 0.000000000000000000 ) ) ;
#3489 = CARTESIAN_POINT ( 'NONE',  ( 36.00000000000000000, 86.00000000000000000, -75.00000000000000000 ) ) ;
#3490 = EDGE_LOOP ( 'NONE', ( #2565, #3948 ) ) ;
#3491 = DIRECTION ( 'NONE',  ( 0.000000000000000000, -1.000000000000000000, 0.000000000000000000 ) ) ;
#3492 = ORIENTED_EDGE ( 'NONE', *, *, #518, .F. ) ;
#3493 = CYLINDRICAL_SURFACE ( 'NONE', #1034, 2.000000000000001776 ) ;
#3494 = CARTESIAN_POINT ( 'NONE',  ( 10.06293279962726217, 57.16280878077621708, -30.39146594206108176 ) ) ;
#3495 = VERTEX_POINT ( 'NONE', #172 ) ;
#3496 = CARTESIAN_POINT ( 'NONE',  ( -12.77961241844522533, 32.24756595544628368, -63.00000000000000000 ) ) ;
#3497 = ADVANCED_FACE ( 'NONE', ( #1427, #3854 ), #1033, .T. ) ;
#3498 = CARTESIAN_POINT ( 'NONE',  ( 23.28930770930391247, 58.76731326597089122, -63.00000000000000000 ) ) ;
#3499 = AXIS2_PLACEMENT_3D ( 'NONE', #2709, #3545, #3237 ) ;
#3500 = ADVANCED_FACE ( 'NONE', ( #460 ), #2109, .T. ) ;
#3501 = EDGE_CURVE ( 'NONE', #3335, #1564, #3672, .T. ) ;
#3502 = VECTOR ( 'NONE', #2220, 1000.000000000000000 ) ;
#3503 = CARTESIAN_POINT ( 'NONE',  ( -4.625929269271489858E-16, 111.9999999999999716, 0.000000000000000000 ) ) ;
#3504 = CIRCLE ( 'NONE', #2916, 1.999999999999994893 ) ;
#3505 = CARTESIAN_POINT ( 'NONE',  ( 3.673940397442059178E-15, -2.000000000000000000, -30.00000000000000000 ) ) ;
#3506 = DIRECTION ( 'NONE',  ( 1.000000000000000000, 0.000000000000000000, 0.000000000000000000 ) ) ;
#3507 = CIRCLE ( 'NONE', #3377, 18.00000000000001421 ) ;
#3508 = DIRECTION ( 'NONE',  ( 0.000000000000000000, 0.000000000000000000, -1.000000000000000000 ) ) ;
#3509 = ORIENTED_EDGE ( 'NONE', *, *, #1195, .T. ) ;
#3510 = CYLINDRICAL_SURFACE ( 'NONE', #188, 32.00000000000000000 ) ;
#3511 = CARTESIAN_POINT ( 'NONE',  ( 60.00000000000000711, 111.9999999999999858, 23.99999999999998934 ) ) ;
#3512 = EDGE_LOOP ( 'NONE', ( #1938, #1761, #2035, #3270 ) ) ;
#3513 = CARTESIAN_POINT ( 'NONE',  ( 11.99999999999999289, 86.00000000000000000, -75.00000000000000000 ) ) ;
#3514 = EDGE_LOOP ( 'NONE', ( #1496, #2115, #3492 ) ) ;
#3515 = DIRECTION ( 'NONE',  ( 1.000000000000000000, -0.000000000000000000, -0.000000000000000000 ) ) ;
#3516 = FACE_OUTER_BOUND ( 'NONE', #4065, .T. ) ;
#3517 = ORIENTED_EDGE ( 'NONE', *, *, #3082, .T. ) ;
#3518 = CARTESIAN_POINT ( 'NONE',  ( 36.00000000000001421, 86.00000000000000000, 45.00000000000001421 ) ) ;
#3519 = VERTEX_POINT ( 'NONE', #887 ) ;
#3520 = CARTESIAN_POINT ( 'NONE',  ( 6.423451092039792698, 58.83530998844288717, 31.36241044114710519 ) ) ;
#3521 = VECTOR ( 'NONE', #1656, 1000.000000000000000 ) ;
#3522 = CARTESIAN_POINT ( 'NONE',  ( 1.040834085586084257E-14, 26.80803129787094008, 0.000000000000000000 ) ) ;
#3523 = DIRECTION ( 'NONE',  ( -1.000000000000000000, -0.000000000000000000, -0.000000000000000000 ) ) ;
#3524 = FACE_OUTER_BOUND ( 'NONE', #2762, .T. ) ;
#3525 = EDGE_CURVE ( 'NONE', #2168, #1874, #1904, .T. ) ;
#3526 = CIRCLE ( 'NONE', #3868, 5.999999999999999112 ) ;
#3527 = CARTESIAN_POINT ( 'NONE',  ( 36.00000000000000000, 86.00000000000000000, -63.00000000000000000 ) ) ;
#3528 = ORIENTED_EDGE ( 'NONE', *, *, #228, .F. ) ;
#3529 = CARTESIAN_POINT ( 'NONE',  ( 1.040834085586084257E-14, 52.97999199359360034, 0.000000000000000000 ) ) ;
#3530 = DIRECTION ( 'NONE',  ( 0.000000000000000000, -1.000000000000000000, 0.000000000000000000 ) ) ;
#3531 = ADVANCED_FACE ( 'NONE', ( #971 ), #3827, .F. ) ;
#3532 = CIRCLE ( 'NONE', #3862, 8.000000000000000000 ) ;
#3533 = ORIENTED_EDGE ( 'NONE', *, *, #882, .F. ) ;
#3534 = SPHERICAL_SURFACE ( 'NONE', #1669, 8.000000000000000000 ) ;
#3535 = ORIENTED_EDGE ( 'NONE', *, *, #3933, .T. ) ;
#3536 = DIRECTION ( 'NONE',  ( 0.9296590385608269891, -0.3684210526315767065, 0.000000000000000000 ) ) ;
#3537 = AXIS2_PLACEMENT_3D ( 'NONE', #583, #2089, #1785 ) ;
#3538 = AXIS2_PLACEMENT_3D ( 'NONE', #3627, #2337, #2602 ) ;
#3539 = ORIENTED_EDGE ( 'NONE', *, *, #3101, .F. ) ;
#3540 = DIRECTION ( 'NONE',  ( -1.000000000000000000, -2.223149070051144825E-16, 8.981556458459800847E-18 ) ) ;
#3541 = VERTEX_POINT ( 'NONE', #1941 ) ;
#3542 = CARTESIAN_POINT ( 'NONE',  ( 0.000000000000000000, -2.000000000000000000, 0.000000000000000000 ) ) ;
#3543 = CIRCLE ( 'NONE', #1121, 21.97243567640638062 ) ;
#3544 = DIRECTION ( 'NONE',  ( -0.9296590385608262119, 0.3684210526315783718, -0.000000000000000000 ) ) ;
#3545 = DIRECTION ( 'NONE',  ( 0.000000000000000000, 1.000000000000000000, 0.000000000000000000 ) ) ;
#3546 = DIRECTION ( 'NONE',  ( 0.000000000000000000, -1.000000000000000000, 0.000000000000000000 ) ) ;
#3547 = EDGE_CURVE ( 'NONE', #627, #3495, #452, .T. ) ;
#3548 = ORIENTED_EDGE ( 'NONE', *, *, #3231, .F. ) ;
#3549 = LINE ( 'NONE', #2667, #2557 ) ;
#3550 = EDGE_CURVE ( 'NONE', #2513, #2509, #3278, .T. ) ;
#3551 = CARTESIAN_POINT ( 'NONE',  ( 1.040834085586084257E-14, 26.80803129787094008, 0.000000000000000000 ) ) ;
#3552 = ORIENTED_EDGE ( 'NONE', *, *, #3376, .F. ) ;
#3553 = EDGE_CURVE ( 'NONE', #269, #2246, #2560, .T. ) ;
#3554 = SURFACE_STYLE_FILL_AREA ( #2631 ) ;
#3555 = ADVANCED_FACE ( 'NONE', ( #23 ), #643, .T. ) ;
#3556 = VERTEX_POINT ( 'NONE', #1069 ) ;
#3557 = CARTESIAN_POINT ( 'NONE',  ( 14.83398951148328138, 109.9999999999999858, 32.00000000000001421 ) ) ;
#3558 = EDGE_LOOP ( 'NONE', ( #492, #3801, #524 ) ) ;
#3559 = ORIENTED_EDGE ( 'NONE', *, *, #640, .T. ) ;
#3560 = CARTESIAN_POINT ( 'NONE',  ( 7.339224385733400524, 58.40131285181322340, 31.16127429457253228 ) ) ;
#3561 = DIRECTION ( 'NONE',  ( 0.000000000000000000, 0.000000000000000000, -1.000000000000000000 ) ) ;
#3562 = AXIS2_PLACEMENT_3D ( 'NONE', #628, #2545, #687 ) ;
#3563 = DIRECTION ( 'NONE',  ( 0.000000000000000000, 0.000000000000000000, -1.000000000000000000 ) ) ;
#3564 = AXIS2_PLACEMENT_3D ( 'NONE', #2069, #2514, #1 ) ;
#3565 = AXIS2_PLACEMENT_3D ( 'NONE', #2376, #3952, #1114 ) ;
#3566 = DIRECTION ( 'NONE',  ( -0.000000000000000000, 0.000000000000000000, -1.000000000000000000 ) ) ;
#3567 = ORIENTED_EDGE ( 'NONE', *, *, #2556, .T. ) ;
#3568 = FACE_OUTER_BOUND ( 'NONE', #762, .T. ) ;
#3569 = CYLINDRICAL_SURFACE ( 'NONE', #1576, 32.00000000000000000 ) ;
#3570 = AXIS2_PLACEMENT_3D ( 'NONE', #2300, #3566, #2912 ) ;
#3571 = VERTEX_POINT ( 'NONE', #44 ) ;
#3572 = AXIS2_PLACEMENT_3D ( 'NONE', #779, #189, #226 ) ;
#3573 = DIRECTION ( 'NONE',  ( -0.000000000000000000, -0.000000000000000000, -1.000000000000000000 ) ) ;
#3574 = VERTEX_POINT ( 'NONE', #3789 ) ;
#3575 = FACE_OUTER_BOUND ( 'NONE', #2473, .T. ) ;
#3576 = CARTESIAN_POINT ( 'NONE',  ( 0.000000000000000000, 52.97999199359360034, 32.00000000000001421 ) ) ;
#3577 = ADVANCED_FACE ( 'NONE', ( #3417 ), #3938, .F. ) ;
#3578 = EDGE_CURVE ( 'NONE', #2200, #3600, #1963, .T. ) ;
#3579 = VERTEX_POINT ( 'NONE', #600 ) ;
#3580 = CIRCLE ( 'NONE', #2338, 18.00000000000000355 ) ;
#3581 = LINE ( 'NONE', #3033, #2061 ) ;
#3582 = DIRECTION ( 'NONE',  ( 0.9296590385608263229, 0.3684210526315782053, -0.000000000000000000 ) ) ;
#3583 = EDGE_CURVE ( 'NONE', #2771, #1136, #2497, .T. ) ;
#3584 = AXIS2_PLACEMENT_3D ( 'NONE', #1640, #3818, #2262 ) ;
#3585 = ORIENTED_EDGE ( 'NONE', *, *, #2573, .T. ) ;
#3586 = ORIENTED_EDGE ( 'NONE', *, *, #490, .F. ) ;
#3587 = CARTESIAN_POINT ( 'NONE',  ( 0.000000000000000000, -2.000000000000000000, 0.000000000000000000 ) ) ;
#3588 = CYLINDRICAL_SURFACE ( 'NONE', #353, 30.00000000000000000 ) ;
#3589 = EDGE_CURVE ( 'NONE', #3495, #2660, #4058, .T. ) ;
#3590 = CIRCLE ( 'NONE', #2869, 32.00000000000000000 ) ;
#3591 = CARTESIAN_POINT ( 'NONE',  ( 1.898202538678396769E-15, 59.99999999999998579, 15.49999999999999289 ) ) ;
#3592 = VERTEX_POINT ( 'NONE', #3113 ) ;
#3593 = DIRECTION ( 'NONE',  ( -0.000000000000000000, -1.000000000000000000, -0.000000000000000000 ) ) ;
#3594 = DIRECTION ( 'NONE',  ( -0.000000000000000000, 1.000000000000000000, -0.000000000000000000 ) ) ;
#3595 = ORIENTED_EDGE ( 'NONE', *, *, #2431, .T. ) ;
#3596 = DIRECTION ( 'NONE',  ( -0.000000000000000000, 1.000000000000000000, -0.000000000000000000 ) ) ;
#3597 = ORIENTED_EDGE ( 'NONE', *, *, #2956, .T. ) ;
#3598 = DIRECTION ( 'NONE',  ( 1.000000000000000000, 0.000000000000000000, 0.000000000000000000 ) ) ;
#3599 = CARTESIAN_POINT ( 'NONE',  ( 1.040834085586084257E-14, 26.80803129787094008, 0.000000000000000000 ) ) ;
#3600 = VERTEX_POINT ( 'NONE', #3195 ) ;
#3601 = FACE_BOUND ( 'NONE', #3487, .T. ) ;
#3602 = AXIS2_PLACEMENT_3D ( 'NONE', #242, #607, #2435 ) ;
#3603 = DIRECTION ( 'NONE',  ( -0.000000000000000000, -1.000000000000000000, -0.000000000000000000 ) ) ;
#3604 = ADVANCED_FACE ( 'NONE', ( #2499 ), #388, .F. ) ;
#3605 = AXIS2_PLACEMENT_3D ( 'NONE', #2222, #1909, #981 ) ;
#3606 = VERTEX_POINT ( 'NONE', #3174 ) ;
#3607 = CARTESIAN_POINT ( 'NONE',  ( 0.000000000000000000, 133.0000000000000000, 0.000000000000000000 ) ) ;
#3608 = EDGE_CURVE ( 'NONE', #2113, #2708, #1605, .T. ) ;
#3609 = EDGE_LOOP ( 'NONE', ( #3951, #1702, #3384, #3073 ) ) ;
#3610 = AXIS2_PLACEMENT_3D ( 'NONE', #68, #1015, #2192 ) ;
#3611 = CARTESIAN_POINT ( 'NONE',  ( 0.000000000000000000, 44.00000000000000711, 0.000000000000000000 ) ) ;
#3612 = DIRECTION ( 'NONE',  ( -0.000000000000000000, -0.000000000000000000, -1.000000000000000000 ) ) ;
#3613 = ORIENTED_EDGE ( 'NONE', *, *, #3932, .F. ) ;
#3614 = DIRECTION ( 'NONE',  ( 0.000000000000000000, 0.000000000000000000, 1.000000000000000000 ) ) ;
#3615 = CARTESIAN_POINT ( 'NONE',  ( 18.00000000000000000, 86.00000000000000000, 50.00100000000003320 ) ) ;
#3616 = ORIENTED_EDGE ( 'NONE', *, *, #404, .F. ) ;
#3617 = CARTESIAN_POINT ( 'NONE',  ( 35.07722455532051242, 54.01247630630492580, 24.46126625253159759 ) ) ;
#3618 = ORIENTED_EDGE ( 'NONE', *, *, #658, .F. ) ;
#3619 = CARTESIAN_POINT ( 'NONE',  ( 12.00000000000000711, 86.00000000000000000, 41.00000000000000711 ) ) ;
#3620 = CARTESIAN_POINT ( 'NONE',  ( 0.000000000000000000, 62.00000000000000711, 32.00000000000001421 ) ) ;
#3621 = ORIENTED_EDGE ( 'NONE', *, *, #2234, .F. ) ;
#3622 = LINE ( 'NONE', #797, #804 ) ;
#3623 = FACE_OUTER_BOUND ( 'NONE', #3305, .T. ) ;
#3624 = EDGE_LOOP ( 'NONE', ( #3049, #1086, #990, #1658 ) ) ;
#3625 = ADVANCED_FACE ( 'NONE', ( #2806 ), #3748, .T. ) ;
#3626 = CARTESIAN_POINT ( 'NONE',  ( 18.00000000000000000, 34.00000000000000000, 0.000000000000000000 ) ) ;
#3627 = CARTESIAN_POINT ( 'NONE',  ( 68.00000000000000000, 62.00000000000000711, 24.00000000000001421 ) ) ;
#3628 = FACE_OUTER_BOUND ( 'NONE', #2032, .T. ) ;
#3629 = EDGE_CURVE ( 'NONE', #169, #2598, #891, .T. ) ;
#3630 = EDGE_CURVE ( 'NONE', #3416, #3713, #1570, .T. ) ;
#3631 = FACE_OUTER_BOUND ( 'NONE', #3167, .T. ) ;
#3632 = ORIENTED_EDGE ( 'NONE', *, *, #2477, .F. ) ;
#3633 = DIRECTION ( 'NONE',  ( -0.000000000000000000, -1.000000000000000000, -0.000000000000000000 ) ) ;
#3634 = DIRECTION ( 'NONE',  ( -0.000000000000000000, 1.000000000000000000, 0.000000000000000000 ) ) ;
#3635 = CIRCLE ( 'NONE', #3433, 12.49999999999999289 ) ;
#3636 = CIRCLE ( 'NONE', #1006, 5.999999999999998224 ) ;
#3637 = EDGE_LOOP ( 'NONE', ( #2188, #3842, #1457, #2467 ) ) ;
#3638 = DIRECTION ( 'NONE',  ( 0.000000000000000000, 0.000000000000000000, 1.000000000000000000 ) ) ;
#3639 = EDGE_LOOP ( 'NONE', ( #933, #3907, #3313, #2049 ) ) ;
#3640 = DIRECTION ( 'NONE',  ( -0.000000000000000000, -0.000000000000000000, 1.000000000000000000 ) ) ;
#3641 = AXIS2_PLACEMENT_3D ( 'NONE', #341, #3162, #3141 ) ;
#3642 = DIRECTION ( 'NONE',  ( -1.000000000000000000, 0.000000000000000000, 0.000000000000000000 ) ) ;
#3643 = CIRCLE ( 'NONE', #3744, 32.00000000000001421 ) ;
#3644 = CIRCLE ( 'NONE', #813, 2.000000000000003553 ) ;
#3645 = VERTEX_POINT ( 'NONE', #1260 ) ;
#3646 = DIRECTION ( 'NONE',  ( -1.000000000000000000, 0.000000000000000000, 0.000000000000000000 ) ) ;
#3647 = DIRECTION ( 'NONE',  ( -0.000000000000000000, 1.000000000000000000, -0.000000000000000000 ) ) ;
#3648 = ORIENTED_EDGE ( 'NONE', *, *, #753, .T. ) ;
#3649 = CARTESIAN_POINT ( 'NONE',  ( 37.50000000000000711, 0.000000000000000000, 1.309305502066175324E-13 ) ) ;
#3650 = ORIENTED_EDGE ( 'NONE', *, *, #3728, .T. ) ;
#3651 = CIRCLE ( 'NONE', #1816, 8.000000000000000000 ) ;
#3652 = CARTESIAN_POINT ( 'NONE',  ( 21.16601048851673283, 118.0000000000000000, 24.00000000000001421 ) ) ;
#3653 = EDGE_LOOP ( 'NONE', ( #40, #11 ) ) ;
#3654 = CARTESIAN_POINT ( 'NONE',  ( 60.68842396779631798, 65.61458891806842075, 32.00000000000000711 ) ) ;
#3655 = CARTESIAN_POINT ( 'NONE',  ( 79.89473684210526017, 71.12545538302676107, -61.00000000000000000 ) ) ;
#3656 = EDGE_CURVE ( 'NONE', #1810, #1722, #2515, .T. ) ;
#3657 = CIRCLE ( 'NONE', #1883, 8.000000000000000000 ) ;
#3658 = ORIENTED_EDGE ( 'NONE', *, *, #2595, .F. ) ;
#3659 = DIRECTION ( 'NONE',  ( -1.000000000000000000, 0.000000000000000000, 0.000000000000000000 ) ) ;
#3660 = ADVANCED_FACE ( 'NONE', ( #334 ), #3351, .F. ) ;
#3661 = ORIENTED_EDGE ( 'NONE', *, *, #2176, .T. ) ;
#3662 = FACE_OUTER_BOUND ( 'NONE', #3287, .T. ) ;
#3663 = LINE ( 'NONE', #795, #3460 ) ;
#3664 = VERTEX_POINT ( 'NONE', #3971 ) ;
#3665 = DIRECTION ( 'NONE',  ( 0.000000000000000000, -1.000000000000000000, 0.000000000000000000 ) ) ;
#3666 = DIRECTION ( 'NONE',  ( 0.000000000000000000, 1.000000000000000000, 0.000000000000000000 ) ) ;
#3667 = AXIS2_PLACEMENT_3D ( 'NONE', #895, #2181, #1250 ) ;
#3668 = VERTEX_POINT ( 'NONE', #451 ) ;
#3669 = DIRECTION ( 'NONE',  ( 0.000000000000000000, 0.000000000000000000, -1.000000000000000000 ) ) ;
#3670 = CIRCLE ( 'NONE', #3732, 2.000000000000001776 ) ;
#3671 = DIRECTION ( 'NONE',  ( 0.000000000000000000, 0.000000000000000000, 1.000000000000000000 ) ) ;
#3672 = CIRCLE ( 'NONE', #2820, 18.00000000000000000 ) ;
#3673 = CARTESIAN_POINT ( 'NONE',  ( 60.00000000000000711, 64.83398951148326717, 32.00000000000001421 ) ) ;
#3674 = DIRECTION ( 'NONE',  ( -0.000000000000000000, -1.000000000000000000, -0.000000000000000000 ) ) ;
#3675 = ORIENTED_EDGE ( 'NONE', *, *, #3831, .F. ) ;
#3676 = ADVANCED_FACE ( 'NONE', ( #203 ), #183, .F. ) ;
#3677 = EDGE_CURVE ( 'NONE', #1167, #653, #632, .T. ) ;
#3678 = DIRECTION ( 'NONE',  ( 1.000000000000000000, 0.000000000000000000, 0.000000000000000000 ) ) ;
#3679 = VERTEX_POINT ( 'NONE', #517 ) ;
#3680 = CARTESIAN_POINT ( 'NONE',  ( 60.00000000000000711, 109.9999999999999858, 24.00000000000000000 ) ) ;
#3681 = EDGE_CURVE ( 'NONE', #2221, #1800, #2987, .T. ) ;
#3682 = ORIENTED_EDGE ( 'NONE', *, *, #2573, .F. ) ;
#3683 = EDGE_CURVE ( 'NONE', #274, #475, #752, .T. ) ;
#3684 = FACE_BOUND ( 'NONE', #2594, .T. ) ;
#3685 = FACE_OUTER_BOUND ( 'NONE', #2107, .T. ) ;
#3686 = CARTESIAN_POINT ( 'NONE',  ( 1.040834085586084257E-14, 52.97999199359360034, 0.000000000000000000 ) ) ;
#3687 = ORIENTED_EDGE ( 'NONE', *, *, #2253, .T. ) ;
#3688 = DIRECTION ( 'NONE',  ( 0.000000000000000000, 0.000000000000000000, 1.000000000000000000 ) ) ;
#3689 = CARTESIAN_POINT ( 'NONE',  ( 0.000000000000000000, 129.4749999999999943, 0.000000000000000000 ) ) ;
#3690 = DIRECTION ( 'NONE',  ( -1.000000000000000000, -2.312964634635742464E-16, 0.000000000000000000 ) ) ;
#3691 = DIRECTION ( 'NONE',  ( 1.000000000000000000, -0.000000000000000000, -0.000000000000000000 ) ) ;
#3692 = FACE_OUTER_BOUND ( 'NONE', #533, .T. ) ;
#3693 = ORIENTED_EDGE ( 'NONE', *, *, #993, .T. ) ;
#3694 = CARTESIAN_POINT ( 'NONE',  ( 37.50000000000000711, -2.000000000000000000, 1.309305502066175324E-13 ) ) ;
#3695 = VERTEX_POINT ( 'NONE', #1479 ) ;
#3696 = DIRECTION ( 'NONE',  ( 1.000000000000000000, 0.000000000000000000, 0.000000000000000000 ) ) ;
#3697 = CARTESIAN_POINT ( 'NONE',  ( 3.679568107019111523, 111.8320282861174064, -31.80108964775450886 ) ) ;
#3698 = AXIS2_PLACEMENT_3D ( 'NONE', #3120, #2466, #4044 ) ;
#3699 = VERTEX_POINT ( 'NONE', #1710 ) ;
#3700 = CIRCLE ( 'NONE', #2460, 2.000000000000001776 ) ;
#3701 = CARTESIAN_POINT ( 'NONE',  ( 53.09489223878101427, 58.93018755907915107, 31.40952585564119204 ) ) ;
#3702 = DIRECTION ( 'NONE',  ( 0.000000000000000000, 1.000000000000000000, 0.000000000000000000 ) ) ;
#3703 = CIRCLE ( 'NONE', #1528, 24.00000000000000000 ) ;
#3704 = EDGE_CURVE ( 'NONE', #2648, #1459, #2082, .T. ) ;
#3705 = AXIS2_PLACEMENT_3D ( 'NONE', #4015, #305, #1560 ) ;
#3706 = DIRECTION ( 'NONE',  ( -1.000000000000000000, 0.000000000000000000, 0.000000000000000000 ) ) ;
#3707 = ORIENTED_EDGE ( 'NONE', *, *, #3758, .T. ) ;
#3708 = DIRECTION ( 'NONE',  ( -0.000000000000000000, -0.000000000000000000, -1.000000000000000000 ) ) ;
#3709 = ADVANCED_FACE ( 'NONE', ( #1419 ), #223, .T. ) ;
#3710 = DIRECTION ( 'NONE',  ( 0.000000000000000000, 0.000000000000000000, -1.000000000000000000 ) ) ;
#3711 = CARTESIAN_POINT ( 'NONE',  ( 54.50000000000000000, 86.00000000000000000, 41.00000000000000711 ) ) ;
#3712 = DIRECTION ( 'NONE',  ( -0.000000000000000000, 1.000000000000000000, -0.000000000000000000 ) ) ;
#3713 = VERTEX_POINT ( 'NONE', #3993 ) ;
#3714 = CARTESIAN_POINT ( 'NONE',  ( 0.000000000000000000, 0.000000000000000000, -37.50000000000000711 ) ) ;
#3715 = VERTEX_POINT ( 'NONE', #3620 ) ;
#3716 = CARTESIAN_POINT ( 'NONE',  ( 0.000000000000000000, 131.0000000000000000, 0.000000000000000000 ) ) ;
#3717 = CARTESIAN_POINT ( 'NONE',  ( 2.302993383842161013, 111.1495585566656814, -31.92034386615624086 ) ) ;
#3718 = ORIENTED_EDGE ( 'NONE', *, *, #2431, .F. ) ;
#3719 = DIRECTION ( 'NONE',  ( 0.000000000000000000, 0.000000000000000000, 1.000000000000000000 ) ) ;
#3720 = AXIS2_PLACEMENT_3D ( 'NONE', #2654, #3906, #2673 ) ;
#3721 = ORIENTED_EDGE ( 'NONE', *, *, #732, .F. ) ;
#3722 = CARTESIAN_POINT ( 'NONE',  ( 36.00000000000000000, 86.00000000000000000, -75.00000000000000000 ) ) ;
#3723 = DIRECTION ( 'NONE',  ( 1.224646799147353207E-16, 0.000000000000000000, -1.000000000000000000 ) ) ;
#3724 = ORIENTED_EDGE ( 'NONE', *, *, #404, .T. ) ;
#3725 = LINE ( 'NONE', #2803, #3980 ) ;
#3726 = EDGE_CURVE ( 'NONE', #2648, #192, #1621, .T. ) ;
#3727 = CIRCLE ( 'NONE', #445, 2.000000000000001776 ) ;
#3728 = EDGE_CURVE ( 'NONE', #2336, #411, #2480, .T. ) ;
#3729 = VECTOR ( 'NONE', #545, 1000.000000000000000 ) ;
#3730 = DIRECTION ( 'NONE',  ( 0.000000000000000000, -1.000000000000000000, 0.000000000000000000 ) ) ;
#3731 = DIRECTION ( 'NONE',  ( 0.000000000000000000, 0.000000000000000000, 1.000000000000000000 ) ) ;
#3732 = AXIS2_PLACEMENT_3D ( 'NONE', #624, #375, #314 ) ;
#3733 = VERTEX_POINT ( 'NONE', #3576 ) ;
#3734 = CARTESIAN_POINT ( 'NONE',  ( 74.00000000000000000, 86.00000000000000000, -73.00000000000000000 ) ) ;
#3735 = EDGE_LOOP ( 'NONE', ( #1951, #1045, #3535, #3099 ) ) ;
#3736 = CARTESIAN_POINT ( 'NONE',  ( -2.618611004132350648E-13, -2.000000000000000000, 43.50000000000000711 ) ) ;
#3737 = AXIS2_PLACEMENT_3D ( 'NONE', #1882, #2190, #3811 ) ;
#3738 = DIRECTION ( 'NONE',  ( -0.000000000000000000, -0.000000000000000000, 1.000000000000000000 ) ) ;
#3739 = VERTEX_POINT ( 'NONE', #3030 ) ;
#3740 = CARTESIAN_POINT ( 'NONE',  ( 63.80377651546390183, 86.00000000000000000, -61.00000000000000000 ) ) ;
#3741 = ORIENTED_EDGE ( 'NONE', *, *, #190, .F. ) ;
#3742 = CARTESIAN_POINT ( 'NONE',  ( 36.00000000000001421, 86.00000000000000000, 45.00000000000001421 ) ) ;
#3743 = DIRECTION ( 'NONE',  ( -0.000000000000000000, 1.000000000000000000, -0.000000000000000000 ) ) ;
#3744 = AXIS2_PLACEMENT_3D ( 'NONE', #1912, #346, #1602 ) ;
#3745 = ORIENTED_EDGE ( 'NONE', *, *, #1897, .F. ) ;
#3746 = DIRECTION ( 'NONE',  ( 0.000000000000000000, 1.000000000000000000, 0.000000000000000000 ) ) ;
#3747 = CARTESIAN_POINT ( 'NONE',  ( 36.46163907048127584, 117.9975010890633484, 24.23081950414736596 ) ) ;
#3748 = PLANE ( 'NONE',  #1547 ) ;
#3749 = AXIS2_PLACEMENT_3D ( 'NONE', #909, #3985, #1165 ) ;
#3750 = CARTESIAN_POINT ( 'NONE',  ( 24.21052631578947967, 115.7490892339464352, -73.00000000000000000 ) ) ;
#3751 = CARTESIAN_POINT ( 'NONE',  ( 0.000000000000000000, 130.5000000000000000, 0.000000000000000000 ) ) ;
#3752 = EDGE_CURVE ( 'NONE', #3349, #1800, #238, .T. ) ;
#3753 = EDGE_CURVE ( 'NONE', #1047, #3715, #1090, .T. ) ;
#3754 = ORIENTED_EDGE ( 'NONE', *, *, #3776, .T. ) ;
#3755 = DIRECTION ( 'NONE',  ( -0.000000000000000000, -1.000000000000000000, -0.000000000000000000 ) ) ;
#3756 = ORIENTED_EDGE ( 'NONE', *, *, #283, .F. ) ;
#3757 = DIRECTION ( 'NONE',  ( 0.000000000000000000, 0.000000000000000000, 1.000000000000000000 ) ) ;
#3758 = EDGE_CURVE ( 'NONE', #1564, #3335, #2743, .T. ) ;
#3759 = ORIENTED_EDGE ( 'NONE', *, *, #3578, .T. ) ;
#3760 = EDGE_LOOP ( 'NONE', ( #3331, #2164 ) ) ;
#3761 = FACE_OUTER_BOUND ( 'NONE', #3241, .T. ) ;
#3762 = CARTESIAN_POINT ( 'NONE',  ( 0.000000000000000000, 0.000000000000000000, 0.000000000000000000 ) ) ;
#3763 = MECHANICAL_DESIGN_GEOMETRIC_PRESENTATION_REPRESENTATION (  '', ( #2782 ), #1266 ) ;
#3764 = ORIENTED_EDGE ( 'NONE', *, *, #310, .F. ) ;
#3765 = AXIS2_PLACEMENT_3D ( 'NONE', #1328, #1016, #3160 ) ;
#3766 = CARTESIAN_POINT ( 'NONE',  ( 48.73437628453974924, 115.3730706889423203, 29.95037190341222910 ) ) ;
#3767 = CARTESIAN_POINT ( 'NONE',  ( 1.898202538678396769E-15, 44.00000000000000711, 15.49999999999999289 ) ) ;
#3768 = VECTOR ( 'NONE', #1721, 1000.000000000000000 ) ;
#3769 = AXIS2_PLACEMENT_3D ( 'NONE', #2969, #474, #1135 ) ;
#3770 = DIRECTION ( 'NONE',  ( -0.000000000000000000, -1.000000000000000000, -0.000000000000000000 ) ) ;
#3771 = CYLINDRICAL_SURFACE ( 'NONE', #1182, 32.00000000000001421 ) ;
#3772 = LINE ( 'NONE', #2218, #2215 ) ;
#3773 = VECTOR ( 'NONE', #1801, 1000.000000000000000 ) ;
#3774 = ORIENTED_EDGE ( 'NONE', *, *, #2874, .F. ) ;
#3775 = CARTESIAN_POINT ( 'NONE',  ( 60.00000000000000711, 59.99999999999999289, -26.00000000000000000 ) ) ;
#3776 = EDGE_CURVE ( 'NONE', #650, #2694, #3663, .T. ) ;
#3777 = ORIENTED_EDGE ( 'NONE', *, *, #3421, .F. ) ;
#3778 = FACE_OUTER_BOUND ( 'NONE', #1001, .T. ) ;
#3779 = LINE ( 'NONE', #2245, #459 ) ;
#3780 = AXIS2_PLACEMENT_3D ( 'NONE', #384, #1333, #2586 ) ;
#3781 = ADVANCED_FACE ( 'NONE', ( #2056 ), #3071, .F. ) ;
#3782 = LINE ( 'NONE', #3454, #2588 ) ;
#3783 = ORIENTED_EDGE ( 'NONE', *, *, #1239, .F. ) ;
#3784 = CARTESIAN_POINT ( 'NONE',  ( 0.000000000000000000, 14.59550623364643407, 0.000000000000000000 ) ) ;
#3785 = CARTESIAN_POINT ( 'NONE',  ( 0.9227754446793026144, 61.53873374746818570, -31.98752369369509196 ) ) ;
#3786 = ORIENTED_EDGE ( 'NONE', *, *, #1321, .T. ) ;
#3787 = AXIS2_PLACEMENT_3D ( 'NONE', #2580, #3466, #1614 ) ;
#3788 = LINE ( 'NONE', #1880, #2140 ) ;
#3789 = CARTESIAN_POINT ( 'NONE',  ( 8.196223484536091064, 86.00000000000000000, -61.00000000000000000 ) ) ;
#3790 = DIRECTION ( 'NONE',  ( -2.312964634635742464E-16, 1.000000000000000000, 0.000000000000000000 ) ) ;
#3791 = CARTESIAN_POINT ( 'NONE',  ( 62.00000000000000000, 109.9999999999999858, -24.00000000000000000 ) ) ;
#3792 = CARTESIAN_POINT ( 'NONE',  ( 60.00000000000001421, 86.00000000000000000, 41.00000000000000711 ) ) ;
#3793 = CIRCLE ( 'NONE', #3602, 32.00000000000000711 ) ;
#3794 = FACE_OUTER_BOUND ( 'NONE', #3324, .T. ) ;
#3795 = ORIENTED_EDGE ( 'NONE', *, *, #3850, .T. ) ;
#3796 = DIRECTION ( 'NONE',  ( 0.3684210526315770950, 0.9296590385608267670, 0.000000000000000000 ) ) ;
#3797 = DIRECTION ( 'NONE',  ( 0.000000000000000000, 0.000000000000000000, 1.000000000000000000 ) ) ;
#3798 = VECTOR ( 'NONE', #2320, 1000.000000000000000 ) ;
#3799 = EDGE_CURVE ( 'NONE', #2780, #814, #3925, .T. ) ;
#3800 = EDGE_CURVE ( 'NONE', #1113, #3349, #2698, .T. ) ;
#3801 = ORIENTED_EDGE ( 'NONE', *, *, #806, .T. ) ;
#3802 = CARTESIAN_POINT ( 'NONE',  ( 60.00000000000000711, 109.9999999999999858, -24.00000000000000000 ) ) ;
#3803 = AXIS2_PLACEMENT_3D ( 'NONE', #129, #107, #2930 ) ;
#3804 = ORIENTED_EDGE ( 'NONE', *, *, #2280, .F. ) ;
#3805 = CARTESIAN_POINT ( 'NONE',  ( 47.05263157894735571, 113.8897711568247786, -63.00000000000000000 ) ) ;
#3806 = ADVANCED_FACE ( 'NONE', ( #1926, #2909 ), #3138, .F. ) ;
#3807 = DIRECTION ( 'NONE',  ( -1.000000000000000000, -0.000000000000000000, -0.000000000000000000 ) ) ;
#3808 = EDGE_CURVE ( 'NONE', #2319, #85, #2674, .T. ) ;
#3809 = ORIENTED_EDGE ( 'NONE', *, *, #1296, .T. ) ;
#3810 = CYLINDRICAL_SURFACE ( 'NONE', #3178, 2.000000000000003553 ) ;
#3811 = DIRECTION ( 'NONE',  ( 0.000000000000000000, 0.000000000000000000, 1.000000000000000000 ) ) ;
#3812 = CARTESIAN_POINT ( 'NONE',  ( 0.000000000000000000, 34.00000000000000000, -18.00000000000000000 ) ) ;
#3813 = DIRECTION ( 'NONE',  ( -0.000000000000000000, 0.000000000000000000, 1.000000000000000000 ) ) ;
#3814 = DIRECTION ( 'NONE',  ( 0.000000000000000000, 1.000000000000000000, 0.000000000000000000 ) ) ;
#3815 = AXIS2_PLACEMENT_3D ( 'NONE', #47, #69, #2562 ) ;
#3816 = ORIENTED_EDGE ( 'NONE', *, *, #786, .T. ) ;
#3817 = DIRECTION ( 'NONE',  ( 0.000000000000000000, 0.000000000000000000, 1.000000000000000000 ) ) ;
#3818 = DIRECTION ( 'NONE',  ( -0.000000000000000000, -0.000000000000000000, -1.000000000000000000 ) ) ;
#3819 = ORIENTED_EDGE ( 'NONE', *, *, #190, .T. ) ;
#3820 = CARTESIAN_POINT ( 'NONE',  ( 38.30299338384219965, 54.07965613384379111, 25.14955855666567430 ) ) ;
#3821 = EDGE_LOOP ( 'NONE', ( #2146, #2982, #858, #2741 ) ) ;
#3822 = CARTESIAN_POINT ( 'NONE',  ( -12.77961241844522533, 32.24756595544628368, -73.00000000000000000 ) ) ;
#3823 = CARTESIAN_POINT ( 'NONE',  ( 14.49076596690331620, 55.39718793069128822, -28.54749240732512661 ) ) ;
#3824 = ORIENTED_EDGE ( 'NONE', *, *, #3704, .F. ) ;
#3825 = DIRECTION ( 'NONE',  ( 0.000000000000000000, 0.000000000000000000, -1.000000000000000000 ) ) ;
#3826 = ADVANCED_FACE ( 'NONE', ( #3181 ), #2241, .F. ) ;
#3827 = PLANE ( 'NONE',  #2238 ) ;
#3828 = CIRCLE ( 'NONE', #1070, 24.00000000000000000 ) ;
#3829 = VECTOR ( 'NONE', #1995, 1000.000000000000000 ) ;
#3830 = ORIENTED_EDGE ( 'NONE', *, *, #1796, .T. ) ;
#3831 = EDGE_CURVE ( 'NONE', #3579, #2523, #1687, .T. ) ;
#3832 = AXIS2_PLACEMENT_3D ( 'NONE', #696, #393, #1360 ) ;
#3833 = DIRECTION ( 'NONE',  ( -0.000000000000000000, 0.000000000000000000, 1.000000000000000000 ) ) ;
#3834 = VECTOR ( 'NONE', #1662, 1000.000000000000000 ) ;
#3835 = FACE_OUTER_BOUND ( 'NONE', #1976, .T. ) ;
#3836 = CARTESIAN_POINT ( 'NONE',  ( -2.618611004132350648E-13, 11.99999999999999822, 37.50000000000000711 ) ) ;
#3837 = AXIS2_PLACEMENT_3D ( 'NONE', #246, #4052, #3150 ) ;
#3838 = CARTESIAN_POINT ( 'NONE',  ( 0.000000000000000000, 34.00000000000000000, 0.000000000000000000 ) ) ;
#3839 = ORIENTED_EDGE ( 'NONE', *, *, #237, .F. ) ;
#3840 = DIRECTION ( 'NONE',  ( 0.9296590385608257678, -0.3684210526315797041, -2.556434596176350141E-15 ) ) ;
#3841 = DIRECTION ( 'NONE',  ( 0.000000000000000000, 0.000000000000000000, 1.000000000000000000 ) ) ;
#3842 = ORIENTED_EDGE ( 'NONE', *, *, #2305, .T. ) ;
#3843 = DIRECTION ( 'NONE',  ( 0.000000000000000000, 1.000000000000000000, 0.000000000000000000 ) ) ;
#3844 = EDGE_LOOP ( 'NONE', ( #3005, #1443, #407 ) ) ;
#3845 = DIRECTION ( 'NONE',  ( -0.3684210526315808698, 0.9296590385608252127, 0.000000000000000000 ) ) ;
#3846 = TOROIDAL_SURFACE ( 'NONE', #623, 24.00000000000001421, 2.000000000000000000 ) ;
#3847 = EDGE_LOOP ( 'NONE', ( #2438, #2875, #3901, #3284 ) ) ;
#3848 = FACE_OUTER_BOUND ( 'NONE', #171, .T. ) ;
#3849 = ORIENTED_EDGE ( 'NONE', *, *, #3153, .T. ) ;
#3850 = EDGE_CURVE ( 'NONE', #3606, #3592, #3486, .T. ) ;
#3851 = ADVANCED_FACE ( 'NONE', ( #2521 ), #360, .T. ) ;
#3852 = CARTESIAN_POINT ( 'NONE',  ( 21.16601048851673283, 54.00000000000000711, 24.00000000000001421 ) ) ;
#3853 = VECTOR ( 'NONE', #1754, 1000.000000000000000 ) ;
#3854 = FACE_OUTER_BOUND ( 'NONE', #3653, .T. ) ;
#3855 = CARTESIAN_POINT ( 'NONE',  ( -2.000000000000001776, 86.00000000000000000, -73.00000000000000000 ) ) ;
#3856 = PLANE ( 'NONE',  #3787 ) ;
#3857 = EDGE_CURVE ( 'NONE', #145, #3991, #626, .T. ) ;
#3858 = CARTESIAN_POINT ( 'NONE',  ( -37.50000000000001421, 0.000000000000000000, -3.927916506198525466E-13 ) ) ;
#3859 = ORIENTED_EDGE ( 'NONE', *, *, #3277, .T. ) ;
#3860 = CARTESIAN_POINT ( 'NONE',  ( 57.16601048851675415, 62.00000000000000711, 32.00000000000001421 ) ) ;
#3861 = DIRECTION ( 'NONE',  ( -0.000000000000000000, 1.000000000000000000, -0.000000000000000000 ) ) ;
#3862 = AXIS2_PLACEMENT_3D ( 'NONE', #1867, #3696, #3122 ) ;
#3863 = ORIENTED_EDGE ( 'NONE', *, *, #3130, .T. ) ;
#3864 =( NAMED_UNIT ( * ) PLANE_ANGLE_UNIT ( ) SI_UNIT ( $, .RADIAN. ) );
#3865 = VERTEX_POINT ( 'NONE', #2257 ) ;
#3866 = FACE_OUTER_BOUND ( 'NONE', #2584, .T. ) ;
#3867 = VECTOR ( 'NONE', #3691, 1000.000000000000000 ) ;
#3868 = AXIS2_PLACEMENT_3D ( 'NONE', #105, #3891, #559 ) ;
#3869 = AXIS2_PLACEMENT_3D ( 'NONE', #2502, #2561, #1633 ) ;
#3870 = EDGE_LOOP ( 'NONE', ( #3428, #3294, #1745, #146 ) ) ;
#3871 = FACE_OUTER_BOUND ( 'NONE', #3266, .T. ) ;
#3872 = EDGE_LOOP ( 'NONE', ( #1063, #3567, #3232, #1845 ) ) ;
#3873 = DIRECTION ( 'NONE',  ( -1.000000000000000000, 0.000000000000000000, 0.000000000000000000 ) ) ;
#3874 = AXIS2_PLACEMENT_3D ( 'NONE', #2368, #2051, #1456 ) ;
#3875 = DIRECTION ( 'NONE',  ( -0.000000000000000000, -1.000000000000000000, -0.000000000000000000 ) ) ;
#3876 = DIRECTION ( 'NONE',  ( 0.000000000000000000, 0.000000000000000000, 1.000000000000000000 ) ) ;
#3877 = ORIENTED_EDGE ( 'NONE', *, *, #2205, .F. ) ;
#3878 = CARTESIAN_POINT ( 'NONE',  ( 0.000000000000000000, 34.00000000000000000, 0.000000000000000000 ) ) ;
#3879 = DIRECTION ( 'NONE',  ( 0.000000000000000000, 0.000000000000000000, -1.000000000000000000 ) ) ;
#3880 = ADVANCED_FACE ( 'NONE', ( #3524 ), #3856, .F. ) ;
#3881 = ORIENTED_EDGE ( 'NONE', *, *, #2280, .T. ) ;
#3882 = CARTESIAN_POINT ( 'NONE',  ( 36.00000000000001421, 54.00000000000000000, 24.00000000000002132 ) ) ;
#3883 = EDGE_CURVE ( 'NONE', #1871, #550, #1821, .T. ) ;
#3884 = ORIENTED_EDGE ( 'NONE', *, *, #2776, .F. ) ;
#3885 = DIRECTION ( 'NONE',  ( 0.000000000000000000, 1.000000000000000000, 0.000000000000000000 ) ) ;
#3886 = ORIENTED_EDGE ( 'NONE', *, *, #1341, .T. ) ;
#3887 = DIRECTION ( 'NONE',  ( -0.000000000000000000, 1.000000000000000000, -0.000000000000000000 ) ) ;
#3888 = DIRECTION ( 'NONE',  ( -0.000000000000000000, -1.000000000000000000, -0.000000000000000000 ) ) ;
#3889 = ADVANCED_FACE ( 'NONE', ( #1886 ), #1288, .F. ) ;
#3890 = ORIENTED_EDGE ( 'NONE', *, *, #1370, .F. ) ;
#3891 = DIRECTION ( 'NONE',  ( 0.000000000000000000, 1.000000000000000000, 0.000000000000000000 ) ) ;
#3892 = DIRECTION ( 'NONE',  ( 0.000000000000000000, 1.000000000000000000, 0.000000000000000000 ) ) ;
#3893 = AXIS2_PLACEMENT_3D ( 'NONE', #219, #3065, #2756 ) ;
#3894 = DIRECTION ( 'NONE',  ( -0.000000000000000000, -0.000000000000000000, -1.000000000000000000 ) ) ;
#3895 = AXIS2_PLACEMENT_3D ( 'NONE', #1330, #1268, #4066 ) ;
#3896 = TOROIDAL_SURFACE ( 'NONE', #2582, 28.77200187265877673, 4.000000000000000000 ) ;
#3897 = DIRECTION ( 'NONE',  ( 0.000000000000000000, 0.000000000000000000, -1.000000000000000000 ) ) ;
#3898 = ORIENTED_EDGE ( 'NONE', *, *, #1313, .F. ) ;
#3899 = CARTESIAN_POINT ( 'NONE',  ( 21.16601048851673639, 118.0000000000000000, -24.00000000000001066 ) ) ;
#3900 = CARTESIAN_POINT ( 'NONE',  ( 74.00000000000000000, 86.00000000000000000, -61.00000000000000000 ) ) ;
#3901 = ORIENTED_EDGE ( 'NONE', *, *, #1699, .F. ) ;
#3902 = ADVANCED_FACE ( 'NONE', ( #2872 ), #2279, .F. ) ;
#3903 = AXIS2_PLACEMENT_3D ( 'NONE', #3230, #715, #2864 ) ;
#3904 = ORIENTED_EDGE ( 'NONE', *, *, #2040, .F. ) ;
#3905 = CARTESIAN_POINT ( 'NONE',  ( 67.99999999999998579, 86.00000000000000000, -61.00000000000000000 ) ) ;
#3906 = DIRECTION ( 'NONE',  ( -0.000000000000000000, -0.000000000000000000, 1.000000000000000000 ) ) ;
#3907 = ORIENTED_EDGE ( 'NONE', *, *, #1296, .F. ) ;
#3908 = AXIS2_PLACEMENT_3D ( 'NONE', #1855, #1302, #991 ) ;
#3909 = CARTESIAN_POINT ( 'NONE',  ( 0.000000000000000000, 0.000000000000000000, 0.000000000000000000 ) ) ;
#3910 = DIRECTION ( 'NONE',  ( 1.000000000000000000, 2.312964634635742464E-16, 0.000000000000000000 ) ) ;
#3911 = ORIENTED_EDGE ( 'NONE', *, *, #3752, .T. ) ;
#3912 = CARTESIAN_POINT ( 'NONE',  ( 9.161443625613539865, 57.56396177502930556, 30.67502536169180161 ) ) ;
#3913 = ORIENTED_EDGE ( 'NONE', *, *, #1156, .T. ) ;
#3914 = DIRECTION ( 'NONE',  ( -1.000000000000000000, 0.000000000000000000, 0.000000000000000000 ) ) ;
#3915 = CARTESIAN_POINT ( 'NONE',  ( 0.000000000000000000, -2.000000000000000000, 0.000000000000000000 ) ) ;
#3916 = AXIS2_PLACEMENT_3D ( 'NONE', #1730, #471, #3642 ) ;
#3917 = DIRECTION ( 'NONE',  ( -0.000000000000000000, -0.000000000000000000, -1.000000000000000000 ) ) ;
#3918 = ORIENTED_EDGE ( 'NONE', *, *, #2253, .F. ) ;
#3919 = DIRECTION ( 'NONE',  ( 0.000000000000000000, 0.000000000000000000, 1.000000000000000000 ) ) ;
#3920 = DIRECTION ( 'NONE',  ( -1.000000000000000000, 0.000000000000000000, 0.000000000000000000 ) ) ;
#3921 = VERTEX_POINT ( 'NONE', #1264 ) ;
#3922 = CARTESIAN_POINT ( 'NONE',  ( 37.50000000000000711, -2.000000000000000000, 6.000000000000130562 ) ) ;
#3923 = ORIENTED_EDGE ( 'NONE', *, *, #3451, .F. ) ;
#3924 = DIRECTION ( 'NONE',  ( 0.000000000000000000, -0.000000000000000000, -1.000000000000000000 ) ) ;
#3925 = LINE ( 'NONE', #497, #3853 ) ;
#3926 = AXIS2_PLACEMENT_3D ( 'NONE', #1418, #2965, #429 ) ;
#3927 = EDGE_CURVE ( 'NONE', #2057, #1390, #3200, .T. ) ;
#3928 = EDGE_LOOP ( 'NONE', ( #205, #894, #3650, #2838 ) ) ;
#3929 = CARTESIAN_POINT ( 'NONE',  ( 60.00000000000000711, 62.00000000000000711, -32.00000000000002842 ) ) ;
#3930 = VECTOR ( 'NONE', #2751, 1000.000000000000000 ) ;
#3931 = DIRECTION ( 'NONE',  ( 0.000000000000000000, 0.000000000000000000, -1.000000000000000000 ) ) ;
#3932 = EDGE_CURVE ( 'NONE', #1047, #180, #3772, .T. ) ;
#3933 = EDGE_CURVE ( 'NONE', #34, #2984, #399, .T. ) ;
#3934 = CIRCLE ( 'NONE', #905, 18.00000000000001421 ) ;
#3935 = ORIENTED_EDGE ( 'NONE', *, *, #2232, .T. ) ;
#3936 = CARTESIAN_POINT ( 'NONE',  ( 14.49075955455389497, 55.39719016058315759, 28.54749569003875465 ) ) ;
#3937 = ORIENTED_EDGE ( 'NONE', *, *, #2624, .T. ) ;
#3938 = CONICAL_SURFACE ( 'NONE', #1636, 19.52500000000000213, 0.7853981633974583820 ) ;
#3939 = CARTESIAN_POINT ( 'NONE',  ( 0.000000000000000000, 0.000000000000000000, 50.00000000000001421 ) ) ;
#3940 = FACE_OUTER_BOUND ( 'NONE', #218, .T. ) ;
#3941 = CARTESIAN_POINT ( 'NONE',  ( 1.898202538678396374E-15, 45.02500000000001990, 15.49999999999998934 ) ) ;
#3942 = ORIENTED_EDGE ( 'NONE', *, *, #2805, .F. ) ;
#3943 = DIRECTION ( 'NONE',  ( 0.9296590385608261009, 0.3684210526315787049, 0.000000000000000000 ) ) ;
#3944 = LINE ( 'NONE', #1062, #1780 ) ;
#3945 = CIRCLE ( 'NONE', #2106, 24.00000000000000355 ) ;
#3946 = ORIENTED_EDGE ( 'NONE', *, *, #3076, .T. ) ;
#3947 = CARTESIAN_POINT ( 'NONE',  ( 31.40516967072245436, 54.31800124046041134, 26.28193888774237763 ) ) ;
#3948 = ORIENTED_EDGE ( 'NONE', *, *, #1613, .T. ) ;
#3949 = DIRECTION ( 'NONE',  ( 1.000000000000000000, 0.000000000000000000, -0.000000000000000000 ) ) ;
#3950 = CONICAL_SURFACE ( 'NONE', #2177, 24.02499999999999858, 0.7853981633974549403 ) ;
#3951 = ORIENTED_EDGE ( 'NONE', *, *, #3800, .F. ) ;
#3952 = DIRECTION ( 'NONE',  ( -0.000000000000000000, 1.000000000000000000, -0.000000000000000000 ) ) ;
#3953 = FACE_OUTER_BOUND ( 'NONE', #2651, .T. ) ;
#3954 = FACE_BOUND ( 'NONE', #1866, .T. ) ;
#3955 = ORIENTED_EDGE ( 'NONE', *, *, #1119, .F. ) ;
#3956 = CARTESIAN_POINT ( 'NONE',  ( 68.00000000000000000, 62.00000000000000711, -24.00000000000002487 ) ) ;
#3957 = EDGE_CURVE ( 'NONE', #2221, #1113, #2539, .T. ) ;
#3958 = VERTEX_POINT ( 'NONE', #3792 ) ;
#3959 = FACE_OUTER_BOUND ( 'NONE', #2970, .T. ) ;
#3960 = ADVANCED_FACE ( 'NONE', ( #977 ), #247, .T. ) ;
#3961 = ORIENTED_EDGE ( 'NONE', *, *, #3057, .F. ) ;
#3962 = CARTESIAN_POINT ( 'NONE',  ( 65.74046840116028534, 74.15059672739333507, 29.59430767076170454 ) ) ;
#3963 = CARTESIAN_POINT ( 'NONE',  ( 1.040834085586084257E-14, 26.80803129787094008, 0.000000000000000000 ) ) ;
#3964 = AXIS2_PLACEMENT_3D ( 'NONE', #1888, #1578, #1964 ) ;
#3965 = ORIENTED_EDGE ( 'NONE', *, *, #361, .T. ) ;
#3966 = FACE_OUTER_BOUND ( 'NONE', #1738, .T. ) ;
#3967 = ORIENTED_EDGE ( 'NONE', *, *, #2126, .F. ) ;
#3968 = LINE ( 'NONE', #3905, #1896 ) ;
#3969 = AXIS2_PLACEMENT_3D ( 'NONE', #3283, #132, #3876 ) ;
#3970 = B_SPLINE_CURVE_WITH_KNOTS ( 'NONE', 3,
 ( #3852, #2928, #458, #761, #1716, #2682, #3936, #2041, #1032, #1693, #3912, #3560, #3520, #737, #1407, #1999, #436, #1979, #699, #720, #3258, #2906 ),
 .UNSPECIFIED., .F., .F.,
 ( 4, 2, 2, 2, 2, 2, 2, 2, 2, 2, 4 ),
 ( 0.000000000000000000, 0.003078342865769897151, 0.006156685731539794301, 0.009235028597309687115, 0.01231337146307957993, 0.01539171432884947274, 0.01847005719461936382, 0.02154840006038925490, 0.02308757149327419697, 0.02385715720971667148, 0.02462674292615913904 ),
 .UNSPECIFIED. ) ;
#3971 = CARTESIAN_POINT ( 'NONE',  ( 92.00000000000000000, 86.00000000000000000, -63.00000000000000000 ) ) ;
#3972 = VECTOR ( 'NONE', #325, 1000.000000000000000 ) ;
#3973 = AXIS2_PLACEMENT_3D ( 'NONE', #1094, #844, #3355 ) ;
#3974 = ORIENTED_EDGE ( 'NONE', *, *, #1244, .F. ) ;
#3975 = CARTESIAN_POINT ( 'NONE',  ( 1.040834085586084257E-14, 26.80803129787094008, 0.000000000000000000 ) ) ;
#3976 = DIRECTION ( 'NONE',  ( 1.000000000000000000, 0.000000000000000000, 0.000000000000000000 ) ) ;
#3977 = AXIS2_PLACEMENT_3D ( 'NONE', #3626, #2424, #3669 ) ;
#3978 = ORIENTED_EDGE ( 'NONE', *, *, #3831, .T. ) ;
#3979 = PLANE ( 'NONE',  #1677 ) ;
#3980 = VECTOR ( 'NONE', #1238, 1000.000000000000000 ) ;
#3981 = CARTESIAN_POINT ( 'NONE',  ( 10.06293279962724085, 114.8371912192237545, 30.39146594206108887 ) ) ;
#3982 = ADVANCED_FACE ( 'NONE', ( #596 ), #845, .F. ) ;
#3983 = EDGE_CURVE ( 'NONE', #97, #2391, #3590, .T. ) ;
#3984 = DIRECTION ( 'NONE',  ( 0.000000000000000000, 0.000000000000000000, -1.000000000000000000 ) ) ;
#3985 = DIRECTION ( 'NONE',  ( 0.000000000000000000, -1.000000000000000000, 0.000000000000000000 ) ) ;
#3986 = EDGE_CURVE ( 'NONE', #4005, #1130, #1096, .T. ) ;
#3987 = EDGE_CURVE ( 'NONE', #3991, #1425, #3657, .T. ) ;
#3988 = AXIS2_PLACEMENT_3D ( 'NONE', #704, #1017, #30 ) ;
#3989 = VERTEX_POINT ( 'NONE', #575 ) ;
#3990 = CARTESIAN_POINT ( 'NONE',  ( 0.000000000000000000, 44.00000000000000711, -16.52499999999999858 ) ) ;
#3991 = VERTEX_POINT ( 'NONE', #2745 ) ;
#3992 = DIRECTION ( 'NONE',  ( 0.000000000000000000, -1.000000000000000000, 0.000000000000000000 ) ) ;
#3993 = CARTESIAN_POINT ( 'NONE',  ( 0.000000000000000000, 9.999999999999994671, 50.00000000000001421 ) ) ;
#3994 = EDGE_LOOP ( 'NONE', ( #1254, #2011, #2273, #788, #329, #1435, #3955 ) ) ;
#3995 = CIRCLE ( 'NONE', #2618, 2.000000000000001776 ) ;
#3996 = CARTESIAN_POINT ( 'NONE',  ( -7.894736842105278818, 100.8745446169732105, -63.00000000000000000 ) ) ;
#3997 = CARTESIAN_POINT ( 'NONE',  ( 3.796405077356797481E-15, 133.0000000000000000, 30.00000000000001421 ) ) ;
#3998 = VECTOR ( 'NONE', #3515, 1000.000000000000000 ) ;
#3999 = ORIENTED_EDGE ( 'NONE', *, *, #1779, .F. ) ;
#4000 = CARTESIAN_POINT ( 'NONE',  ( -8.000000000000008882, 86.00000000000000000, -61.00000000000000000 ) ) ;
#4001 = CARTESIAN_POINT ( 'NONE',  ( 6.423465350950494646, 113.1646968053298679, 31.36240749750335155 ) ) ;
#4002 = AXIS2_PLACEMENT_3D ( 'NONE', #740, #2001, #148 ) ;
#4003 = LINE ( 'NONE', #1184, #3867 ) ;
#4004 = DIRECTION ( 'NONE',  ( 1.000000000000000000, 1.445602896647339656E-16, 0.000000000000000000 ) ) ;
#4005 = VERTEX_POINT ( 'NONE', #1798 ) ;
#4006 = LINE ( 'NONE', #893, #2456 ) ;
#4007 = EDGE_CURVE ( 'NONE', #2137, #1683, #102, .T. ) ;
#4008 = EDGE_LOOP ( 'NONE', ( #986, #282 ) ) ;
#4009 = CARTESIAN_POINT ( 'NONE',  ( -37.50000000000001421, -2.000000000000000000, -6.000000000000391687 ) ) ;
#4010 = AXIS2_PLACEMENT_3D ( 'NONE', #3963, #2028, #1747 ) ;
#4011 = CARTESIAN_POINT ( 'NONE',  ( 62.00000000000000000, 109.9999999999999858, -26.00000000000000000 ) ) ;
#4012 = ORIENTED_EDGE ( 'NONE', *, *, #2595, .T. ) ;
#4013 = ADVANCED_FACE ( 'NONE', ( #2704, #3954, #3192, #350 ), #1916, .T. ) ;
#4014 = CARTESIAN_POINT ( 'NONE',  ( 53.93890044926153848, 59.48157134533259693, 31.61798718893688687 ) ) ;
#4015 = CARTESIAN_POINT ( 'NONE',  ( 36.00000000000000000, 86.00000000000000000, -75.00000000000000000 ) ) ;
#4016 = ORIENTED_EDGE ( 'NONE', *, *, #2199, .T. ) ;
#4017 = FACE_BOUND ( 'NONE', #3490, .T. ) ;
#4018 = CARTESIAN_POINT ( 'NONE',  ( 45.16145524686886148, 116.6750218645821207, 28.43604344376746340 ) ) ;
#4019 = CARTESIAN_POINT ( 'NONE',  ( 1.843537952607136488, 110.9207989008857567, 31.95017405978660463 ) ) ;
#4020 = DIRECTION ( 'NONE',  ( -0.000000000000000000, -0.000000000000000000, 1.000000000000000000 ) ) ;
#4021 = DIRECTION ( 'NONE',  ( -1.445602896647339656E-16, 1.000000000000000000, 0.000000000000000000 ) ) ;
#4022 = ORIENTED_EDGE ( 'NONE', *, *, #3726, .T. ) ;
#4023 = CARTESIAN_POINT ( 'NONE',  ( 36.00000000000000000, 86.00000000000000000, -73.00000000000000000 ) ) ;
#4024 = ORIENTED_EDGE ( 'NONE', *, *, #2411, .T. ) ;
#4025 = DIRECTION ( 'NONE',  ( -0.000000000000000000, 1.000000000000000000, -0.000000000000000000 ) ) ;
#4026 = CARTESIAN_POINT ( 'NONE',  ( 67.68200109688304167, 90.59481437143034555, 26.28193109463219912 ) ) ;
#4027 = CIRCLE ( 'NONE', #1140, 6.000000000000005329 ) ;
#4028 = VECTOR ( 'NONE', #3894, 1000.000000000000000 ) ;
#4029 = EDGE_CURVE ( 'NONE', #2895, #653, #4071, .T. ) ;
#4030 = VERTEX_POINT ( 'NONE', #3131 ) ;
#4031 = AXIS2_PLACEMENT_3D ( 'NONE', #1039, #3546, #1982 ) ;
#4032 = DIRECTION ( 'NONE',  ( 0.000000000000000000, -0.000000000000000000, -1.000000000000000000 ) ) ;
#4033 = DIRECTION ( 'NONE',  ( 0.000000000000000000, 0.000000000000000000, 1.000000000000000000 ) ) ;
#4034 = CIRCLE ( 'NONE', #2264, 5.999999999999998224 ) ;
#4035 = EDGE_CURVE ( 'NONE', #653, #1117, #1606, .T. ) ;
#4036 = AXIS2_PLACEMENT_3D ( 'NONE', #1464, #2720, #144 ) ;
#4037 = CARTESIAN_POINT ( 'NONE',  ( 0.000000000000000000, 133.0000000000000000, 0.000000000000000000 ) ) ;
#4038 = ORIENTED_EDGE ( 'NONE', *, *, #2650, .T. ) ;
#4039 = FACE_BOUND ( 'NONE', #2958, .T. ) ;
#4040 = LINE ( 'NONE', #1222, #1145 ) ;
#4041 = CARTESIAN_POINT ( 'NONE',  ( 65.37307068894230611, 73.26562371546030761, 29.95037190341222555 ) ) ;
#4042 = DIRECTION ( 'NONE',  ( 0.000000000000000000, 0.000000000000000000, 1.000000000000000000 ) ) ;
#4043 = ORIENTED_EDGE ( 'NONE', *, *, #1569, .T. ) ;
#4044 = DIRECTION ( 'NONE',  ( 0.000000000000000000, 0.000000000000000000, 1.000000000000000000 ) ) ;
#4045 = EDGE_LOOP ( 'NONE', ( #892, #1414, #1355 ) ) ;
#4046 = CARTESIAN_POINT ( 'NONE',  ( 80.63157894736841058, 69.26613730590511864, -63.00000000000000000 ) ) ;
#4047 = CARTESIAN_POINT ( 'NONE',  ( 60.00000000000000711, 54.00000000000000711, 24.00000000000001421 ) ) ;
#4048 = VERTEX_POINT ( 'NONE', #945 ) ;
#4049 = DIRECTION ( 'NONE',  ( 0.000000000000000000, 1.000000000000000000, 0.000000000000000000 ) ) ;
#4050 = AXIS2_PLACEMENT_3D ( 'NONE', #1944, #2299, #70 ) ;
#4051 = ORIENTED_EDGE ( 'NONE', *, *, #1467, .F. ) ;
#4052 = DIRECTION ( 'NONE',  ( -0.000000000000000000, 0.000000000000000000, -1.000000000000000000 ) ) ;
#4053 = ADVANCED_FACE ( 'NONE', ( #3516 ), #1877, .F. ) ;
#4054 = APPLICATION_PROTOCOL_DEFINITION ( 'draft international standard', 'automotive_design', 1998, #1795 ) ;
#4055 = ORIENTED_EDGE ( 'NONE', *, *, #1091, .T. ) ;
#4056 = CARTESIAN_POINT ( 'NONE',  ( 50.49076596690331087, 114.5474924073251373, 30.60281206930871534 ) ) ;
#4057 = EDGE_CURVE ( 'NONE', #192, #3288, #3395, .T. ) ;
#4058 = LINE ( 'NONE', #1284, #1442 ) ;
#4059 = AXIS2_PLACEMENT_3D ( 'NONE', #1110, #1380, #2985 ) ;
#4060 = AXIS2_PLACEMENT_3D ( 'NONE', #1807, #2463, #851 ) ;
#4061 = CARTESIAN_POINT ( 'NONE',  ( -13.51645452370838285, 34.10688403256794032, -63.00000000000000000 ) ) ;
#4062 = LINE ( 'NONE', #1510, #3218 ) ;
#4063 = CIRCLE ( 'NONE', #1376, 8.000000000000000000 ) ;
#4064 = CIRCLE ( 'NONE', #3213, 26.00000000000001776 ) ;
#4065 = EDGE_LOOP ( 'NONE', ( #1083, #3210, #3327, #1966 ) ) ;
#4066 = DIRECTION ( 'NONE',  ( 0.000000000000000000, 0.000000000000000000, -1.000000000000000000 ) ) ;
#4067 = ORIENTED_EDGE ( 'NONE', *, *, #2275, .F. ) ;
#4068 = DIRECTION ( 'NONE',  ( -0.9296590385608259899, -0.3684210526315789269, -0.000000000000000000 ) ) ;
#4069 = CARTESIAN_POINT ( 'NONE',  ( 64.54749569003875820, 100.4907595545538612, 30.60280983941684951 ) ) ;
#4070 = VERTEX_POINT ( 'NONE', #967 ) ;
#4071 = B_SPLINE_CURVE_WITH_KNOTS ( 'NONE', 3,
 ( #1320, #1562, #1541, #3785, #2496, #1626, #1898, #2187, #2823, #922, #3432, #2555, #3494, #989, #4075, #3823, #2885, #3479, #1587, #19, #1281, #3171 ),
 .UNSPECIFIED., .F., .F.,
 ( 4, 2, 2, 2, 2, 2, 2, 2, 2, 2, 4 ),
 ( -3.577709121779330126E-05, 0.0007342945286951821707, 0.001504366148608157500, 0.003044509388434099486, 0.006124795868085979554, 0.009205082347737860923, 0.01228536882738974316, 0.01536565530704162193, 0.01844594178669349896, 0.02152622826634538120, 0.02460651474599725996 ),
 .UNSPECIFIED. ) ;
#4072 = FACE_OUTER_BOUND ( 'NONE', #1139, .T. ) ;
#4073 = ORIENTED_EDGE ( 'NONE', *, *, #3758, .F. ) ;
#4074 = CARTESIAN_POINT ( 'NONE',  ( 80.63157894736841058, 102.7338626940948672, -61.00000000000000000 ) ) ;
#4075 = CARTESIAN_POINT ( 'NONE',  ( 12.73437628453973680, 56.04962809658777445, -29.37307068894228479 ) ) ;
#4076 = EDGE_LOOP ( 'NONE', ( #1900, #220, #2092, #1027 ) ) ;
ENDSEC;
END-ISO-10303-21;
